post_uid,post_key,post_set_seed,topic,subreddit,slot,author_model,oasis_post_id,post_type,subject,poster_voice,title,body,words,generation_seconds,generation_attempts,like_by_gemma4:e2b_users_pair,nothing_by_gemma4:e2b_users_pair,dislike_by_llama3.1:8b_users_pair,like_by_llama3.1:8b_users_pair,nothing_by_llama3.1:8b_users_pair,like_by_gemma4:e2b_users_scroll,nothing_by_gemma4:e2b_users_scroll,dislike_by_llama3.1:8b_users_scroll,like_by_llama3.1:8b_users_scroll,nothing_by_llama3.1:8b_users_scroll,dislike_by_gemma4:e2b_users_pair,dislike_by_gemma4:e2b_users_scroll
s20|r0|personal_finance|llama3.1:8b,r0|personal_finance|llama3.1:8b,20,personal_finance,r/personalfinance,1,llama3.1:8b,1.0,sharing a practical tip that worked,a monthly budget that finally worked,a 35-year-old single dad,Finally stuck to a budget that actually worked,"I've been trying to get my finances in order for years as a single dad. What finally clicked was tracking every single purchase, no matter how small, on a spreadsheet. I set aside 30% of my income for necessities and put the rest towards savings and debt repayment. It's not perfect but it's working so far. My oldest is even starting to help me with the budgeting process.",68,7.34,2,31.0,19.0,4.0,35.0,11.0,50.0,0.0,0.0,36.0,14.0,0.0,0.0
s20|r0|cars|llama3.1:8b,r0|cars|llama3.1:8b,20,cars,r/cars,1,llama3.1:8b,11.0,asking for a recommendation,EV versus hybrid for a long commute,a 52-year-old who just got divorced,Post-divorce purchase dilemma: EV vs hybrid for 120-mile daily commute,"Just went through a divorce and I'm finally free to buy myself a new car. The problem is my daily commute is around 120 miles each way. I've been thinking about switching to an electric vehicle, but I'm not sure if it's practical with the range anxiety. Alternatively, a hybrid seems like a more reliable choice. Can anyone recommend which one would be better suited for long road trips?",69,32.58,9,36.0,14.0,21.0,26.0,3.0,18.0,32.0,7.0,24.0,19.0,0.0,0.0
s20|r0|farming|llama3.1:8b,r0|farming|llama3.1:8b,20,farming,r/farming,1,llama3.1:8b,19.0,venting about something frustrating,getting young people into farming,a 30-year-old nurse working night shifts,Frustrated trying to get young people interested in farming,"I'm a nurse working night shifts and I wish I could be out on my family's farm, but it's hard to make ends meet. Trying to recruit younger folk is like pulling teeth. They all want to save the world, but none of them are willing to get their hands dirty. I've tried explaining how farming is just as important as any other job, but they just don't see it.",70,7.71,2,41.0,7.0,18.0,31.0,1.0,21.0,15.0,3.0,34.0,13.0,2.0,14.0
s20|r0|cooking|llama3.1:8b,r0|cooking|llama3.1:8b,20,cooking,r/cooking,1,llama3.1:8b,29.0,asking the community for advice,the best cheap kitchen tool,a 52-year-old who just got divorced,Cheap kitchen tool that's changed my life after divorce,"I'm trying to get back on my feet after a messy split. My cooking skills were always tied up with my ex, but I've been making an effort to cook for myself again. I need some advice on affordable kitchen tools that can help me out. What's the one tool or gadget you swear by and couldn't live without? Something that won't break the bank would be great.",68,7.11,2,4.0,44.0,10.0,36.0,4.0,12.0,38.0,0.0,37.0,13.0,2.0,0.0
s20|r0|tech|llama3.1:8b,r0|tech|llama3.1:8b,20,tech,r/technology,1,llama3.1:8b,39.0,asking for a recommendation,whether a new laptop is worth it,a 27-year-old who moved to a new city,New laptop worth it after moving to a new city?,"Just moved to a new city for work and I'm still getting settled. My current laptop is from 2015 and is starting to show its age. I've been doing some research but can't decide if it's worth the investment. I'll be using it mostly for work, browsing, and streaming. Anyone have any thoughts on whether a new laptop is necessary or if there are more budget-friendly options?",67,4.06,1,33.0,17.0,15.0,23.0,12.0,22.0,28.0,10.0,26.0,14.0,0.0,0.0
s20|r1|personal_finance|llama3.1:8b,r1|personal_finance|llama3.1:8b,20,personal_finance,r/personalfinance,2,llama3.1:8b,3.0,asking the community for advice,helping aging parents with money,a 45-year-old small-town mechanic,Helping aging parents with money without breaking the bank,"I'm at a loss for what to do. My folks are in their late 60s, living on a fixed income, and struggling to make ends meet. They're refusing to ask for help, but I can see they're barely scraping by. Do any of you have experience with this situation? Are there resources or services that I could use to support them without putting my own finances in jeopardy?",68,13.85,4,34.0,16.0,5.0,44.0,1.0,33.0,17.0,2.0,33.0,15.0,0.0,0.0
s20|r1|farming|llama3.1:8b,r1|farming|llama3.1:8b,20,farming,r/farming,2,llama3.1:8b,21.0,celebrating a small win,selling at a farmers market,a 70-year-old retired teacher,Finally sold my last basket of jam at market today!,"I'm beaming like a fool. Took three hours to get ready but it paid off. Had a line of people waiting by the time I arrived. Still can't believe how far my rhubarb has gone this summer. Made so much jam, gave some away and now I've got orders for next week's market too. My friend from down the road bought two jars for her family reunion.",67,31.77,9,26.0,24.0,5.0,41.0,4.0,26.0,24.0,0.0,30.0,20.0,0.0,0.0
s20|r1|cooking|llama3.1:8b,r1|cooking|llama3.1:8b,20,cooking,r/cooking,2,llama3.1:8b,31.0,sharing a practical tip that worked,a failed dinner party dish,a 35-year-old single dad,Overcoming soggy bottoms in homemade pizza crusts,"I was hosting dinner for my kid's friends last weekend and I tried a recipe that ended up being a disaster. The homemade pizza dough turned out too dense and the bottoms were burnt, but not just slightly burnt - totally ruined. After some troubleshooting, I realized the problem wasn't with the flour or yeast, it was with the pan I was using. Since switching to a preheated stone in my oven, all of my pizzas have turned out perfectly crispy and golden brown.",84,4.68,1,50.0,0.0,2.0,41.0,7.0,50.0,0.0,0.0,38.0,12.0,0.0,0.0
s20|r1|tech|llama3.1:8b,r1|tech|llama3.1:8b,20,tech,r/technology,2,llama3.1:8b,41.0,giving an opinion that some people will disagree with,switching from Windows to Mac,a 30-year-old nurse working night shifts,Mac fanboi alert: I've finally made the switch from Windows,"I just upgraded to a MacBook Pro after years of relying on my trusty old Dell laptop. I know, I know - it's been beaten into my head that Macs are overpriced and not worth the hassle. But honestly, the seamless integration with my iPhone and iPad has been a game-changer for me as a nurse who works night shifts and relies heavily on mobile apps to document patient info.",70,7.62,2,13.0,35.0,11.0,27.0,12.0,30.0,18.0,2.0,29.0,19.0,2.0,2.0
s20|r2|personal_finance|llama3.1:8b,r2|personal_finance|llama3.1:8b,20,personal_finance,r/personalfinance,3,llama3.1:8b,5.0,asking the community for advice,getting a raise and avoiding lifestyle creep,a 52-year-old who just got divorced,Post-Divorce Financial Reboot: Asking for Raise and Expense Guidance.,"After 10 years of marriage, I'm starting fresh at 52. Divorce settlement gave me a decent amount, but now I need to make ends meet on my own income. I've been with my current company for over a decade and have consistently delivered quality results. I'm thinking about asking for a raise, but I don't want to blow the excess cash on lifestyle upgrades that'll only increase expenses.",68,7.8,2,47.0,3.0,7.0,41.0,2.0,42.0,8.0,4.0,37.0,9.0,0.0,0.0
s20|r2|cars|llama3.1:8b,r2|cars|llama3.1:8b,20,cars,r/cars,3,llama3.1:8b,13.0,venting about something frustrating,the most reliable car ever owned,a 24-year-old in their first full-time job,My 2008 Honda Civic is still running strong after 170k miles.,"I just got back to my car from work today and the battery was dead. Again. This is like the 10th time this month. I'm starting to think it's a sign that I need a new car. My buddy has had his Toyota Camry for years and never even gets a flat tire. Meanwhile, I've got a Honda Civic that's been in the shop more times than I can count.",70,15.4,4,20.0,7.0,31.0,15.0,4.0,17.0,6.0,6.0,23.0,21.0,23.0,27.0
s20|r2|farming|llama3.1:8b,r2|farming|llama3.1:8b,20,farming,r/farming,3,llama3.1:8b,23.0,sharing a personal story or experience,switching to no-till,a 45-year-old small-town mechanic,Ditching my old tiller for no-till,"I've been a small-town mechanic for over 20 years but I also have about 10 acres of family land that's been in the family since the Depression. My dad was a big proponent of conventional tilling and it worked fine for us until we started getting some serious topsoil erosion issues. This year, I finally made the switch to no-till and it's been a game-changer. The soil retention is already noticeable and my garden looks healthier than ever.",78,18.12,5,50.0,0.0,0.0,46.0,4.0,50.0,0.0,0.0,37.0,13.0,0.0,0.0
s20|r2|cooking|llama3.1:8b,r2|cooking|llama3.1:8b,20,cooking,r/cooking,3,llama3.1:8b,33.0,giving an opinion that some people will disagree with,a family recipe finally recreated,a 27-year-old who moved to a new city,Family Recipe Finally Recreated But I'm Still Disappointed,"I've been trying to recreate my grandma's famous lasagna recipe since moving to a new city and finally succeeded, but it just doesn't taste the same. The flavors are off, the noodles overcooked... everything is just a bit too polished. Maybe it's because I made it in a different kitchen or maybe I'm just being sentimental, but honestly, it feels like a cheap imitation of what I used to love.",70,7.73,2,9.0,1.0,14.0,18.0,18.0,19.0,0.0,0.0,34.0,16.0,40.0,31.0
s20|r2|tech|llama3.1:8b,r2|tech|llama3.1:8b,20,tech,r/technology,3,llama3.1:8b,43.0,asking for a recommendation,setting up a home network,a 52-year-old who just got divorced,New to setting up a home network after divorce.,"I've just moved into a new place and I'm trying to set up my own home network for the first time. My wife handled all of this stuff when we were together, so I have no idea where to start. I've got a router and modem provided by my ISP, but that's about it. Can anyone recommend some good tools or software to help me get everything configured and secure?",70,3.96,1,7.0,43.0,17.0,31.0,2.0,23.0,27.0,3.0,29.0,18.0,0.0,0.0
s20|r3|personal_finance|llama3.1:8b,r3|personal_finance|llama3.1:8b,20,personal_finance,r/personalfinance,4,llama3.1:8b,7.0,asking for a recommendation,student loan repayment strategy,a 24-year-old in their first full-time job,Student Loan Repayment Strategy for a 24-year-old Starter Salary,"Just started my first full-time job and I'm trying to make sense of my student loan debt. I've got about $30k in federal loans with an interest rate around 4%. My monthly income is around $3,000. Should I go for the standard repayment plan or try to pay off the principal ASAP? Any advice from those who have been through similar situations would be appreciated.",65,11.17,3,40.0,10.0,7.0,36.0,7.0,41.0,9.0,1.0,30.0,19.0,0.0,0.0
s20|r3|cars|llama3.1:8b,r3|cars|llama3.1:8b,20,cars,r/cars,4,llama3.1:8b,15.0,sharing a practical tip that worked,towing a camper for the first time,a 35-year-old single dad,Towing a camper for the first time? Try this weight distribution hack!,"I was nervous about towing my daughter's camper trailer last weekend. After some research, I set up a weight distribution hitch with a ball and sway control bar. It made all the difference - smooth ride, no swaying at highway speeds. The key is to distribute the weight evenly between both axles. It took me an hour to set it up but trust me, worth the effort",67,4.02,1,50.0,0.0,7.0,37.0,6.0,50.0,0.0,2.0,31.0,17.0,0.0,0.0
s20|r3|farming|llama3.1:8b,r3|farming|llama3.1:8b,20,farming,r/farming,4,llama3.1:8b,25.0,giving an opinion that some people will disagree with,a bad hay year and feed costs,a 19-year-old college student,I'm done feeding my cows' expensive feed habits,"I've been trying to get into rotational grazing on my family's small farm for years, but some neighbors and even some older relatives think it's a bunch of nonsense. They're convinced our cattle need that cheap grain feed to keep them from wasting away. This year's hay crop disaster has me thinking they might be right - maybe it's time to rethink this whole 'grass is better' thing.",68,7.28,2,48.0,0.0,21.0,22.0,7.0,33.0,0.0,3.0,36.0,11.0,2.0,17.0
s20|r3|cooking|llama3.1:8b,r3|cooking|llama3.1:8b,20,cooking,r/cooking,4,llama3.1:8b,35.0,giving an opinion that some people will disagree with,cooking for a picky kid,a 70-year-old retired teacher,Picky Kids Need to Learn to Eat What's Put in Front of Them,"I'm a retired teacher and I have strong feelings about this. Cooking for a picky kid is a recipe for disaster, so to speak. My grandkids' parents try to cater to their every whim, serving separate meals and letting them pick what they want from the fridge. Newsflash: kids need structure and routine when it comes to mealtime. It's up to us to instill good eating habits in our young ones.",71,8.2,2,20.0,2.0,33.0,16.0,1.0,23.0,0.0,6.0,21.0,23.0,28.0,27.0
s20|r3|tech|llama3.1:8b,r3|tech|llama3.1:8b,20,tech,r/technology,4,llama3.1:8b,45.0,sharing a practical tip that worked,privacy settings everyone should change,a 41-year-old farmer,Simple privacy setting I recently changed on all my devices.,"I've been trying to reduce my online footprint as much as possible. One thing that's made a big difference is turning off location services for apps when not in use. It might seem small, but it's surprising how many apps still track your location even if you're not actively using them. I've turned this setting off on all my devices and it feels like I'm getting my privacy back.",69,30.25,9,49.0,1.0,13.0,32.0,5.0,50.0,0.0,1.0,28.0,21.0,0.0,0.0
s20|r4|personal_finance|llama3.1:8b,r4|personal_finance|llama3.1:8b,20,personal_finance,r/personalfinance,5,llama3.1:8b,9.0,asking for a recommendation,a car loan that turned out to be a mistake,a 70-year-old retired teacher,Retirement mistake: 70 year old needs help with car loan advice.,"I'm a retired teacher from Ohio. I bought a new car in 2015, took out a 5-year loan at 6% interest. Now the payments are over $300/month and I've paid off barely half of it after eight years. With Social Security only covering my living expenses, I need to downsize. Can anyone recommend a reputable company or organization that can help me consolidate or refinance this loan?",67,4.38,1,30.0,19.0,16.0,33.0,1.0,20.0,29.0,3.0,28.0,19.0,1.0,1.0
s20|r4|cars|llama3.1:8b,r4|cars|llama3.1:8b,20,cars,r/cars,5,llama3.1:8b,17.0,venting about something frustrating,a mechanic who ripped someone off,a 38-year-old parent of two,"Local mechanic overcharged me, ruined my trust in a business.","I took my Honda to Smith's Garage last week for a tune-up. They quoted me $200 and I trusted them because they're in our town since forever. They did the job but then said I needed a new water pump too, another $600! My wife and I smelled something fishy so we went back and they backed down. Still really irritated that they tried to scam us.",67,4.0,1,50.0,0.0,11.0,38.0,1.0,49.0,0.0,1.0,33.0,16.0,0.0,1.0
s20|r4|farming|llama3.1:8b,r4|farming|llama3.1:8b,20,farming,r/farming,5,llama3.1:8b,27.0,sharing a personal story or experience,raising backyard chickens,a 45-year-old small-town mechanic,Backyard Chickens for Beginners,"I'm a small-town mechanic who's been married to my wife Rachel for 15 years. She's always wanted chickens, so I finally caved and we got 3 egg-layers last spring. Let me tell you, it's been an education. The coop was a bigger project than I expected, but the girls are happy and our eggs have never tasted better. We're at about 1 dozen per week now.",66,13.86,4,47.0,3.0,4.0,39.0,7.0,44.0,6.0,2.0,32.0,16.0,0.0,0.0
s20|r4|cooking|llama3.1:8b,r4|cooking|llama3.1:8b,20,cooking,r/cooking,5,llama3.1:8b,37.0,sharing a personal story or experience,using up leftovers,a 70-year-old retired teacher,My grandmother's secret to using up leftovers was simple yet brilliant,"I remember as a child helping my grandmother cook in her tiny kitchen. She'd often whip up something new from last night's dinner, and I thought she was magic! Turns out it wasn't magic, but rather common sense. She just added the leftover meat to a big pot of simmering vegetables with some broth and spices. Out came a hearty stew, not too fancy, but nourishing nonetheless.",67,7.74,2,48.0,2.0,3.0,44.0,3.0,48.0,2.0,0.0,39.0,11.0,0.0,0.0
s20|r4|tech|llama3.1:8b,r4|tech|llama3.1:8b,20,tech,r/technology,5,llama3.1:8b,47.0,asking for a recommendation,a smart home setup that failed,a 27-year-old who moved to a new city,Smart home setup that failed in my new place - what went wrong?,"I just moved to a new city and set up an Alexa system to control lights, thermostat, and security cameras. I've tried the basic settings and routines, but it seems like everything is connected to each other's mics which causes constant feedback loops and some devices aren't even responding to voice commands. Can anyone recommend a smart home setup that works smoothly? Looking for something easy to install and configure.",70,4.1,1,38.0,3.0,17.0,30.0,3.0,29.0,3.0,10.0,28.0,12.0,9.0,18.0
s20|r0|personal_finance|gemma4:e2b,r0|personal_finance|gemma4:e2b,20,personal_finance,r/personalfinance,1,gemma4:e2b,2.0,sharing a practical tip that worked,a monthly budget that finally worked,a 35-year-old single dad,My monthly budget finally works now,Hey everyone I'm a 35-year-old single dad and I finally cracked a budget that sticks. I used a zero-based budgeting system where every dollar had a job before the month even started. I track everything super closely using a simple spreadsheet and I allocate money for necessities wants and savings right away. The key was being brutally honest about where my money was actually going instead of just guessing. It made a huge difference for me.,76,1.71,1,50.0,0.0,3.0,40.0,7.0,50.0,0.0,0.0,32.0,18.0,0.0,0.0
s20|r0|cars|gemma4:e2b,r0|cars|gemma4:e2b,20,cars,r/cars,1,gemma4:e2b,12.0,asking for a recommendation,EV versus hybrid for a long commute,a 52-year-old who just got divorced,EV or Hybrid for Long Commute Advice Needed,Hey everyone I'm in a bit of a tough spot trying to figure out what to get next. I'm planning a long daily commute and I'm really torn between going all electric or a hybrid setup. I need something reliable and I'm not sure which direction makes the most sense financially long term. Has anyone actually done the math on this for a long drive? Any real-world experiences would be super helpful right now.,74,1.7,1,44.0,6.0,13.0,24.0,13.0,27.0,23.0,7.0,29.0,14.0,0.0,0.0
s20|r0|farming|gemma4:e2b,r0|farming|gemma4:e2b,20,farming,r/farming,1,gemma4:e2b,20.0,venting about something frustrating,getting young people into farming,a 30-year-old nurse working night shifts,Why won't anyone want to farm anymore?,"I just don't get it. I see so much potential in the land, but there seems to be zero interest from the younger generation. It feels like farming is seen as some kind of dead end, something only old folks do. I wish there was more outreach, more hands-on opportunities, something to show them that it's a viable, interesting career path. It's really frustrating seeing that connection to the land fading away.",72,1.7,1,49.0,0.0,7.0,35.0,8.0,45.0,0.0,4.0,34.0,12.0,1.0,5.0
s20|r0|cooking|gemma4:e2b,r0|cooking|gemma4:e2b,20,cooking,r/cooking,1,gemma4:e2b,30.0,asking the community for advice,the best cheap kitchen tool,a 52-year-old who just got divorced,What is the best cheap kitchen tool?,Hey everyone I'm trying to get back into cooking but I'm on a pretty tight budget right now and I feel like I need some upgrades. I'm totally lost on what I should buy next. I've been looking at things like a good quality knife or maybe a better pan. Has anyone found a genuinely amazing and affordable tool that has totally changed how you cook? I'm open to anything practical.,71,1.61,1,25.0,22.0,3.0,39.0,8.0,20.0,30.0,1.0,35.0,14.0,3.0,0.0
s20|r0|tech|gemma4:e2b,r0|tech|gemma4:e2b,20,tech,r/technology,1,gemma4:e2b,40.0,asking for a recommendation,whether a new laptop is worth it,a 27-year-old who moved to a new city,"New city move, laptop recommendation needed",Hey everyone I just moved to this city and I'm in the market for a new laptop. I'm not sure if I should wait or jump in now since I don't know what I'll be doing yet. I'm looking for something reasonably powerful and portable for general use and some light content creation. Has anyone made a recent purchase and can tell me what they think about the value? Any specific models you'd recommend for a newcomer?,77,1.73,1,17.0,33.0,11.0,25.0,14.0,10.0,40.0,8.0,23.0,19.0,0.0,0.0
s20|r1|personal_finance|gemma4:e2b,r1|personal_finance|gemma4:e2b,20,personal_finance,r/personalfinance,2,gemma4:e2b,4.0,asking the community for advice,helping aging parents with money,a 45-year-old small-town mechanic,Help with managing aging parents' finances,Hey everyone I'm trying to figure out the best way to help my parents with their finances. They're getting older and things are getting a bit complicated. I'm not a financial expert at all and I'm not sure where to start. Has anyone dealt with this before? I'm looking for advice on setting up things or just general strategies. Any experience would be really helpful right now.,67,1.58,1,26.0,24.0,13.0,30.0,7.0,36.0,14.0,2.0,34.0,14.0,0.0,0.0
s20|r1|cars|gemma4:e2b,r1|cars|gemma4:e2b,20,cars,r/cars,2,gemma4:e2b,0.0,sharing a practical tip that worked,first road trip in a new car,a 61-year-old close to retirement,First road trip in a new car tip,Just got my first big road trip in this new vehicle and I wanted to share something. Don't try to pack everything you think you need on the first go. I ended up realizing I brought way too much stuff and it just made the drive feel sluggish and stressful. Start with just the essentials and see how you manage the rest. It really helped me relax and enjoy the drive instead of just rushing to get there.,78,1.63,1,0.0,0.0,0.0,0.0,0.0,0.0,0.0,0.0,0.0,0.0,0.0,0.0
s20|r1|farming|gemma4:e2b,r1|farming|gemma4:e2b,20,farming,r/farming,2,gemma4:e2b,22.0,celebrating a small win,selling at a farmers market,a 70-year-old retired teacher,Sold some zucchini at the market today,Well I finally got some sales at the farmers market this weekend. I brought a few extra zucchini from the garden and they sold pretty quickly. It feels good to see the hard work pay off even in small ways. I managed to sell most of what I brought. It's nice to connect with folks and share what we grow. A little bit of rural life and a little bit of success all rolled into one.,76,1.58,1,31.0,19.0,3.0,32.0,15.0,35.0,14.0,0.0,30.0,20.0,0.0,1.0
s20|r1|cooking|gemma4:e2b,r1|cooking|gemma4:e2b,20,cooking,r/cooking,2,gemma4:e2b,32.0,sharing a practical tip that worked,a failed dinner party dish,a 35-year-old single dad,Don't overcomplicate the sauce tonight,So I tried making a complex pan sauce for a dinner party last week and it was a total disaster. I got way too much liquid and it just tasted flat and weird. Next time I'm sticking to a simple reduction. Just use less liquid and taste often as you go. It's amazing how much better simple things taste when you keep the basics really good. Saved me a lot of stress tonight.,73,1.6,1,50.0,0.0,2.0,47.0,1.0,50.0,0.0,1.0,41.0,8.0,0.0,0.0
s20|r1|tech|gemma4:e2b,r1|tech|gemma4:e2b,20,tech,r/technology,2,gemma4:e2b,42.0,giving an opinion that some people will disagree with,switching from Windows to Mac,a 30-year-old nurse working night shifts,Windows vs Mac: My Night Shift Experience,"I'm a night shift nurse and I'm thinking about switching from Windows to a Mac. I know a lot of people swear by Windows for specific software, and I get that. But for my workflow, the integration and overall feel of macOS just make things smoother for me. I find the ecosystem really intuitive once you get used to it. It's not just about the brand; it's about how it fits into my demanding schedule and daily tasks. I think it's worth the adjustment for productivity.",86,1.87,1,38.0,12.0,3.0,39.0,8.0,29.0,20.0,2.0,28.0,20.0,0.0,1.0
s20|r2|personal_finance|gemma4:e2b,r2|personal_finance|gemma4:e2b,20,personal_finance,r/personalfinance,3,gemma4:e2b,6.0,asking the community for advice,getting a raise and avoiding lifestyle creep,a 52-year-old who just got divorced,"Divorce, Raise, and Staying on Track",Hey everyone I'm 52 and just went through a divorce and I'm feeling a bit lost financially. I'm hoping to negotiate a raise at work but I'm really worried about lifestyle creep. How do you guys handle this situation? I need advice on how to approach a salary negotiation without immediately overspending or letting my new situation throw me off balance. Any wisdom would be really appreciated.,67,1.61,1,49.0,1.0,4.0,42.0,4.0,44.0,6.0,0.0,37.0,13.0,0.0,0.0
s20|r2|cars|gemma4:e2b,r2|cars|gemma4:e2b,20,cars,r/cars,3,gemma4:e2b,14.0,venting about something frustrating,the most reliable car ever owned,a 24-year-old in their first full-time job,My car is surprisingly the most reliable,"I am so over the constant worrying about breakdowns lately. I bought this car a while ago and honestly, it just keeps running. I used to dread every time I saw a mechanic or worried about unexpected repairs, but this one has been an absolute dream. It just runs, no fuss, and I don't have to spend my limited money on constant fixes. It's just been reliably good for me.",70,1.6,1,30.0,14.0,7.0,27.0,16.0,30.0,4.0,1.0,28.0,21.0,6.0,16.0
s20|r2|farming|gemma4:e2b,r2|farming|gemma4:e2b,20,farming,r/farming,3,gemma4:e2b,24.0,sharing a personal story or experience,switching to no-till,a 45-year-old small-town mechanic,My switch to no till experience,"Been working this land for thirty years and I'm finally making the switch to no till. It took some serious convincing, honestly. The first year was a real learning curve with the seeders and the planter adjustments. But I'm starting to see the benefits, especially with the reduced soil disturbance and the way the moisture stays in the ground. It's definitely a change, but I'm hopeful about the long-term results for the operation.",73,1.7,1,49.0,1.0,2.0,38.0,10.0,47.0,3.0,0.0,34.0,16.0,0.0,0.0
s20|r2|cooking|gemma4:e2b,r2|cooking|gemma4:e2b,20,cooking,r/cooking,3,gemma4:e2b,34.0,giving an opinion that some people will disagree with,a family recipe finally recreated,a 27-year-old who moved to a new city,Finally nailed Grandma's legendary lasagna recipe,"I finally tackled my family's notoriously tricky lasagna recipe after moving here. I thought it would be impossible with all the different grocery stores, but after trying a few variations, I think I finally got the balance right. People always say my mom's version is perfect, and honestly, I think they're right. It took way more experimentation than I expected, but the results taste exactly like home. I’m really happy with how it turned out.",75,1.72,1,48.0,2.0,4.0,38.0,8.0,48.0,2.0,0.0,35.0,15.0,0.0,0.0
s20|r2|tech|gemma4:e2b,r2|tech|gemma4:e2b,20,tech,r/technology,3,gemma4:e2b,44.0,asking for a recommendation,setting up a home network,a 52-year-old who just got divorced,Best home network setup for a new place,Hey everyone I'm in a bit of a bind trying to set up a home network in a new place and I'm totally lost. I'm looking for something reliable and easy to manage. I've seen a lot of recommendations online but I'm not tech savvy at all. Has anyone used a specific router or mesh system that just works well for general home use? Any advice would be really appreciated as I try to get this sorted out.,78,1.71,1,38.0,12.0,14.0,26.0,10.0,30.0,20.0,6.0,26.0,18.0,0.0,0.0
s20|r3|personal_finance|gemma4:e2b,r3|personal_finance|gemma4:e2b,20,personal_finance,r/personalfinance,4,gemma4:e2b,8.0,asking for a recommendation,student loan repayment strategy,a 24-year-old in their first full-time job,Best student loan repayment strategy for beginners,Hey everyone I just started my first full-time job and I'm feeling overwhelmed by my student loans. I'm trying to figure out the best way to tackle them. I've looked into the avalanche versus snowball methods but I'm not sure which one is better for someone just starting out with a decent amount of debt. Any advice on how I should prioritize paying these down right now would be super helpful. I'm open to any suggestions.,76,1.71,1,23.0,27.0,14.0,25.0,11.0,46.0,4.0,1.0,29.0,20.0,0.0,0.0
s20|r3|cars|gemma4:e2b,r3|cars|gemma4:e2b,20,cars,r/cars,4,gemma4:e2b,16.0,sharing a practical tip that worked,towing a camper for the first time,a 35-year-old single dad,Towing a camper for the first time tips,"Just wanted to share a little something that helped me out when I towed my camper for the first time. I was super nervous about the weight and the length, but I found that planning the route beforehand made a huge difference. I made sure to check the weight limits on the road and planned for extra stopping points just in case. It really helped me stay calm and avoid any major headaches on the journey. Definitely worth the prep work.",81,1.66,1,40.0,10.0,5.0,28.0,17.0,48.0,2.0,5.0,29.0,16.0,0.0,0.0
s20|r3|farming|gemma4:e2b,r3|farming|gemma4:e2b,20,farming,r/farming,4,gemma4:e2b,26.0,giving an opinion that some people will disagree with,a bad hay year and feed costs,a 19-year-old college student,This hay year is killing me and the feed prices are insane,"Man, I'm just completely overwhelmed right now. This hay year was a disaster, way less than we hoped for, and on top of that, the feed costs have absolutely skyrocketed. I feel like I'm drowning trying to figure out how to manage the budget when the input costs are this high. It just feels like the system is set up to make things way harder for us out here in the middle of the season.",75,1.71,1,49.0,0.0,10.0,36.0,4.0,40.0,5.0,2.0,33.0,15.0,1.0,5.0
s20|r3|cooking|gemma4:e2b,r3|cooking|gemma4:e2b,20,cooking,r/cooking,4,gemma4:e2b,36.0,giving an opinion that some people will disagree with,cooking for a picky kid,a 70-year-old retired teacher,Dealing with picky eaters in the kitchen,"I've been trying to figure out how to get my son to actually eat anything that isn't plain pasta or chicken. I feel like I'm spending so much time cooking elaborate meals that end up being ignored. My advice is to stop forcing things. Instead, offer a wide variety of simple, healthy options and let him choose what he wants from that selection. It sounds frustrating, but sometimes the pressure just makes things worse. Patience is key here, I think.",80,1.73,1,41.0,8.0,10.0,36.0,4.0,47.0,0.0,0.0,27.0,23.0,1.0,3.0
s20|r3|tech|gemma4:e2b,r3|tech|gemma4:e2b,20,tech,r/technology,4,gemma4:e2b,46.0,sharing a practical tip that worked,privacy settings everyone should change,a 41-year-old farmer,Privacy settings you absolutely need to check,"I'm a farmer and I spend a lot of time on my phone and computer, so I wanted to share something that really helped me feel more secure. Everyone needs to go into their device settings and look at the location services. Turn off anything that isn't absolutely necessary for the app to function. I found that limiting where apps can track my location made a big difference in how much data I felt I was sharing online. It's a simple change but it makes a huge difference.",88,3.17,2,40.0,3.0,9.0,30.0,11.0,44.0,0.0,0.0,24.0,26.0,7.0,6.0
s20|r4|personal_finance|gemma4:e2b,r4|personal_finance|gemma4:e2b,20,personal_finance,r/personalfinance,5,gemma4:e2b,10.0,asking for a recommendation,a car loan that turned out to be a mistake,a 70-year-old retired teacher,"Bad car loan experience, need advice","I just paid off a car loan that turned out to be a real mistake. I took it out thinking I needed the car for my travels, but the payments were way higher than I anticipated. Now I'm looking to refinance or switch lenders. Has anyone had a similar experience with a specific bank or lender? Any recommendations for getting a better rate now that I'm retired?",67,1.51,1,24.0,26.0,12.0,33.0,5.0,17.0,33.0,4.0,21.0,25.0,0.0,0.0
s20|r4|cars|gemma4:e2b,r4|cars|gemma4:e2b,20,cars,r/cars,5,gemma4:e2b,18.0,venting about something frustrating,a mechanic who ripped someone off,a 38-year-old parent of two,Worst mechanic ever ripped me off,"I am so incredibly fed up with this experience. I brought my truck in for a simple brake job, and the guy just completely blew my mind with the estimate. It was way more expensive than anything I expected, and when I went back, he tried to wiggle out of it. I feel completely scammed and I have no idea how to fix this mess without spending a fortune. I really hope other people have better experiences with local shops.",80,1.63,1,47.0,0.0,22.0,28.0,0.0,37.0,0.0,4.0,27.0,19.0,3.0,13.0
s20|r4|farming|gemma4:e2b,r4|farming|gemma4:e2b,20,farming,r/farming,5,gemma4:e2b,28.0,sharing a personal story or experience,raising backyard chickens,a 45-year-old small-town mechanic,My chickens are surprisingly productive,"Been messing around with backyard chickens for a while now, mostly just for the eggs. I started with three hens and now I've got about ten. It's turned into a real little project. I've learned a ton about feeding schedules and coop maintenance. The bugs are a real nuisance, don't get me wrong, but the fresh eggs are worth the effort. They keep me busy out here on the farm.",70,1.62,1,44.0,6.0,2.0,33.0,15.0,42.0,8.0,0.0,29.0,21.0,0.0,0.0
s20|r4|cooking|gemma4:e2b,r4|cooking|gemma4:e2b,20,cooking,r/cooking,5,gemma4:e2b,38.0,sharing a personal story or experience,using up leftovers,a 70-year-old retired teacher,Saving food is a habit I learned long ago,I was staring at a fridge full of slightly sad leftovers the other day and felt a little guilty. I decided to tackle them instead of just letting them go bad. I made a big batch of lentil soup using whatever vegetables I had and the leftover rice. It turned into a surprisingly hearty and flavorful meal. It just reminds me that a little planning goes a long way in the kitchen.,72,1.53,1,50.0,0.0,1.0,43.0,6.0,50.0,0.0,0.0,37.0,13.0,0.0,0.0
s20|r4|tech|gemma4:e2b,r4|tech|gemma4:e2b,20,tech,r/technology,5,gemma4:e2b,48.0,asking for a recommendation,a smart home setup that failed,a 27-year-old who moved to a new city,Smart home setup that completely fell apart,"Hey everyone I just moved to this city and I tried to set up a smart home system. I got a bunch of different brands and devices and it just ended up being a total mess. The connectivity issues and the apps are driving me crazy. I'm looking for some solid, easy to integrate recommendations for a beginner. Anything reliable you would suggest for a new setup would be amazing.",70,1.53,1,41.0,1.0,27.0,18.0,5.0,30.0,4.0,9.0,27.0,14.0,8.0,16.0
s21|r0|personal_finance|llama3.1:8b,r0|personal_finance|llama3.1:8b,21,personal_finance,r/personalfinance,1,llama3.1:8b,1.0,giving an opinion that some people will disagree with,cancelling subscriptions and what it saved,a 61-year-old close to retirement,I cancelled my streaming services and lost some social connections,"As I near retirement, I've been reevaluating my expenses. I recently cancelled my Netflix and Hulu subscriptions, which cost me around $30 per month. While it was a pain to stop watching my favorite shows, the savings are welcome. What's more interesting is that some of these friends I used to watch with online have now started hosting regular movie nights at their place, so I've gained new social connections in the process.",73,25.34,7,50.0,0.0,2.0,40.0,8.0,48.0,2.0,0.0,32.0,18.0,0.0,0.0
s21|r0|cars|llama3.1:8b,r0|cars|llama3.1:8b,21,cars,r/cars,1,llama3.1:8b,7.0,celebrating a small win,a mechanic who ripped someone off,a 38-year-old parent of two,Local mechanic gets called out for shady business practices.,"I just got back from my daily commute and I'm still grinning about what happened earlier. Some guy in a beat-up Honda Civic pulled into the gas station across from my kid's school and started arguing with one of the mechanics over some repair work. Turns out, he'd been quoted way too high for a simple oil change and the mechanic had actually caught him trying to scam them. The mechanic stood his ground and wouldn't let it slide. Good on 'em!",82,4.5,1,50.0,0.0,4.0,41.0,5.0,44.0,3.0,1.0,33.0,16.0,0.0,3.0
s21|r0|farming|llama3.1:8b,r0|farming|llama3.1:8b,21,farming,r/farming,1,llama3.1:8b,17.0,celebrating a small win,a good harvest after a rough spring,a 38-year-old parent of two,Harvested a decent crop after spring's hail storm,"Just finished bringing in the last of the corn. Was worried we'd lose it all to that freak storm back in May, but some of it made it through. The kids helped with the harvest and were thrilled to see what hard work and patience can bring. Not a record crop by any means, but it's better than nothing. Feeling pretty proud of our little farm right now.",68,7.17,2,44.0,6.0,0.0,40.0,10.0,43.0,7.0,0.0,31.0,19.0,0.0,0.0
s21|r0|cooking|llama3.1:8b,r0|cooking|llama3.1:8b,21,cooking,r/cooking,1,llama3.1:8b,27.0,celebrating a small win,grilling a steak right,a 33-year-old software tester,Finally got my steak grilling technique down!,"I was getting discouraged by mediocre steaks from our local grocery store. Decided to try a higher end cut and it made all the difference. I've been messing around with grill temperatures and times, but last night's 1-inch ribeye came out perfectly cooked. The outside was nice and charred while still retaining juiciness on the inside. Feeling pretty proud of myself for not giving up.",65,7.15,2,44.0,6.0,0.0,44.0,6.0,49.0,1.0,0.0,39.0,11.0,0.0,0.0
s21|r0|tech|llama3.1:8b,r0|tech|llama3.1:8b,21,tech,r/technology,1,llama3.1:8b,37.0,celebrating a small win,a smart home setup that failed,a 38-year-old parent of two,Smart Home Setup That Failed Me... But Not My Kids,"I was convinced I'd created a smart home utopia. Philips Hue lights, Google Home mini, and a Nest thermostat. Or so I thought. The whole setup crashed on me three times last week. My kids were laughing at my expense every time. They couldn't care less about the tech, but they loved watching their dad get frustrated. Guess it's back to the drawing board for me.",66,7.25,2,46.0,4.0,18.0,25.0,7.0,36.0,11.0,3.0,36.0,11.0,0.0,3.0
s21|r1|cars|llama3.1:8b,r1|cars|llama3.1:8b,21,cars,r/cars,2,llama3.1:8b,9.0,asking for a recommendation,buying a used truck with high mileage,a 27-year-old who moved to a new city,High mileage used truck purchase - advice needed in new city,"Just moved to a new city and I'm in the market for a reliable used truck. I've found a few options with around 200k miles that are within my budget, but I'm not sure if it's a good idea to go this high mileage route. Has anyone else bought a high mileage truck and had a good experience? Any recommendations or warnings would be greatly appreciated.",66,3.93,1,7.0,30.0,12.0,31.0,7.0,22.0,27.0,5.0,31.0,14.0,13.0,1.0
s21|r1|farming|llama3.1:8b,r1|farming|llama3.1:8b,21,farming,r/farming,2,llama3.1:8b,19.0,asking the community for advice,fencing a new pasture,a 41-year-old farmer,Fencing a new pasture - advice on material and design?,"I'm looking to fence in a 10-acre parcel of land that's been a thorn in my side for years. The terrain is pretty rough, with steep slopes and rocky outcroppings. I've got a budget of $5k and want something that'll last at least 20 years. Has anyone had success with woven wire or high-tensile fencing in similar conditions? Any advice on installation would be great too.",66,4.33,1,48.0,2.0,2.0,42.0,6.0,40.0,10.0,1.0,34.0,15.0,0.0,0.0
s21|r1|cooking|llama3.1:8b,r1|cooking|llama3.1:8b,21,cooking,r/cooking,2,llama3.1:8b,29.0,sharing a personal story or experience,a failed dinner party dish,a 45-year-old small-town mechanic,Dinner party disaster: my infamous Beef Wellington,"I was trying to impress the in-laws with a fancy dinner last weekend. I decided to go all out and make Beef Wellington, but it was a mess. The pastry wouldn't seal, the filling was too soggy, and when we sliced into it, the whole thing fell apart. Needless to say, the conversation at the table was more about what went wrong than anything else.",65,7.3,2,40.0,3.0,3.0,39.0,8.0,43.0,0.0,0.0,38.0,12.0,7.0,7.0
s21|r1|tech|llama3.1:8b,r1|tech|llama3.1:8b,21,tech,r/technology,2,llama3.1:8b,39.0,asking the community for advice,a cheap gadget that is surprisingly good,a 41-year-old farmer,Cheap action camera surprised me in farm use.,"I picked up a no-name brand 4K action cam for $40 to document some equipment issues on my farm. I was skeptical, but it's been recording great video and withstanding the elements (rain, dust, extreme temps). The quality is better than expected, but I'm not sure if I should be concerned about durability or battery life long-term. Has anyone else had any experience with these cheap cameras?",67,7.57,2,28.0,14.0,10.0,36.0,4.0,33.0,3.0,4.0,34.0,12.0,8.0,14.0
s21|r2|cars|llama3.1:8b,r2|cars|llama3.1:8b,21,cars,r/cars,3,llama3.1:8b,11.0,sharing a personal story or experience,"winter tires, worth it or not",a 61-year-old close to retirement,Winter Tires: Worth the Extra Cost?,"I just got back from a road trip through the mountains in my old Honda Accord. We hit some pretty slick roads and I was glad I'd splurged on winter tires last year. The difference was noticeable, especially when others were spinning out of control or sliding all over the place. Still not sure if it's worth the extra cost for us retirees who don't drive much during the winter months, but for now I'm sticking with them.",78,7.38,2,36.0,14.0,5.0,42.0,3.0,32.0,18.0,1.0,33.0,16.0,0.0,0.0
s21|r2|farming|llama3.1:8b,r2|farming|llama3.1:8b,21,farming,r/farming,3,llama3.1:8b,21.0,venting about something frustrating,switching to no-till,a 35-year-old single dad,No-till struggles on a small scale,"I've been trying to switch my 10-acre farm to no-till for months now. It's been a nightmare getting the soil right, I swear it's more finicky than a toddler. Every time I think I'm making progress, something goes wrong and we end up with a field of weeds instead of crops. Can anyone offer some advice on what they've learned from their own no-till experiences? I'm at my wit's end over here.",72,4.43,1,46.0,3.0,3.0,43.0,4.0,34.0,14.0,0.0,36.0,14.0,1.0,2.0
s21|r2|cooking|llama3.1:8b,r2|cooking|llama3.1:8b,21,cooking,r/cooking,3,llama3.1:8b,31.0,giving an opinion that some people will disagree with,a family recipe finally recreated,a 27-year-old who moved to a new city,Butter Chicken Recipe Debacle: I Stuck to Grandma's Methods,"I've been trying to recreate my grandma's famous Butter Chicken recipe since moving to a new city. After months of experimentation, I finally nailed it using the same old methods she taught me - no shortcuts or substitutions. The secret? Using ghee instead of oil and letting it simmer for at least an hour. Some of you may disagree, but trust me, it makes all the difference.",67,21.15,6,37.0,13.0,4.0,37.0,9.0,48.0,2.0,1.0,38.0,11.0,0.0,0.0
s21|r2|tech|llama3.1:8b,r2|tech|llama3.1:8b,21,tech,r/technology,3,llama3.1:8b,41.0,asking for a recommendation,backing up family photos,a 41-year-old farmer,External hard drive for backing up family photos,"I've got a bunch of old family pics on my phone and computer that I want to back up somewhere safe. What's the best external hard drive for this sort of thing? I'm looking at something around 1-2 terabytes, preferably wireless or with a simple backup software. My wife is always deleting things by accident so it'd be great if it had some automatic transfer features.",66,10.74,3,10.0,35.0,12.0,32.0,6.0,35.0,15.0,8.0,28.0,14.0,5.0,0.0
s21|r3|personal_finance|llama3.1:8b,r3|personal_finance|llama3.1:8b,21,personal_finance,r/personalfinance,4,llama3.1:8b,3.0,asking the community for advice,a side hustle that paid off,a 41-year-old farmer,Started a small woodworking side hustle on my farm,"I've been running this side hustle for a year now. I make simple furniture pieces in my spare time and sell them online through local classifieds. It's brought in an extra $2,000 per month, which has helped me pay off some of the debt from last season's crop failure. Does anyone have experience with similar ventures? How do you manage to market your products effectively?",65,11.04,3,42.0,8.0,6.0,39.0,5.0,41.0,9.0,4.0,30.0,16.0,0.0,0.0
s21|r3|cars|llama3.1:8b,r3|cars|llama3.1:8b,21,cars,r/cars,4,llama3.1:8b,13.0,celebrating a small win,EV versus hybrid for a long commute,a 35-year-old single dad,Finally Made Up My Mind On Commute Vehicle,"I've been researching for weeks but I finally took my Tesla Model 3 for a long drive to work and back. It was smooth sailing the whole time, even in heavy traffic. My son loved being able to play games while we drove without noise pollution. Now that I know how it'll handle my daily commute, I'm excited to break up with my old gas-guzzler.",65,7.21,2,20.0,29.0,17.0,22.0,11.0,27.0,4.0,5.0,26.0,19.0,1.0,19.0
s21|r3|farming|llama3.1:8b,r3|farming|llama3.1:8b,21,farming,r/farming,4,llama3.1:8b,23.0,venting about something frustrating,fixing an old tractor instead of buying new,a 24-year-old in their first full-time job,Frustrated with old tractor troubles instead of buying new,"I'm at my wit's end trying to fix an old IH 3450. Been working on it since dawn and still no luck getting the PTO working right. It's like the owner before me, who I inherited this place from, had a vendetta against simple maintenance. If I didn't need this tractor for planting season, I'd just buy a new one, but now I'm stuck with this temperamental clunker.",68,4.39,1,42.0,0.0,15.0,26.0,9.0,37.0,8.0,1.0,31.0,18.0,8.0,5.0
s21|r3|cooking|llama3.1:8b,r3|cooking|llama3.1:8b,21,cooking,r/cooking,4,llama3.1:8b,33.0,venting about something frustrating,spicy food tolerance,a 61-year-old close to retirement,Can't Take the Heat Anymore,"I'm getting tired of being told to 'toughen up' when I say a dish is too spicy. I've been eating my way through India, Thailand, and Korea for years now, and while I used to be able to handle the heat, lately it's been getting unbearable. I feel like I have to apologize for having a sensitive stomach, but honestly, who doesn't want their food to taste good without scorching their mouth?",72,17.95,5,50.0,0.0,1.0,45.0,4.0,50.0,0.0,0.0,40.0,10.0,0.0,0.0
s21|r3|tech|llama3.1:8b,r3|tech|llama3.1:8b,21,tech,r/technology,4,llama3.1:8b,43.0,venting about something frustrating,repairing instead of replacing a device,a 33-year-old software tester,Frustrating repair process for my old laptop,"I'm at my wit's end trying to fix a faulty keyboard on my 5-year-old HP Envy. The replacement keyboard doesn't fit properly, and the instructions are laughable. I've wasted hours searching online forums for solutions, only to find contradictory advice. It seems no one makes parts or guides that work together seamlessly. I'm considering just buying a new laptop instead of trying to fix this one.",66,7.73,2,40.0,0.0,7.0,40.0,3.0,23.0,1.0,5.0,32.0,13.0,10.0,26.0
s21|r4|personal_finance|llama3.1:8b,r4|personal_finance|llama3.1:8b,21,personal_finance,r/personalfinance,5,llama3.1:8b,5.0,venting about something frustrating,starting to invest with a small amount,a 52-year-old who just got divorced,Frustrating bank minimums for small investments,"I'm trying to start investing again after the divorce, but I'm running into a wall. My ex and I had some shared accounts that got split up in the divorce. Now I'm left with a tiny amount of money in my new solo account, barely enough to meet the bank's minimum investment requirements for their 'starter' funds. It feels like they're trying to make it impossible for me to get back on track financially.",74,4.26,1,44.0,0.0,8.0,42.0,0.0,34.0,6.0,2.0,38.0,10.0,6.0,10.0
s21|r4|cars|llama3.1:8b,r4|cars|llama3.1:8b,21,cars,r/cars,5,llama3.1:8b,15.0,venting about something frustrating,towing a camper for the first time,a 30-year-old nurse working night shifts,Towing a camper on my first night off in months - total disaster.,I just got back from a disastrous 3-day weekend trying to tow a camper. I'm still running on night shift fumes and now I have a dead transmission to deal with. I thought I was prepared but it turns out I had no idea how to hook up the trailer or adjust the brakes. Anyone else ever struggle with this? Just want to vent about the stress.,67,3.97,1,36.0,10.0,12.0,31.0,7.0,18.0,14.0,5.0,26.0,19.0,4.0,18.0
s21|r4|farming|llama3.1:8b,r4|farming|llama3.1:8b,21,farming,r/farming,5,llama3.1:8b,25.0,giving an opinion that some people will disagree with,raising backyard chickens,a 70-year-old retired teacher,Backyard chickens: a recipe for disaster in urban areas,"I've lived on a small plot of land for 10 years now, and I have to say, my neighbors and I were initially enthusiastic about raising backyard chickens. However, after five years of dealing with noise complaints, rodent infestations, and the smell of manure wafting through our streets, I'm convinced it's not worth it. The joys of fresh eggs can't compensate for the headaches they cause.",66,4.23,1,32.0,0.0,29.0,18.0,3.0,35.0,0.0,4.0,39.0,7.0,18.0,15.0
s21|r4|cooking|llama3.1:8b,r4|cooking|llama3.1:8b,21,cooking,r/cooking,5,llama3.1:8b,35.0,venting about something frustrating,the best cheap kitchen tool,a 61-year-old close to retirement,Why can't they make a decent mandoline?,"I've been trying to find a cheap mandoline that actually works for years. I've had at least five different ones, and every single one of them is a piece of junk. They either crack or the blade falls off or it's just too hard to clean. I'm 61 years old and on a fixed income, I don't have time for this nonsense. Can't they just make something that lasts for once?",71,4.21,1,8.0,4.0,11.0,38.0,1.0,17.0,1.0,0.0,35.0,15.0,38.0,32.0
s21|r4|tech|llama3.1:8b,r4|tech|llama3.1:8b,21,tech,r/technology,5,llama3.1:8b,45.0,giving an opinion that some people will disagree with,privacy settings everyone should change,a 33-year-old software tester,I'm changing my mind on location services - you should too.,"As a software tester, I used to think it was no big deal for apps to access my location. But the more I test, the more I realize how often companies use this data to target ads and sell our info. If you're like me and haven't checked your location settings lately, take a few minutes to turn off location services when not in use.",65,13.79,4,50.0,0.0,5.0,42.0,3.0,50.0,0.0,6.0,32.0,12.0,0.0,0.0
s21|r0|personal_finance|gemma4:e2b,r0|personal_finance|gemma4:e2b,21,personal_finance,r/personalfinance,1,gemma4:e2b,2.0,giving an opinion that some people will disagree with,cancelling subscriptions and what it saved,a 61-year-old close to retirement,Cutting subscriptions actually saved me money,"I've been seriously cutting back on subscriptions lately and I know some people will push back. I was paying for streaming services I barely used and several apps I forgot about. It sounds like a small amount each month, but when you add it up over a year, it adds up significantly. I'm now redirecting that cash towards investments instead of pointless monthly fees. It’s a big shift for me.",70,1.6,1,50.0,0.0,1.0,48.0,1.0,50.0,0.0,0.0,37.0,13.0,0.0,0.0
s21|r0|cars|gemma4:e2b,r0|cars|gemma4:e2b,21,cars,r/cars,1,gemma4:e2b,8.0,celebrating a small win,a mechanic who ripped someone off,a 38-year-old parent of two,Finally got a fair price on my repair,"Man, I'm still shaking a little after dealing with that mechanic. I brought my truck in for a pretty straightforward transmission job, thought I knew what I was doing, but they totally inflated the bill. Took me a week to track down a different shop and get a fair quote. It felt like a real victory to stand up for myself and get a reasonable price for the work done. Don't let anyone tell you to just accept the first estimate.",81,1.67,1,50.0,0.0,11.0,36.0,3.0,50.0,0.0,2.0,29.0,19.0,0.0,0.0
s21|r0|farming|gemma4:e2b,r0|farming|gemma4:e2b,21,farming,r/farming,1,gemma4:e2b,18.0,celebrating a small win,a good harvest after a rough spring,a 38-year-old parent of two,Finally a decent harvest after a tough spring,"Man, I am so relieved. That spring was brutal, with all the rain and the unexpected cold snaps. I was really worried about what we were going to get this year. But looking at the yield now, it feels like we pulled through. It's not a bumper crop, but it's enough to get us by and feel good about the hard work we put in. Time to celebrate this small victory.",71,1.6,1,44.0,6.0,0.0,37.0,13.0,42.0,8.0,2.0,34.0,14.0,0.0,0.0
s21|r0|cooking|gemma4:e2b,r0|cooking|gemma4:e2b,21,cooking,r/cooking,1,gemma4:e2b,28.0,celebrating a small win,grilling a steak right,a 33-year-old software tester,Finally a perfect grilled steak experience,"I've been wrestling with this steak for weeks, trying to get that perfect sear without burning the outside or leaving it raw inside. Tonight, after a few frustrating attempts, I finally nailed it. The crust is amazing, and the inside is perfectly medium-rare. It tastes so much better than the usual takeout I end up ordering. Small victories really matter when you're just trying to cook something simple.",68,2.83,2,29.0,21.0,0.0,42.0,8.0,50.0,0.0,0.0,39.0,11.0,0.0,0.0
s21|r0|tech|gemma4:e2b,r0|tech|gemma4:e2b,21,tech,r/technology,1,gemma4:e2b,38.0,celebrating a small win,a smart home setup that failed,a 38-year-old parent of two,My smart home setup just caused chaos,"I finally got my new smart lighting and thermostat fully integrated, and I thought I was winning. Turns out, setting up the routines was a nightmare. The thermostat kept trying to adjust the heat based on my old schedule, and the lights kept flickering randomly when I tried to dim them. Now I'm just manually flipping switches. It's a reminder that sometimes simpler is really better when dealing with these gadgets.",71,1.54,1,48.0,0.0,12.0,31.0,7.0,34.0,0.0,4.0,33.0,13.0,2.0,16.0
s21|r1|personal_finance|gemma4:e2b,r1|personal_finance|gemma4:e2b,21,personal_finance,r/personalfinance,2,gemma4:e2b,0.0,asking for a recommendation,surprise medical bill negotiation,a 70-year-old retired teacher,Help with a surprise medical bill negotiation,I'm in a bit of a bind. I just received a very large and unexpected medical bill that I wasn't anticipating. I'm not sure how to approach the insurance company or the hospital to try and get a better price. Has anyone here dealt with similar situations and found effective ways to negotiate these kinds of costs? Any advice would be greatly appreciated from the community.,66,11.85,9,0.0,0.0,0.0,0.0,0.0,0.0,0.0,0.0,0.0,0.0,0.0,0.0
s21|r1|cars|gemma4:e2b,r1|cars|gemma4:e2b,21,cars,r/cars,2,gemma4:e2b,10.0,asking for a recommendation,buying a used truck with high mileage,a 27-year-old who moved to a new city,Used truck recommendations for a new city,"Hey everyone I just moved to the area and I'm on the hunt for a used truck. I'm not looking for a brand new thing, so I'm open to higher mileage if it means a good deal. I need something reliable for city driving and some light hauling. Does anyone have any specific models or brands they've had good luck with recently in this area? I'm open to suggestions for what to look for.",74,1.65,1,32.0,18.0,9.0,30.0,11.0,24.0,24.0,2.0,29.0,19.0,0.0,2.0
s21|r1|farming|gemma4:e2b,r1|farming|gemma4:e2b,21,farming,r/farming,2,gemma4:e2b,20.0,asking the community for advice,fencing a new pasture,a 41-year-old farmer,Help with fencing a new pasture,Hey everyone I'm trying to fence off a new pasture this spring and I'm feeling pretty lost on the best approach. I'm looking at barbed wire but I'm worried about the livestock getting through or causing issues. Has anyone had success with certain types of fencing for new grazing areas? I'm wondering about post placement and wire tension. Any seasoned advice would be really helpful right now.,67,1.53,1,15.0,33.0,15.0,31.0,4.0,41.0,9.0,0.0,34.0,16.0,2.0,0.0
s21|r1|cooking|gemma4:e2b,r1|cooking|gemma4:e2b,21,cooking,r/cooking,2,gemma4:e2b,30.0,sharing a personal story or experience,a failed dinner party dish,a 45-year-old small-town mechanic,My disastrous attempt at lasagna,"So I decided to impress some folks with homemade lasagna for a dinner party. I followed a recipe exactly, but something went seriously wrong with the sauce. It ended up tasting more like salty, bitter cardboard than Italian comfort food. Everyone politely ate it, but I definitely learned my lesson about trusting recipes when you're not a professional chef. Next time, I'm sticking to grilling.",65,1.46,1,31.0,3.0,5.0,38.0,7.0,17.0,2.0,1.0,34.0,15.0,16.0,31.0
s21|r1|tech|gemma4:e2b,r1|tech|gemma4:e2b,21,tech,r/technology,2,gemma4:e2b,40.0,asking the community for advice,a cheap gadget that is surprisingly good,a 41-year-old farmer,Cheap gadget surprisingly good for farm use,Hey everyone I'm a farmer and I'm always looking for ways to make things easier without breaking the bank. I recently picked up a really basic smart plug set and I'm genuinely surprised how useful it has turned out to be. I use it to manage some of the outdoor grow lights and the water pump schedules. It's simple and it saves me a bit of time checking things on my phone. Has anyone else found a little gem like this for farm chores?,84,1.71,1,49.0,1.0,7.0,35.0,8.0,48.0,1.0,2.0,28.0,20.0,0.0,1.0
s21|r2|personal_finance|gemma4:e2b,r2|personal_finance|gemma4:e2b,21,personal_finance,r/personalfinance,3,gemma4:e2b,0.0,asking for a recommendation,student loan repayment strategy,a 38-year-old parent of two,Best student loan repayment strategy for parents?,Hey everyone I'm a 38-year-old with two kids and I'm really trying to figure out the best way to tackle my student loans. I'm currently looking at the avalanche versus snowball methods but I'm not sure which one is mathematically better given our current budget constraints. Has anyone successfully navigated this and found a solid long-term plan? Any personal experiences would be really helpful right now.,66,3.0,2,0.0,0.0,0.0,0.0,0.0,0.0,0.0,0.0,0.0,0.0,0.0,0.0
s21|r2|cars|gemma4:e2b,r2|cars|gemma4:e2b,21,cars,r/cars,3,gemma4:e2b,12.0,sharing a personal story or experience,"winter tires, worth it or not",a 61-year-old close to retirement,Winter tires: A long-term consideration,"I'm getting closer to retirement and I've been seriously thinking about winter tires. I've always been skeptical about the cost versus the actual benefit, especially when I don't drive in heavy snow often. However, I just got a bit more aggressive about road conditions lately, and I'm starting to see how much better the grip is on icy patches. It’s definitely an investment, but I feel better knowing I have the right setup for unpredictable weather.",76,1.73,1,50.0,0.0,4.0,35.0,11.0,48.0,2.0,2.0,31.0,17.0,0.0,0.0
s21|r2|farming|gemma4:e2b,r2|farming|gemma4:e2b,21,farming,r/farming,3,gemma4:e2b,22.0,venting about something frustrating,switching to no-till,a 35-year-old single dad,No till is killing my patience right now,"Man, I'm so tired of this whole no till thing. I tried it out a few seasons ago, and honestly, I just don't see the payoff. The extra time spent managing the seedbed feels like it just adds more headaches instead of saving me time. I'm watching my yields and the effort involved, and I'm starting to wonder if it's really worth the headache for my operation right now. Just want to get things done without extra complications.",78,1.72,1,22.0,5.0,27.0,12.0,11.0,15.0,2.0,3.0,28.0,19.0,23.0,33.0
s21|r2|cooking|gemma4:e2b,r2|cooking|gemma4:e2b,21,cooking,r/cooking,3,gemma4:e2b,32.0,giving an opinion that some people will disagree with,a family recipe finally recreated,a 27-year-old who moved to a new city,Finally nailed Grandma's famous lasagna recipe,"I finally tackled my family's legendary lasagna recipe this weekend after years of trying. I swear, everyone has a different take on the layering, but the secret ingredient is definitely the slow simmering of the tomato sauce. Some people will probably hate my use of ricotta versus cottage cheese, but the texture is exactly how I remember it. It tastes exactly like home, which is the most important thing when you're far away.",73,1.57,1,47.0,3.0,5.0,38.0,7.0,50.0,0.0,0.0,37.0,13.0,0.0,0.0
s21|r2|tech|gemma4:e2b,r2|tech|gemma4:e2b,21,tech,r/technology,3,gemma4:e2b,42.0,asking for a recommendation,backing up family photos,a 41-year-old farmer,Best external hard drive for family photos?,I'm trying to figure out the best way to back up all my family photos. I have a lot of pictures from the farm and I need something reliable that won't fail. I'm looking at external SSDs and traditional HDDs. Has anyone here found a solid recommendation? I need something safe and easy to use for long-term storage. Any experience would be really helpful for me.,66,1.52,1,43.0,7.0,10.0,35.0,5.0,46.0,4.0,8.0,32.0,10.0,0.0,0.0
s21|r3|personal_finance|gemma4:e2b,r3|personal_finance|gemma4:e2b,21,personal_finance,r/personalfinance,4,gemma4:e2b,4.0,asking the community for advice,a side hustle that paid off,a 41-year-old farmer,"Side hustle paid off for me, looking for ideas",Hey everyone I'm a farmer in my early forties and I've been looking for ways to bring in a little extra cash outside of the farm work. I recently started doing some online custom graphic design for local businesses and it's been surprisingly profitable. I'm curious what side hustles you all have tried that actually made a real difference in your pocket. Any successful strategies you can share would be really appreciated.,72,1.6,1,39.0,11.0,2.0,35.0,13.0,34.0,16.0,6.0,25.0,19.0,0.0,0.0
s21|r3|cars|gemma4:e2b,r3|cars|gemma4:e2b,21,cars,r/cars,4,gemma4:e2b,14.0,celebrating a small win,EV versus hybrid for a long commute,a 35-year-old single dad,Finally made the commute switch to EV,"Man, I finally took the plunge and switched my daily commute to an electric vehicle. It feels weird at first, but the silence is amazing, and I'm already noticing the difference in how smooth the driving is. The initial range anxiety was real, but topping up at home makes it a breeze now. I'm really enjoying saving on gas money too, which is a nice bonus for the budget. Definitely worth the initial hassle.",74,1.58,1,47.0,3.0,6.0,29.0,15.0,44.0,5.0,3.0,22.0,25.0,0.0,1.0
s21|r3|farming|gemma4:e2b,r3|farming|gemma4:e2b,21,farming,r/farming,4,gemma4:e2b,24.0,venting about something frustrating,fixing an old tractor instead of buying new,a 24-year-old in their first full-time job,Fixing this old tractor is killing me,"I'm finally working full time and I'm trying to save money, so I decided to fix up this old tractor instead of buying new. It's been a nightmare. Every time I think I've got one thing sorted out, another part breaks or I find a completely new problem. It takes forever, and I'm burning through my weekend time just trying to figure out what the heck is wrong with the transmission. I just want to get back to actual farming.",80,1.74,1,41.0,1.0,17.0,32.0,1.0,22.0,12.0,0.0,30.0,20.0,8.0,16.0
s21|r3|cooking|gemma4:e2b,r3|cooking|gemma4:e2b,21,cooking,r/cooking,4,gemma4:e2b,34.0,venting about something frustrating,spicy food tolerance,a 61-year-old close to retirement,My spice tolerance is shot now,"I am seriously struggling with spicy food lately. I used to handle a little heat fine, but now anything above a mild level just sets my mouth on fire. It's so frustrating when I want to try something flavorful but can't handle the kick. I feel like I'm missing out on some great food experiences just because of my suddenly limited spice tolerance. I just want to be able to enjoy a little bit of heat without crying.",78,1.6,1,49.0,1.0,3.0,45.0,2.0,29.0,21.0,0.0,33.0,17.0,0.0,0.0
s21|r3|tech|gemma4:e2b,r3|tech|gemma4:e2b,21,tech,r/technology,4,gemma4:e2b,44.0,venting about something frustrating,repairing instead of replacing a device,a 33-year-old software tester,Why can't companies just replace broken stuff?,"I am so incredibly annoyed with the current repair culture in consumer tech. I spent a decent amount of money on this device, and now something small has broken. Instead of offering a straightforward replacement or a free repair, I'm stuck with complicated, expensive repairs that often just cost as much as a new one. It feels like a deliberate tactic to keep us spending money on service contracts instead of getting functional products.",74,1.56,1,50.0,0.0,8.0,40.0,2.0,50.0,0.0,8.0,35.0,7.0,0.0,0.0
s21|r4|personal_finance|gemma4:e2b,r4|personal_finance|gemma4:e2b,21,personal_finance,r/personalfinance,5,gemma4:e2b,6.0,venting about something frustrating,starting to invest with a small amount,a 52-year-old who just got divorced,Investing feels impossible right now,"I'm just starting to look into investing with what little money I have left after the divorce. It feels so overwhelming and pointless. I keep reading articles about market volatility and risk tolerance, but honestly, I just feel paralyzed. How am I supposed to focus on long-term growth when my immediate financial stability is so shaky? It's just another thing I don't understand right now.",65,1.49,1,35.0,13.0,9.0,33.0,8.0,25.0,25.0,1.0,31.0,18.0,2.0,0.0
s21|r4|cars|gemma4:e2b,r4|cars|gemma4:e2b,21,cars,r/cars,5,gemma4:e2b,16.0,venting about something frustrating,towing a camper for the first time,a 30-year-old nurse working night shifts,Towing a camper was a nightmare tonight,"Just got back from towing a camper for the first time and I am so done. I thought it would be easy, but the whole process felt like a slow-motion disaster. The weight distribution was all wrong, and I kept getting those little jolts that just made me want to throw the wheel. I'm definitely not asking for it again anytime soon. Seriously draining experience.",65,1.49,1,37.0,8.0,15.0,26.0,9.0,22.0,1.0,0.0,23.0,27.0,5.0,27.0
s21|r4|farming|gemma4:e2b,r4|farming|gemma4:e2b,21,farming,r/farming,5,gemma4:e2b,26.0,giving an opinion that some people will disagree with,raising backyard chickens,a 70-year-old retired teacher,"Backyard chickens are a wonderful, simple thing.","I've been watching folks try to raise chickens these days. I have to say, there's something incredibly grounding about it, watching them forage and lay eggs. It’s a real connection to something tangible you can see and touch, which is something I miss after all these years of teaching. Some folks view it as just a hobby, but for me, it’s a small piece of self-sufficiency and a lovely way to spend time outdoors. It really connects you to the rhythm of the land.",84,1.82,1,37.0,10.0,7.0,32.0,11.0,35.0,14.0,2.0,30.0,18.0,3.0,1.0
s21|r4|cooking|gemma4:e2b,r4|cooking|gemma4:e2b,21,cooking,r/cooking,5,gemma4:e2b,36.0,venting about something frustrating,the best cheap kitchen tool,a 61-year-old close to retirement,Seriously debating the best cheap kitchen tool,"I am so frustrated trying to figure out what the absolute best cheap kitchen tool is. I have a drawer full of weird gadgets, and I just want something that actually saves time and makes cooking easier without breaking the bank. I tried a bunch of things, but nothing really sticks. Is there one simple thing everyone uses that I am just missing? I feel like I'm wasting time researching simple things.",72,1.51,1,38.0,9.0,5.0,41.0,4.0,16.0,29.0,2.0,35.0,13.0,3.0,5.0
s21|r4|tech|gemma4:e2b,r4|tech|gemma4:e2b,21,tech,r/technology,5,gemma4:e2b,46.0,giving an opinion that some people will disagree with,privacy settings everyone should change,a 33-year-old software tester,Your privacy settings are probably a mess,"I'm a software tester, and I see how much data these companies collect. Seriously, everyone needs to sit down and look at their privacy settings on every service they use. Default settings are almost always the worst ones, designed to maximize data collection. I find most people just click accept without reading anything. It's time we all took control of what information is being shared.",65,1.47,1,50.0,0.0,12.0,35.0,3.0,50.0,0.0,1.0,33.0,16.0,0.0,0.0
s22|r0|personal_finance|llama3.1:8b,r0|personal_finance|llama3.1:8b,22,personal_finance,r/personalfinance,1,llama3.1:8b,1.0,venting about something frustrating,cancelling subscriptions and what it saved,a 61-year-old close to retirement,Fed up with useless subscription services,"I've been decluttering my finances for months and one thing's really gotten under my skin. I cancelled our streaming service, gym membership, and a few others thinking I'd save a bit each month. It turns out it adds up to over $150 per month! My wife is hesitant to let go of some of them but we're going to have to make some tough choices when I retire in a year or two.",73,7.19,2,50.0,0.0,2.0,40.0,8.0,50.0,0.0,1.0,35.0,14.0,0.0,0.0
s22|r0|cars|llama3.1:8b,r0|cars|llama3.1:8b,22,cars,r/cars,1,llama3.1:8b,11.0,giving an opinion that some people will disagree with,a DIY brake job,a 30-year-old nurse working night shifts,DIY brake job is a recipe for disaster.,"I've seen it happen to friends who think they can save money by doing their own brake jobs. They get in over their heads, botch the job, and end up with faulty brakes that put themselves and others at risk. As a nurse working night shifts, I've seen the aftermath of accidents caused by poor maintenance. It's not worth the risk - trust a professional to do it right.",69,21.09,6,21.0,0.0,42.0,8.0,0.0,50.0,0.0,11.0,21.0,18.0,29.0,0.0
s22|r0|farming|llama3.1:8b,r0|farming|llama3.1:8b,22,farming,r/farming,1,llama3.1:8b,21.0,asking for a recommendation,fencing a new pasture,a 35-year-old single dad,Need help with fencing a new pasture on a tight budget.,"I've got a small farm with a new pasture that's been cleared but I'm having trouble deciding how to fence it. The land is sloping and there are some rocky outcroppings that are going to make things tricky. I've seen some people use high tensile wire but I'm not sure if that would be the best option for me, considering my budget and the terrain.",65,3.95,1,33.0,17.0,4.0,41.0,5.0,32.0,18.0,3.0,36.0,11.0,0.0,0.0
s22|r0|cooking|llama3.1:8b,r0|cooking|llama3.1:8b,22,cooking,r/cooking,1,llama3.1:8b,31.0,sharing a personal story or experience,a weeknight dinner in 20 minutes,a 24-year-old in their first full-time job,20 minute dinner on a tight schedule,"I was struggling to cook something decent after work when I realized how much time I waste meal prepping. Last night, I just threw some frozen chicken and veggies in the pan with some oil and seasonings. 10 minutes later I added a can of tomato sauce and served it over rice. It was surprisingly good and only took 20 minutes total. My roommate is still eating leftovers.",68,14.06,4,46.0,0.0,5.0,44.0,1.0,47.0,0.0,1.0,38.0,11.0,4.0,3.0
s22|r0|tech|llama3.1:8b,r0|tech|llama3.1:8b,22,tech,r/technology,1,llama3.1:8b,41.0,venting about something frustrating,privacy settings everyone should change,a 61-year-old close to retirement,Frustrated with default privacy settings on my new smart TV,I'm at my wit's end trying to figure out how to turn off the constant data collection on my brand new 4K smart TV. I don't want my viewing habits tracked or shared with who-knows-who. The options are buried deep in menus and it's not clear what exactly each setting does. Can someone explain why this can't be made simple? It's like they're counting on us not paying attention.,69,4.39,1,41.0,0.0,11.0,39.0,0.0,33.0,0.0,3.0,34.0,13.0,9.0,17.0
s22|r1|personal_finance|llama3.1:8b,r1|personal_finance|llama3.1:8b,22,personal_finance,r/personalfinance,2,llama3.1:8b,3.0,asking the community for advice,starting to invest with a small amount,a 45-year-old small-town mechanic,Starting to invest on a small mechanic's salary.,"I've finally managed to set aside some cash from my shop's profits, about 10% of what I clear each month. I'm thinking of investing in a mix of stocks and bonds, but I don't know where to start or which platforms to use. Anyone have any advice for a beginner like me? I'd appreciate any insights on fees, commissions, and how to make it work with my modest income.",69,4.08,1,44.0,5.0,2.0,41.0,7.0,47.0,3.0,0.0,34.0,16.0,1.0,0.0
s22|r1|cars|llama3.1:8b,r1|cars|llama3.1:8b,22,cars,r/cars,2,llama3.1:8b,13.0,sharing a personal story or experience,manual transmissions dying out,a 41-year-old farmer,Manual transmissions dying out in rural areas,"I've been driving a manual transmission for 25 years and I'm starting to see it disappear. My son's friend got a new truck last year and it had an automatic, he said his dad wouldn't know how to drive it otherwise. Just the other day I saw a younger guy struggling to find a clutch pedal in my old Ford F-150 that I was selling. It's like they're not teaching people how to drive stick anymore.",76,17.56,5,45.0,4.0,11.0,31.0,8.0,32.0,9.0,6.0,31.0,13.0,1.0,9.0
s22|r1|farming|llama3.1:8b,r1|farming|llama3.1:8b,22,farming,r/farming,2,llama3.1:8b,23.0,sharing a personal story or experience,crop insurance paperwork,a 45-year-old small-town mechanic,Crop Insurance Nightmare in Small Town USA,"Just spent three days wrestling with crop insurance paperwork for my cousin's farm. We've had this farm in our family for generations, and I thought I knew what I was doing, but turns out the devil's in the details. Had to recreate their entire planting schedule from memory and track down old receipts for seed and fertilizer purchases. Frustrating, but at least it'll pay off if the crops fail again.",70,20.07,6,41.0,0.0,7.0,36.0,7.0,29.0,0.0,2.0,35.0,13.0,9.0,21.0
s22|r1|cooking|llama3.1:8b,r1|cooking|llama3.1:8b,22,cooking,r/cooking,2,llama3.1:8b,33.0,celebrating a small win,bread that will not rise,a 45-year-old small-town mechanic,Finally figured out why my bread won't rise,"I was about to give up on baking but I finally tracked down the problem. My yeast wasn't doing its job because of old flour. Duh, right? Had me stumped for weeks. But now that I'm using fresh stuff it's like a whole new world in here. First loaf came out perfect, not too dense or anything. I mean, it's no five-star bakery but it'll do for my family dinner.",70,11.84,3,50.0,0.0,1.0,39.0,10.0,50.0,0.0,0.0,36.0,14.0,0.0,0.0
s22|r1|tech|llama3.1:8b,r1|tech|llama3.1:8b,22,tech,r/technology,2,llama3.1:8b,43.0,asking for a recommendation,repairing instead of replacing a device,a 35-year-old single dad,Repairing an old tablet vs buying a new one,"I've got a 6-year-old iPad that my kid still loves using for educational apps. It's been dropped a few times and the screen is cracked, but it still works fine otherwise. I'm tempted to just buy him a new one, but I'd rather not waste the money. Does anyone know of any good tablet repair services or DIY tutorials that could help me fix this thing up instead?",68,3.97,1,49.0,1.0,4.0,44.0,2.0,39.0,11.0,4.0,34.0,12.0,0.0,0.0
s22|r2|personal_finance|llama3.1:8b,r2|personal_finance|llama3.1:8b,22,personal_finance,r/personalfinance,3,llama3.1:8b,5.0,giving an opinion that some people will disagree with,getting a raise and avoiding lifestyle creep,a 41-year-old farmer,Lifestyle creep is inevitable with a raise - just accept it.,"I got a 20% pay bump last year after expanding my farm's operations. While it was nice to have more money, I didn't change my spending habits much. The truth is, there are only so many ways to spend extra cash without losing the benefits of frugality. If you're not careful, that raise will just fuel a desire for more stuff. You gotta find a way to keep yourself in check.",71,7.41,2,26.0,12.0,16.0,26.0,8.0,23.0,4.0,4.0,30.0,16.0,12.0,23.0
s22|r2|cars|llama3.1:8b,r2|cars|llama3.1:8b,22,cars,r/cars,3,llama3.1:8b,15.0,venting about something frustrating,buying a used truck with high mileage,a 30-year-old nurse working night shifts,Buying a used truck with high mileage is a nightmare,"Just got back from looking at a used truck I'm considering buying. The seller says it's 80k miles, but the service records show over 120k. He's trying to lowball me on price and acting like he's doing me a favor by selling it so cheaply. I've been up all night working my shift and I just want something reliable, not some money pit that's gonna leave me stranded. Ugh.",69,7.3,2,50.0,0.0,21.0,26.0,3.0,48.0,0.0,3.0,29.0,18.0,0.0,2.0
s22|r2|farming|llama3.1:8b,r2|farming|llama3.1:8b,22,farming,r/farming,3,llama3.1:8b,25.0,celebrating a small win,drought and well water,a 30-year-old nurse working night shifts,"Drought is getting tough, but our well water still works","I was working my night shift at the hospital last week when I called home to check on things. My husband said we had a good rain shower in the area and that our well water levels were still looking okay. That little bit of news got me through a long 12 hour night. We're not out of the woods yet, but it's a small win.",66,10.83,3,21.0,29.0,1.0,33.0,16.0,22.0,28.0,1.0,34.0,15.0,0.0,0.0
s22|r2|cooking|llama3.1:8b,r2|cooking|llama3.1:8b,22,cooking,r/cooking,3,llama3.1:8b,35.0,sharing a personal story or experience,using up leftovers,a 45-year-old small-town mechanic,Leftover lasagna turned into a great breakfast casserole,"I was getting ready for work yesterday morning when I remembered we had leftover lasagna from dinner the night before. I decided to get creative and turn it into a breakfast casserole by adding some scrambled eggs, shredded cheese, and diced ham. It ended up being one of the best breakfasts I've made in a long time. Now my wife is requesting it every weekend.",65,3.95,1,50.0,0.0,0.0,45.0,5.0,50.0,0.0,0.0,39.0,11.0,0.0,0.0
s22|r2|tech|llama3.1:8b,r2|tech|llama3.1:8b,22,tech,r/technology,3,llama3.1:8b,45.0,celebrating a small win,streaming service fatigue,a 61-year-old close to retirement,Finally canceled a streaming service,"I just cancelled my Apple TV+ subscription. I know it's a small thing but it feels like a weight off my shoulders. The endless options and rising prices were starting to get to me. I've been a tech enthusiast for years, but now that I'm closer to retirement, I'm reevaluating my entertainment habits. Simple pleasures like watching old movies on DVD are looking more appealing by the day.",68,9.44,3,49.0,1.0,2.0,37.0,11.0,50.0,0.0,2.0,30.0,18.0,0.0,0.0
s22|r3|personal_finance|llama3.1:8b,r3|personal_finance|llama3.1:8b,22,personal_finance,r/personalfinance,4,llama3.1:8b,7.0,sharing a practical tip that worked,what to do with a tax refund,a 33-year-old software tester,My tax refund paid off my credit card debt,"I just got my tax refund check in the mail today and I'm excited to finally pay off some of my high-interest credit card debt. I've been paying minimum payments for months but it's only added up to a few hundred dollars. Now that I have over 2 grand, I can put it towards my cards and actually see some progress. Hopefully this will give me the momentum to keep paying more than the minimum.",75,13.75,4,36.0,14.0,3.0,42.0,5.0,49.0,1.0,1.0,30.0,19.0,0.0,0.0
s22|r3|cars|llama3.1:8b,r3|cars|llama3.1:8b,22,cars,r/cars,4,llama3.1:8b,17.0,sharing a practical tip that worked,"winter tires, worth it or not",a 24-year-old in their first full-time job,Winter Tires: Worth the Cost?,"I just got a full-time job in a rural area and I'm driving to work every day. I thought about getting winter tires but wasn't sure if it was worth the extra cash. Just installed them last weekend and the difference is huge, especially on icy roads. They've made my commute so much safer and less stressful. Definitely would recommend to anyone who lives in a cold climate.",68,6.77,2,50.0,0.0,7.0,39.0,4.0,50.0,0.0,1.0,31.0,18.0,0.0,0.0
s22|r3|farming|llama3.1:8b,r3|farming|llama3.1:8b,22,farming,r/farming,4,llama3.1:8b,27.0,celebrating a small win,calving season at night,a 38-year-old parent of two,First calf born under stars,"I'm beaming with pride as I write this. We finally got our first calf of the season, a healthy little heifer born at 10pm last night. The whole family was up to watch it arrive, and my kids were grinning from ear to ear. My wife handled the delivery like a pro. Now we're all exhausted but exhilarated for the new life on the farm.",65,6.95,2,36.0,14.0,2.0,37.0,11.0,38.0,12.0,1.0,32.0,17.0,0.0,0.0
s22|r3|cooking|llama3.1:8b,r3|cooking|llama3.1:8b,22,cooking,r/cooking,4,llama3.1:8b,37.0,venting about something frustrating,meal prep for the week,a 19-year-old college student,Meal prep disaster week two in a row,"I swear, I've got it all planned out - buy groceries, cook meals for the week, portion them out. But somehow I always end up with a bunch of leftover containers and a fridge full of food that's going to go bad. Today I spent an hour chopping veggies only to realize I already had the same ones at home. Anyone else struggle with meal prep?",66,6.93,2,46.0,2.0,10.0,27.0,13.0,35.0,4.0,0.0,33.0,17.0,2.0,11.0
s22|r3|tech|llama3.1:8b,r3|tech|llama3.1:8b,22,tech,r/technology,4,llama3.1:8b,47.0,sharing a practical tip that worked,backing up family photos,a 27-year-old who moved to a new city,"Moved to a new city, needed a reliable way to back up family photos.",I just set up an external hard drive connected directly to my router for automatic backups of all my devices. It's been running for a week now and I've already tried testing it by deleting some files on one device. The backup is seamless and I don't have to worry about syncing or anything. Been using this method since I moved to the new city with my family.,68,7.63,2,3.0,29.0,9.0,36.0,5.0,27.0,7.0,4.0,32.0,14.0,18.0,16.0
s22|r4|personal_finance|llama3.1:8b,r4|personal_finance|llama3.1:8b,22,personal_finance,r/personalfinance,5,llama3.1:8b,9.0,sharing a personal story or experience,whether to take a 401k match or pay down loans,a 38-year-old parent of two,401k match vs paying down high-interest loans conundrum,"I've been stressing about this decision for weeks. We're in a good financial spot, but our mortgage and credit cards are still pretty pricey. My wife suggested I put my bonus into the 401k to get the company match - $1,500 free money sounds amazing. But on the other hand, if I just paid off some of those loans it would be huge stress relief. We have two little ones at home who don't care about our financial situation...",79,4.58,1,45.0,5.0,4.0,38.0,8.0,47.0,3.0,1.0,32.0,17.0,0.0,0.0
s22|r4|cars|llama3.1:8b,r4|cars|llama3.1:8b,22,cars,r/cars,5,llama3.1:8b,19.0,asking the community for advice,the most reliable car ever owned,a 45-year-old small-town mechanic,Most Reliable Car Ever Owned - Small Town Mechanic's Perspective,"I've seen my fair share of cars come and go on my shop's lot, but I got one regular customer whose old Honda Civic has been running strong for over 250k miles. I'm talking no major issues, just routine maintenance. I know it's not the prettiest car out there, but reliability is key to rural folks like mine. Can anyone share their own experiences with a super reliable ride?",69,4.21,1,47.0,3.0,1.0,41.0,8.0,44.0,5.0,0.0,29.0,21.0,0.0,1.0
s22|r4|farming|llama3.1:8b,r4|farming|llama3.1:8b,22,farming,r/farming,5,llama3.1:8b,29.0,sharing a practical tip that worked,selling at a farmers market,a 19-year-old college student,Farmers market tip: use a price list on a clipboard,"I've been selling my parents' produce at our local farmers market for years now. One thing that's really helped is using a simple price list on a clipboard to keep track of everything. It makes it easy to ring people up and you don't have to worry about forgetting what something costs or getting into arguments over change. Just print out your prices, stick them on the board and you're good to go.",73,18.47,5,42.0,8.0,8.0,32.0,10.0,49.0,1.0,1.0,34.0,15.0,0.0,0.0
s22|r4|cooking|llama3.1:8b,r4|cooking|llama3.1:8b,22,cooking,r/cooking,5,llama3.1:8b,39.0,sharing a personal story or experience,a failed dinner party dish,a 38-year-old parent of two,My disastrous attempt at Beef Wellington,"I'm still cringing thinking about my failed dinner party dish. I tried to make Beef Wellington for a small gathering and it ended up being a disaster. The puff pastry shrunk in the oven, the duxelles was too dry, and the beef was overcooked. My guests were nice enough but I could tell they were just humoring me. I won't be sharing my cooking secrets anytime soon!",67,4.05,1,34.0,9.0,8.0,34.0,8.0,17.0,1.0,0.0,35.0,15.0,7.0,32.0
s22|r4|tech|llama3.1:8b,r4|tech|llama3.1:8b,22,tech,r/technology,5,llama3.1:8b,49.0,asking the community for advice,wireless earbuds that keep breaking,a 30-year-old nurse working night shifts,Wireless earbuds that break after a few weeks of use,"I've gone through 3 pairs in the past year as a night shift nurse. I need something that can keep up with my busy schedule and won't fall apart after a month. Anyone have any recommendations for wireless earbuds that are durable and reliable? I'm not looking to spend an arm and a leg, but I do want something that will last longer than 6 weeks.",66,26.74,8,41.0,2.0,7.0,39.0,4.0,24.0,3.0,8.0,32.0,10.0,7.0,23.0
s22|r0|personal_finance|gemma4:e2b,r0|personal_finance|gemma4:e2b,22,personal_finance,r/personalfinance,1,gemma4:e2b,2.0,venting about something frustrating,cancelling subscriptions and what it saved,a 61-year-old close to retirement,Finally cutting the subscription waste,I finally got around to canceling all those streaming services and app subscriptions I was paying for. It felt like a huge mental weight just letting them go. I was really surprised by how much money I was bleeding every month on services I barely used. It's amazing how quickly those small recurring payments add up. I feel a lot lighter now that I'm not paying for stuff I don't use anymore.,72,1.56,1,50.0,0.0,2.0,46.0,2.0,50.0,0.0,0.0,38.0,12.0,0.0,0.0
s22|r0|cars|gemma4:e2b,r0|cars|gemma4:e2b,22,cars,r/cars,1,gemma4:e2b,12.0,giving an opinion that some people will disagree with,a DIY brake job,a 30-year-old nurse working night shifts,DIY Brake Job: Worth the Risk?,"I just did a full brake job on my older truck, and honestly, I feel like I saved some serious money. The parts were cheap, and I learned a ton about the system. However, I know some people will argue that you need a certified mechanic for safety reasons. I feel like if you understand the basics, you can do it right, but there’s a line where it stops being DIY and starts being dangerous. Just something to think about.",80,1.69,1,35.0,14.0,4.0,34.0,12.0,49.0,0.0,1.0,27.0,22.0,1.0,1.0
s22|r0|farming|gemma4:e2b,r0|farming|gemma4:e2b,22,farming,r/farming,1,gemma4:e2b,22.0,asking for a recommendation,fencing a new pasture,a 35-year-old single dad,Best fencing for a new pasture?,Hey everyone I'm trying to fence off a new pasture this spring and I'm totally overwhelmed by the options. I've looked into barbed wire and woven wire but I'm not sure what will hold up best against the local animals and the weather. Has anyone had experience with specific types of fencing that worked really well for their property? I'm looking for something durable and reasonably priced. Any recommendations I'd really appreciate.,72,1.62,1,22.0,28.0,8.0,34.0,8.0,37.0,13.0,0.0,34.0,16.0,0.0,0.0
s22|r0|cooking|gemma4:e2b,r0|cooking|gemma4:e2b,22,cooking,r/cooking,1,gemma4:e2b,32.0,sharing a personal story or experience,a weeknight dinner in 20 minutes,a 24-year-old in their first full-time job,My new weeknight dinner hack,So I'm just starting my first real job and I'm totally overwhelmed with cooking. I was trying to figure out how to make something decent without spending an hour in the kitchen after a long day. I finally figured out a super simple sheet pan meal that takes less than twenty minutes from start to finish. It's been a lifesaver for getting something home-cooked without feeling completely defeated by dinner time.,71,3.07,2,46.0,3.0,3.0,40.0,7.0,50.0,0.0,0.0,37.0,13.0,1.0,0.0
s22|r0|tech|gemma4:e2b,r0|tech|gemma4:e2b,22,tech,r/technology,1,gemma4:e2b,42.0,venting about something frustrating,privacy settings everyone should change,a 61-year-old close to retirement,Privacy settings are a nightmare right now,"I am getting so annoyed with how much I have to fiddle with privacy settings on every new gadget I buy. It feels like every time I get a new phone or smart device, I'm wading through endless menus just to try and keep some semblance of control. It's honestly exhausting trying to understand all the options and make the right choices. It just feels like a constant battle just to feel a little bit secure online.",77,1.59,1,49.0,0.0,10.0,36.0,4.0,47.0,0.0,6.0,29.0,15.0,1.0,3.0
s22|r1|personal_finance|gemma4:e2b,r1|personal_finance|gemma4:e2b,22,personal_finance,r/personalfinance,2,gemma4:e2b,4.0,asking the community for advice,starting to invest with a small amount,a 45-year-old small-town mechanic,Starting to invest with a little cash help?,"Hey everyone I'm 45 and I'm trying to get into investing but I only have a small amount to start with. I'm not sure where to even begin with stocks or index funds. Has anyone here made the jump and what was your initial strategy? I'm looking for some solid, beginner friendly advice to get started without losing money right away. Any tips would be greatly appreciated.",67,3.0,2,41.0,9.0,4.0,40.0,6.0,43.0,7.0,1.0,33.0,16.0,0.0,0.0
s22|r1|cars|gemma4:e2b,r1|cars|gemma4:e2b,22,cars,r/cars,2,gemma4:e2b,14.0,sharing a personal story or experience,manual transmissions dying out,a 41-year-old farmer,My old manual gearbox is finally giving up,"Been driving this old Ford F-150 for thirty years now, and the transmission is really starting to act up. I've been hearing that grinding noise getting worse every time I shift, and lately it just feels like it's about to die completely. It’s getting harder and harder to get the gears to engage smoothly, especially when I'm pushing it up a hill. It’s frustrating because I rely on that truck every single day for work.",75,1.72,1,49.0,1.0,7.0,35.0,8.0,39.0,4.0,0.0,32.0,18.0,0.0,7.0
s22|r1|farming|gemma4:e2b,r1|farming|gemma4:e2b,22,farming,r/farming,2,gemma4:e2b,24.0,sharing a personal story or experience,crop insurance paperwork,a 45-year-old small-town mechanic,Struggling with crop insurance paperwork,"Man, dealing with this crop insurance paperwork has been a headache. I've been at it for weeks now trying to figure out all the yield reports and the acreage declarations. It's all a maze of forms and jargon that just doesn't make sense to a guy who likes wrenching. I finally got it sorted out after calling the extension office, but honestly, it takes up way too much time I could be spending fixing engines.",75,1.63,1,31.0,0.0,14.0,27.0,9.0,23.0,4.0,3.0,31.0,16.0,19.0,23.0
s22|r1|cooking|gemma4:e2b,r1|cooking|gemma4:e2b,22,cooking,r/cooking,2,gemma4:e2b,34.0,celebrating a small win,bread that will not rise,a 45-year-old small-town mechanic,My flat bread finally stayed flat,"Man, I finally did it. Been trying to get some decent sourdough for weeks, and every time I tried, it just wouldn't cooperate. Today, I let it go and just baked some simple white bread. It didn't rise at all, and honestly, it tastes fine enough for sandwiches. It's not fancy, but it's a win for me. Sometimes the simplest thing is the best thing, especially when you're just trying to get some food on the table.",77,1.76,1,12.0,38.0,0.0,47.0,3.0,44.0,4.0,0.0,38.0,12.0,0.0,2.0
s22|r1|tech|gemma4:e2b,r1|tech|gemma4:e2b,22,tech,r/technology,2,gemma4:e2b,44.0,asking for a recommendation,repairing instead of replacing a device,a 35-year-old single dad,Thoughts on fixing broken tech instead of buying new,Hey everyone I'm trying to think about repairing my stuff instead of just throwing it out when something breaks. I've got a few older gadgets that are starting to act up and I'm wondering what the best routes are for DIY repairs versus taking it to a professional. Has anyone done a particularly good job fixing a laptop or phone recently? I'm trying to save some money and be more sustainable with my tech purchases.,75,1.62,1,50.0,0.0,7.0,34.0,9.0,50.0,0.0,2.0,34.0,14.0,0.0,0.0
s22|r2|personal_finance|gemma4:e2b,r2|personal_finance|gemma4:e2b,22,personal_finance,r/personalfinance,3,gemma4:e2b,6.0,giving an opinion that some people will disagree with,getting a raise and avoiding lifestyle creep,a 41-year-old farmer,"Raise means more, watch out for the trap","I'm 41 and I've seen what happens when you get a raise. It's tempting to immediately upgrade spending, but that's where most folks mess up. My advice is to treat the extra money like a buffer, not a new baseline for living. Keep the essentials the same and put a good chunk into savings first. Lifestyle creep is a sneaky thing that eats up all the good gains.",68,1.63,1,50.0,0.0,1.0,48.0,1.0,50.0,0.0,1.0,37.0,12.0,0.0,0.0
s22|r2|cars|gemma4:e2b,r2|cars|gemma4:e2b,22,cars,r/cars,3,gemma4:e2b,16.0,venting about something frustrating,buying a used truck with high mileage,a 30-year-old nurse working night shifts,Used truck nightmare with high mileage,"Ugh, I'm so over this whole used truck buying experience. I finally snagged one that looks decent but the mileage is absolutely insane. I feel like I just bought a lemon. It's driving me crazy trying to figure out if the maintenance history is even worth the gamble. I just want something reliable without having to constantly worry about what hidden issues are lurking under that high number. Seriously frustrating stuff.",71,1.58,1,50.0,0.0,17.0,27.0,6.0,40.0,0.0,1.0,24.0,25.0,0.0,10.0
s22|r2|farming|gemma4:e2b,r2|farming|gemma4:e2b,22,farming,r/farming,3,gemma4:e2b,26.0,celebrating a small win,drought and well water,a 30-year-old nurse working night shifts,Finally found some water after the drought,"Man, I'm so relieved. We've been dealing with this terrible drought, and the well water situation has been really stressful lately. I spent the whole afternoon digging and checking the lines, and I finally found a spot where we can get a steady flow. It feels like a huge weight has been lifted off my chest. Even just having reliable water makes everything feel a little more manageable out here.",70,1.55,1,50.0,0.0,2.0,38.0,10.0,49.0,1.0,0.0,35.0,15.0,0.0,0.0
s22|r2|cooking|gemma4:e2b,r2|cooking|gemma4:e2b,22,cooking,r/cooking,3,gemma4:e2b,36.0,sharing a personal story or experience,using up leftovers,a 45-year-old small-town mechanic,Struggling to eat my leftover pot roast,"Man, I was staring at a giant leftover pot roast from Sunday dinner and felt like throwing it out. It's a real struggle trying to figure out what to do with it before it goes bad. I ended up making a weird kind of sloppy joe mix with some onions and a can of kidney beans. It wasn't gourmet, but it filled the gap. Sometimes the best meals come from just making do with what you already have on hand.",80,1.67,1,35.0,15.0,3.0,42.0,5.0,40.0,9.0,2.0,35.0,13.0,0.0,1.0
s22|r2|tech|gemma4:e2b,r2|tech|gemma4:e2b,22,tech,r/technology,3,gemma4:e2b,46.0,celebrating a small win,streaming service fatigue,a 61-year-old close to retirement,Finally finished my streaming service chaos,"I just managed to cancel three streaming subscriptions. It felt like a huge weight lifted off my shoulders. Trying to keep up with all the new services is just exhausting, honestly. I'm going to spend the saved money on some nice gardening tools instead. Hopefully, this frees up some mental space for actual relaxing now that I don't have to constantly choose between endless content.",65,1.45,1,50.0,0.0,6.0,41.0,3.0,50.0,0.0,6.0,31.0,13.0,0.0,0.0
s22|r3|personal_finance|gemma4:e2b,r3|personal_finance|gemma4:e2b,22,personal_finance,r/personalfinance,4,gemma4:e2b,8.0,sharing a practical tip that worked,what to do with a tax refund,a 33-year-old software tester,Where I put my tax refund money,Hey everyone I just got my refund and I wanted to share what I did. I immediately put half of it into a high-yield savings account to keep it safe and accessible. The other half I used to pay down a small credit card balance I had sitting there. It felt really good to tackle that debt right away instead of just letting it sit. It's a simple first step for me.,72,1.54,1,50.0,0.0,0.0,43.0,7.0,50.0,0.0,0.0,34.0,16.0,0.0,0.0
s22|r3|cars|gemma4:e2b,r3|cars|gemma4:e2b,22,cars,r/cars,4,gemma4:e2b,18.0,sharing a practical tip that worked,"winter tires, worth it or not",a 24-year-old in their first full-time job,Winter tires are absolutely worth the investment,Hey everyone I'm just starting my first full-time job and I wanted to share a real experience with winter tires. I was skeptical about the cost but I've noticed a huge difference in handling and safety on icy roads. The confidence boost is real. I definitely plan on getting a set for the upcoming winter. It feels way better knowing the car is prepared for anything the weather throws at us.,71,1.55,1,50.0,0.0,7.0,40.0,3.0,49.0,0.0,1.0,33.0,16.0,0.0,1.0
s22|r3|farming|gemma4:e2b,r3|farming|gemma4:e2b,22,farming,r/farming,4,gemma4:e2b,28.0,celebrating a small win,calving season at night,a 38-year-old parent of two,Calving happened right on schedule,"Man, I'm still buzzing from this morning. We finally had a calf born during the night, which is always a bit nerve-wracking, but it felt so right. The whole process was a bit chaotic with the dark, but seeing the little guy safely out of the water made it all worth it. Exhausted now, but feeling a huge sense of accomplishment. Hope the rest of the season goes smoothly for us.",71,1.59,1,33.0,17.0,1.0,33.0,16.0,40.0,10.0,0.0,33.0,17.0,0.0,0.0
s22|r3|cooking|gemma4:e2b,r3|cooking|gemma4:e2b,22,cooking,r/cooking,4,gemma4:e2b,38.0,venting about something frustrating,meal prep for the week,a 19-year-old college student,Meal prep is killing me this week,"Seriously I am so done with meal prepping. I planned out five dinners and lunches on Sunday, and now I have zero motivation to actually cook anything. I tried to chop all the veggies but ended up just staring at the pile. It feels like such a massive waste of time and effort when I'm just trying to survive these midterms. I think I'm just going to order takeout every night now.",72,1.55,1,33.0,0.0,23.0,21.0,6.0,14.0,0.0,4.0,25.0,21.0,17.0,36.0
s22|r3|tech|gemma4:e2b,r3|tech|gemma4:e2b,22,tech,r/technology,4,gemma4:e2b,48.0,sharing a practical tip that worked,backing up family photos,a 27-year-old who moved to a new city,Finally figured out a solid photo backup plan,Hey everyone I just moved to this new city and I'm still wrestling with backing up all my family photos. I was using the cloud service but the upload speeds were terrible and I got frustrated. I finally switched to an external hard drive setup. I now keep one drive for immediate access and the other drive connected to my computer for long term storage. It's much more reliable and I feel way better about keeping everything safe now.,79,1.64,1,49.0,1.0,6.0,37.0,7.0,50.0,0.0,0.0,30.0,20.0,0.0,0.0
s22|r4|personal_finance|gemma4:e2b,r4|personal_finance|gemma4:e2b,22,personal_finance,r/personalfinance,5,gemma4:e2b,10.0,sharing a personal story or experience,whether to take a 401k match or pay down loans,a 38-year-old parent of two,401k match versus paying down debt,"Trying to figure out the best use of extra cash right now. I'm at the point where I'm weighing the immediate benefit of the 401k match against the psychological win of eliminating high-interest debt. My kids' college savings are a big focus, so I feel torn between long-term investing and reducing monthly payments. Has anyone else made this call when balancing retirement and debt repayment for a family?",68,1.63,1,49.0,1.0,5.0,38.0,7.0,48.0,2.0,3.0,30.0,17.0,0.0,0.0
s22|r4|cars|gemma4:e2b,r4|cars|gemma4:e2b,22,cars,r/cars,5,gemma4:e2b,20.0,asking the community for advice,the most reliable car ever owned,a 45-year-old small-town mechanic,What is the most reliable car you've ever owned?,Hey everyone I've been tinkering around in the shop for a long time and I'm curious. I'm trying to figure out what the absolute most reliable car is out there. I've seen a lot of different makes and models over the years but I'm looking for a real-world example that just runs and runs without any fuss. Any personal experiences or recommendations would be super helpful for me to consider.,70,1.66,1,6.0,41.0,10.0,26.0,14.0,27.0,20.0,0.0,31.0,19.0,3.0,3.0
s22|r4|farming|gemma4:e2b,r4|farming|gemma4:e2b,22,farming,r/farming,5,gemma4:e2b,30.0,sharing a practical tip that worked,selling at a farmers market,a 19-year-old college student,My market stall sales tip worked,Hey everyone I'm still figuring things out with selling at the farmers market. I noticed that people really responded to having a clear story behind what I was selling. Instead of just putting a price on my tomatoes I started talking about where they came from and how I grew them. People were much more willing to pay a bit more for that connection. It made the whole experience way better for both of us.,75,1.54,1,50.0,0.0,2.0,45.0,3.0,50.0,0.0,3.0,35.0,12.0,0.0,0.0
s22|r4|cooking|gemma4:e2b,r4|cooking|gemma4:e2b,22,cooking,r/cooking,5,gemma4:e2b,40.0,sharing a personal story or experience,a failed dinner party dish,a 38-year-old parent of two,My disastrous attempt at homemade lasagna,"So I decided to impress some friends by making a homemade lasagna for a dinner party. I followed the recipe exactly, but things went terribly wrong. The sauce separated and the cheese turned into a weird, stringy mess. It ended up looking more like a casserole disaster than a beautiful dish. We ended up ordering pizza instead, but I learned a lot about kitchen mishaps.",65,1.43,1,34.0,10.0,4.0,37.0,9.0,25.0,3.0,0.0,37.0,13.0,6.0,22.0
s22|r4|tech|gemma4:e2b,r4|tech|gemma4:e2b,22,tech,r/technology,5,gemma4:e2b,50.0,asking the community for advice,wireless earbuds that keep breaking,a 30-year-old nurse working night shifts,"Wireless earbuds constantly breaking, any advice?","Hey everyone I'm having a seriously frustrating time with my wireless earbuds. I work night shifts as a nurse so I need reliable tech, but these keep failing after just a few weeks of use. I've tried different pairs but the connection or the physical parts seem to give out quickly. Has anyone found a set that is genuinely durable and lasts a long time? I'm open to any recommendations you might have.",73,1.58,1,37.0,5.0,15.0,31.0,4.0,30.0,14.0,2.0,27.0,21.0,8.0,6.0
s23|r0|personal_finance|llama3.1:8b,r0|personal_finance|llama3.1:8b,23,personal_finance,r/personalfinance,1,llama3.1:8b,1.0,asking the community for advice,a side hustle that paid off,a 24-year-old in their first full-time job,"First full-time job, struggling to save - what's a reliable side hustle?","I've been in my first full-time job for 6 months now and I'm finally getting used to the routine. However, I'm finding it hard to save any significant amount each month. My friends suggested starting a side hustle but I don't know where to begin. I'm decent with graphic design but not sure how to turn that into a paying gig. Any advice on what works for young professionals like me?",71,7.32,2,34.0,16.0,9.0,36.0,5.0,27.0,23.0,0.0,31.0,19.0,0.0,0.0
s23|r0|cars|llama3.1:8b,r0|cars|llama3.1:8b,23,cars,r/cars,1,llama3.1:8b,11.0,giving an opinion that some people will disagree with,a DIY brake job,a 45-year-old small-town mechanic,DIY Brake Jobs Are a Recipe for Disaster,"I've been fixing cars in this small town for 20 years and I gotta say, I'm against DIY brake jobs. It's not just the money you'll spend on new parts and tools that's at risk, it's your safety on the road too. Most people don't have the experience or knowledge to do a proper job, and it shows in their work. If you're not a pro, leave it to someone who is.",72,17.81,5,48.0,0.0,27.0,22.0,1.0,26.0,0.0,14.0,19.0,17.0,2.0,24.0
s23|r0|farming|llama3.1:8b,r0|farming|llama3.1:8b,23,farming,r/farming,1,llama3.1:8b,21.0,giving an opinion that some people will disagree with,drought and well water,a 30-year-old nurse working night shifts,Drought response: drilling new wells might not be the answer.,"I've been working night shifts as a nurse for years and I've seen firsthand how droughts can devastate rural communities. My family has a small farm in a nearby county, and we're lucky to have access to well water. But I think people are romanticizing drilling new wells as the solution - it's not that simple. In some cases, it could even exacerbate the problem by over-drafting aquifers.",68,4.27,1,50.0,0.0,5.0,43.0,2.0,50.0,0.0,2.0,35.0,13.0,0.0,0.0
s23|r0|cooking|llama3.1:8b,r0|cooking|llama3.1:8b,23,cooking,r/cooking,1,llama3.1:8b,31.0,sharing a practical tip that worked,cast iron care,a 52-year-old who just got divorced,Cast Iron Seasoning Survival After 30 Years of Marriage,"I'm still getting used to cooking for one. Had some leftover steak last night and decided to throw it in my cast iron skillet. The seasoning on it is still going strong after all these years, but I did notice a slight stickiness after washing it with soap. Learned the hard way that's not supposed to happen. Now I'm soaking it in oil before wiping clean.",66,19.12,6,37.0,13.0,0.0,42.0,8.0,44.0,6.0,0.0,37.0,13.0,0.0,0.0
s23|r0|tech|llama3.1:8b,r0|tech|llama3.1:8b,23,tech,r/technology,1,llama3.1:8b,41.0,asking the community for advice,switching from Windows to Mac,a 33-year-old software tester,Switching from Windows to Mac - advice needed,"I've been a windows user for over 15 years but I'm considering making the switch to a mac. My current job requires me to test software on both platforms so it's not a huge deal to jump between them, but I'm having trouble deciding which specific model to go with and if it's worth the cost. Any advice from fellow tech enthusiasts would be greatly appreciated.",66,13.62,4,21.0,29.0,9.0,22.0,19.0,14.0,36.0,5.0,29.0,16.0,0.0,0.0
s23|r1|personal_finance|llama3.1:8b,r1|personal_finance|llama3.1:8b,23,personal_finance,r/personalfinance,2,llama3.1:8b,3.0,asking for a recommendation,a car loan that turned out to be a mistake,a 45-year-old small-town mechanic,"Bad car loan experience, need advice on paying it off early","I've been a mechanic in this small town for 20 years, but I made a big mistake last year when I bought my current truck. The dealership convinced me to take out an 84-month loan with 8% interest, saying it was the only way I could afford the truck's price tag. Now I'm regretting that decision. Has anyone else dealt with similar circumstances and found a good way to pay off their car loan early?",75,7.89,2,49.0,1.0,5.0,43.0,2.0,45.0,5.0,2.0,28.0,20.0,0.0,0.0
s23|r1|cars|llama3.1:8b,r1|cars|llama3.1:8b,23,cars,r/cars,2,llama3.1:8b,13.0,sharing a practical tip that worked,buying a used truck with high mileage,a 19-year-old college student,"Bought a used truck with high mileage, here's what I did to ensure reliability.","I recently purchased a 2008 Ford F-150 with 120k miles. I know it was a risk but I really needed a truck for campus life and couldn't afford new. The seller said it had been serviced regularly so I took his word and got it checked by a mechanic before buying. He replaced the timing chain and gave me an estimate of another 100k miles on the engine, which has been true so far.",74,21.43,6,39.0,9.0,3.0,36.0,11.0,27.0,3.0,3.0,31.0,16.0,2.0,20.0
s23|r1|farming|llama3.1:8b,r1|farming|llama3.1:8b,23,farming,r/farming,2,llama3.1:8b,23.0,asking the community for advice,selling at a farmers market,a 61-year-old close to retirement,Selling at a Farmers Market - Best Practices for an Older Vendor,"I'm getting close to retirement and I'd like to start selling my homegrown produce at a local farmers market. Problem is, I'm not as spry as I used to be. What are some tips you've got for an older vendor like myself? How do you handle the physical demands of restocking, lifting heavy crates, etc.? Any advice on how to navigate the sales side of things would be appreciated.",69,7.48,2,44.0,6.0,6.0,37.0,7.0,43.0,7.0,5.0,37.0,8.0,0.0,0.0
s23|r1|cooking|llama3.1:8b,r1|cooking|llama3.1:8b,23,cooking,r/cooking,2,llama3.1:8b,33.0,venting about something frustrating,a failed dinner party dish,a 52-year-old who just got divorced,Failed dinner party dish has me questioning my cooking skills,"I just got back from a disastrous dinner party at my place. I was trying to impress some new acquaintances and went all out with this fancy risotto dish. It looked perfect coming out of the oven, but by the time we sat down to eat it was a mushy disaster. My ex-wife would have killed me for serving something like that, now she's not even in the picture... still got those critical eyes haunting me",76,7.52,2,29.0,12.0,12.0,35.0,3.0,22.0,5.0,3.0,34.0,13.0,9.0,23.0
s23|r1|tech|llama3.1:8b,r1|tech|llama3.1:8b,23,tech,r/technology,2,llama3.1:8b,43.0,venting about something frustrating,an old computer given a second life,a 35-year-old single dad,Old Dell laptop resurrected from scrap heap nightmare,"I'm trying to teach my 8-year-old son about computer history by restoring an old Dell laptop I found in the attic. The thing was a death trap - loose connections, dead hard drive, and what I thought was a permanently stuck keyboard. After days of tinkering and replacing parts, it's finally up and running. But now I'm frustrated because Windows XP still doesn't play nice with my kid's favorite Minecraft mods.",71,4.26,1,49.0,1.0,3.0,45.0,2.0,41.0,8.0,2.0,32.0,16.0,0.0,1.0
s23|r2|personal_finance|llama3.1:8b,r2|personal_finance|llama3.1:8b,23,personal_finance,r/personalfinance,3,llama3.1:8b,5.0,venting about something frustrating,renting versus buying a first home,a 52-year-old who just got divorced,Renting a small home vs buying a starter home,"I just got divorced after 20 years of marriage. I'm finally free to start over, but I'm so frustrated with the whole renting vs buying debate. Everyone tells me to buy a cheap starter home because it's a great investment and I'll make money when I sell it. But what about maintenance costs? What about property taxes going up every year? Renting seems like the way to go for me right now, but I feel like I'm settling",78,4.45,1,45.0,5.0,4.0,43.0,3.0,23.0,27.0,2.0,33.0,15.0,0.0,0.0
s23|r2|cars|llama3.1:8b,r2|cars|llama3.1:8b,23,cars,r/cars,3,llama3.1:8b,15.0,sharing a practical tip that worked,restoring an old project car,a 30-year-old nurse working night shifts,Night Shift Tip for Old Car Restorations,"I've been working on restoring an old project car in my free time. On long nights, I find that a warm cup of tea and some soft music really help me focus and stay alert. Also, using LED work lights with adjustable arms has made it so much easier to see what I'm doing under the hood or in tight spaces. It's amazing how a little comfort and good lighting can make all the difference when working on a car late at night.",83,7.77,2,23.0,27.0,0.0,37.0,13.0,47.0,3.0,5.0,32.0,13.0,0.0,0.0
s23|r2|farming|llama3.1:8b,r2|farming|llama3.1:8b,23,farming,r/farming,3,llama3.1:8b,25.0,asking for a recommendation,switching to no-till,a 70-year-old retired teacher,Experienced Farmer Needed for Advice on Transitioning to No-Till,"I'm a 70-year-old retired teacher looking to simplify my life on the farm. I've been thinking of transitioning from conventional tillage to no-till, but I'm not sure where to start. I have about 20 acres of corn and soybeans and want to know if it's worth the investment. Any farmers out there who have made the switch, what were your experiences? What equipment did you use?",66,14.7,4,29.0,21.0,20.0,23.0,7.0,37.0,13.0,1.0,37.0,12.0,0.0,0.0
s23|r2|cooking|llama3.1:8b,r2|cooking|llama3.1:8b,23,cooking,r/cooking,3,llama3.1:8b,35.0,celebrating a small win,cooking for a picky kid,a 52-year-old who just got divorced,Small Victory in the Kitchen Today,"I made spaghetti for my kid last night. He's been complaining about it all week but actually ate a whole serving without argument. It's funny how much of a difference a little bit of effort can make when you're trying to be a decent parent after a rough few months. The divorce is still settling in, but moments like this remind me I'm not completely failing.",66,7.12,2,40.0,10.0,0.0,37.0,13.0,47.0,3.0,0.0,34.0,16.0,0.0,0.0
s23|r2|tech|llama3.1:8b,r2|tech|llama3.1:8b,23,tech,r/technology,3,llama3.1:8b,45.0,asking the community for advice,backing up family photos,a 52-year-old who just got divorced,"Lost my family photos after divorce, need help backing them up","I've recently gone through a divorce and in the chaos I lost access to all our shared devices. Now I'm left with no way to access most of my family's photos from the past 20 years. I have some on external hard drives but there are plenty more scattered across old computers, phones, and cameras. What's the best way to collect everything into one place?",65,10.91,3,37.0,13.0,10.0,38.0,2.0,40.0,10.0,2.0,29.0,19.0,0.0,0.0
s23|r3|personal_finance|llama3.1:8b,r3|personal_finance|llama3.1:8b,23,personal_finance,r/personalfinance,4,llama3.1:8b,7.0,sharing a personal story or experience,a monthly budget that finally worked,a 27-year-old who moved to a new city,Finally created a budget that sticks to new city expenses,"I've been living in my new city for 6 months now. I was struggling to balance rent, student loans, and savings on a decent salary. After trial and error, I created a budget that works: $1,200 fixed costs (rent, utilities), $800 flexible costs (food, entertainment), and 20% of income towards debt repayment. It's been a month since I implemented this and I feel more in control of my finances.",69,7.68,2,50.0,0.0,1.0,46.0,3.0,49.0,1.0,0.0,32.0,18.0,0.0,0.0
s23|r3|cars|llama3.1:8b,r3|cars|llama3.1:8b,23,cars,r/cars,4,llama3.1:8b,17.0,sharing a personal story or experience,EV versus hybrid for a long commute,a 45-year-old small-town mechanic,Switched from hybrid to EV for my 60-mile daily commute,"I recently made the switch from a Toyota Camry Hybrid to a Tesla Model 3. The change was a huge improvement for my daily drive to work and back. Charging at home overnight is a no-brainer, and I'm saving around $20 a week on gas. Range anxiety was a concern, but I've only had to charge once every few days so far. Worth the investment.",65,4.13,1,50.0,0.0,12.0,30.0,8.0,50.0,0.0,3.0,19.0,28.0,0.0,0.0
s23|r3|farming|llama3.1:8b,r3|farming|llama3.1:8b,23,farming,r/farming,4,llama3.1:8b,27.0,giving an opinion that some people will disagree with,fixing an old tractor instead of buying new,a 30-year-old nurse working night shifts,Old Tractors are a Waste of Time,"I've been working night shifts as a nurse for years and I finally got my hands on an old tractor to fix up. People say it's crazy not to just buy a new one, but I think it's a valuable skill to learn how to repair something that's been around the block a few times. And let's be real, most farmers are used to patching up broken equipment - why stop with your car when you can do it for your tractor too?",83,7.5,2,45.0,5.0,5.0,26.0,19.0,50.0,0.0,1.0,35.0,14.0,0.0,0.0
s23|r3|cooking|llama3.1:8b,r3|cooking|llama3.1:8b,23,cooking,r/cooking,4,llama3.1:8b,37.0,asking for a recommendation,grilling a steak right,a 52-year-old who just got divorced,Grilling a Steak for One - Tips Needed!,"I'm back to cooking for myself after a divorce. I used to grill steaks all the time but my ex always did them better than me. Now, I'm trying to recreate the perfect steak on my own. Problem is, it's just me and I don't want to cook too much meat at once. Does anyone have some advice or a simple method for grilling a great steak? Help!",68,26.78,8,8.0,42.0,2.0,44.0,4.0,37.0,13.0,0.0,34.0,16.0,0.0,0.0
s23|r3|tech|llama3.1:8b,r3|tech|llama3.1:8b,23,tech,r/technology,4,llama3.1:8b,47.0,sharing a practical tip that worked,privacy settings everyone should change,a 33-year-old software tester,Change one important setting on your smartphone to boost privacy,"I recently discovered that allowing apps to request location access but denying it doesn't actually stop them from accessing your location. I was shocked when I realized this on my own phone. To prevent this, go to your settings > apps > choose an app and then toggle the permission for 'location' to 'only while using this app'. It's a small change that makes a big difference.",67,3.89,1,34.0,1.0,4.0,43.0,3.0,45.0,0.0,5.0,33.0,12.0,15.0,5.0
s23|r4|personal_finance|llama3.1:8b,r4|personal_finance|llama3.1:8b,23,personal_finance,r/personalfinance,5,llama3.1:8b,9.0,asking for a recommendation,whether to take a 401k match or pay down loans,a 24-year-old in their first full-time job,401k match or debt repayment - which is the priority?,"Just started my first full-time job and I'm trying to figure out how to allocate my pay. My employer offers a 50% 401k match up to 6% of my salary, but I also have some high-interest loans that I'd like to tackle ASAP. If I contribute the minimum for the match will it be automatically invested? Should I prioritize paying down debt or taking advantage of the employer match?",69,4.17,1,47.0,3.0,5.0,35.0,10.0,50.0,0.0,1.0,30.0,19.0,0.0,0.0
s23|r4|cars|llama3.1:8b,r4|cars|llama3.1:8b,23,cars,r/cars,5,llama3.1:8b,19.0,giving an opinion that some people will disagree with,dealer markups and add-ons,a 38-year-old parent of two,Dealer markups and add-ons are a necessary evil.,"I've recently bought two new vehicles from different dealerships. Every time I walked out with a car, I felt ripped off by the additional costs. But the more I think about it, the more I believe dealer markups and add-ons are just part of doing business. It's not like they're trying to deceive you, they're just making a profit on things that need to be done anyway.",67,7.42,2,21.0,13.0,26.0,16.0,8.0,37.0,0.0,8.0,9.0,33.0,16.0,13.0
s23|r4|farming|llama3.1:8b,r4|farming|llama3.1:8b,23,farming,r/farming,5,llama3.1:8b,29.0,celebrating a small win,crop insurance paperwork,a 38-year-old parent of two,Finally got crop insurance paperwork done for the season!,"I'm thrilled to have finished sorting through all the paperwork for our farm's crop insurance. It took forever, but I was able to get everything submitted on time. Now I just need to breathe a sigh of relief and focus on planting instead. My kids were actually helpful today, they helped me keep track of some of the forms, it's moments like these that remind me why we do what we do.",72,3.98,1,23.0,27.0,6.0,29.0,15.0,36.0,14.0,1.0,32.0,17.0,0.0,0.0
s23|r4|cooking|llama3.1:8b,r4|cooking|llama3.1:8b,23,cooking,r/cooking,5,llama3.1:8b,39.0,asking for a recommendation,spicy food tolerance,a 24-year-old in their first full-time job,Spicy food tolerance - how to improve it?,"I'm new to my first full-time job and my colleagues are always teasing me about being a wimp when it comes to spice. I've had some pretty mild experiences with hot wings and jalapenos, but I know I can handle more. Does anyone have any tips on how to gradually increase my tolerance? I'd rather not start with the super-hot stuff and risk regretting it.",65,10.18,3,9.0,41.0,9.0,35.0,6.0,24.0,26.0,0.0,36.0,14.0,0.0,0.0
s23|r4|tech|llama3.1:8b,r4|tech|llama3.1:8b,23,tech,r/technology,5,llama3.1:8b,49.0,asking the community for advice,streaming service fatigue,a 19-year-old college student,Help me simplify my streaming services!,"I'm feeling overwhelmed by all the different platforms I have to keep track of. Netflix, Hulu, Amazon Prime, Disney+, HBO Max... I know a lot of people use multiple services for specific shows or movies, but I just can't keep up with it all. Anyone else feel like they're constantly switching between apps and logging in? Do you have any advice on how to consolidate my streaming habits?",68,7.03,2,47.0,3.0,13.0,31.0,6.0,44.0,6.0,5.0,28.0,17.0,0.0,0.0
s23|r0|personal_finance|gemma4:e2b,r0|personal_finance|gemma4:e2b,23,personal_finance,r/personalfinance,1,gemma4:e2b,2.0,asking the community for advice,a side hustle that paid off,a 24-year-old in their first full-time job,Side hustle that actually paid off,Hey everyone I just started my first full-time job and I've been trying to build some extra cash. I started doing freelance graphic design on the side and honestly it's been really helpful. I managed to save up enough for a decent emergency fund faster than I expected. Has anyone else had success with a small side hustle while starting out? I'm looking for real-world advice on how to balance it all.,72,1.6,1,50.0,0.0,2.0,43.0,5.0,48.0,2.0,2.0,37.0,11.0,0.0,0.0
s23|r0|cars|gemma4:e2b,r0|cars|gemma4:e2b,23,cars,r/cars,1,gemma4:e2b,12.0,giving an opinion that some people will disagree with,a DIY brake job,a 45-year-old small-town mechanic,"DIY brakes is a trap, folks","I've seen enough brake jobs in my time to tell you something. People think they can just jump in and do a brake job themselves, thinking they'll save a few bucks. They don't understand the tolerances, the material science, or how critical those components are for stopping. Trying to guess where to go wrong is just asking for a disaster down the line. Stick to a shop if you want safe stopping power.",73,1.6,1,48.0,0.0,19.0,27.0,4.0,50.0,0.0,9.0,28.0,13.0,2.0,0.0
s23|r0|farming|gemma4:e2b,r0|farming|gemma4:e2b,23,farming,r/farming,1,gemma4:e2b,22.0,giving an opinion that some people will disagree with,drought and well water,a 30-year-old nurse working night shifts,Drought and well water is a real nightmare,"I've seen enough of the dry spells to know how serious this is. When the surface water is gone, relying on well water becomes a huge gamble. It's not just about the amount you draw; it's about the quality and the sustainability of the aquifer itself. Some folks just want to wait it out, but I worry about the long-term viability for everyone in the farming community. It feels like a constant state of anxiety now.",76,1.68,1,50.0,0.0,4.0,42.0,4.0,50.0,0.0,0.0,33.0,17.0,0.0,0.0
s23|r0|cooking|gemma4:e2b,r0|cooking|gemma4:e2b,23,cooking,r/cooking,1,gemma4:e2b,32.0,sharing a practical tip that worked,cast iron care,a 52-year-old who just got divorced,My secret to keeping cast iron in great shape,"So I've been using a really simple trick for my cast iron lately, and it's been a game-changer. After every use, instead of just wiping it down, I let it air dry completely on the stovetop for about fifteen minutes. This really helps get all the moisture out. Then, I give it a light coat of olive oil and let it sit for an hour before wiping off the excess. It makes the seasoning stay much better for longer.",79,1.7,1,50.0,0.0,1.0,49.0,0.0,50.0,0.0,0.0,40.0,10.0,0.0,0.0
s23|r0|tech|gemma4:e2b,r0|tech|gemma4:e2b,23,tech,r/technology,1,gemma4:e2b,42.0,asking the community for advice,switching from Windows to Mac,a 33-year-old software tester,Windows to Mac switch advice needed,Hey everyone I'm a software tester and I'm seriously thinking about switching from Windows to macOS. I'm mostly on a laptop and I'm worried about the learning curve and compatibility with some specific enterprise software I use. Has anyone made the switch recently? I'm looking for real-world experiences regarding the transition and any major downsides I should be aware of before making a big change.,65,1.49,1,18.0,32.0,12.0,26.0,12.0,15.0,35.0,4.0,27.0,19.0,0.0,0.0
s23|r1|personal_finance|gemma4:e2b,r1|personal_finance|gemma4:e2b,23,personal_finance,r/personalfinance,2,gemma4:e2b,4.0,asking for a recommendation,a car loan that turned out to be a mistake,a 45-year-old small-town mechanic,"Bad car loan experience, need advice.",Hey everyone I'm trying to figure out what to do about a car loan I took out a few years ago. I thought I was getting a good rate but things got really complicated and the payments are just eating up my budget now. I'm not sure if I should try to refinance or just deal with it. Has anyone had a similar situation and found a good way to handle it? Any advice would be really appreciated.,78,1.6,1,19.0,31.0,27.0,19.0,4.0,27.0,23.0,1.0,20.0,29.0,0.0,0.0
s23|r1|cars|gemma4:e2b,r1|cars|gemma4:e2b,23,cars,r/cars,2,gemma4:e2b,14.0,sharing a practical tip that worked,buying a used truck with high mileage,a 19-year-old college student,Used truck high mileage surprisingly good deal,"Hey guys, I'm finally getting into buying a used truck and wanted to share something that worked for me. I found a truck with way more miles than I expected, and honestly, it was a steal. The key was ignoring the cosmetic stuff and focusing only on the maintenance records and the engine health check. Don't sweat the mileage as much if the mechanicals look solid. Just be really meticulous about checking those service history books before you buy anything.",80,1.67,1,49.0,0.0,5.0,32.0,13.0,40.0,0.0,1.0,28.0,21.0,1.0,10.0
s23|r1|farming|gemma4:e2b,r1|farming|gemma4:e2b,23,farming,r/farming,2,gemma4:e2b,24.0,asking the community for advice,selling at a farmers market,a 61-year-old close to retirement,Selling extra produce at the market?,"I'm thinking about selling some of the extra vegetables I grow at the local farmers market this season. I'm not sure if it's worth the time and effort for me right now, especially as I get closer to retirement. Has anyone else done this? I'm wondering about the setup, the pricing, and the overall experience. Any advice would be greatly appreciated before I make a decision.",66,4.09,3,15.0,35.0,5.0,37.0,8.0,28.0,22.0,1.0,35.0,14.0,0.0,0.0
s23|r1|cooking|gemma4:e2b,r1|cooking|gemma4:e2b,23,cooking,r/cooking,2,gemma4:e2b,34.0,venting about something frustrating,a failed dinner party dish,a 52-year-old who just got divorced,My attempt at a dinner party was a disaster,Ugh I just tried to host a small dinner party and everything went completely wrong. I was so nervous and I just couldn't get the sauce right. It tasted completely flat and frankly I felt like an absolute failure in front of everyone. I just wanted to relax and enjoy the company not spend the whole night stressing in the kitchen. Next time I'm just ordering takeout honestly.,68,2.85,2,19.0,17.0,12.0,29.0,9.0,12.0,6.0,0.0,32.0,18.0,14.0,32.0
s23|r1|tech|gemma4:e2b,r1|tech|gemma4:e2b,23,tech,r/technology,2,gemma4:e2b,44.0,venting about something frustrating,an old computer given a second life,a 35-year-old single dad,My old desktop is back in the game,"I finally got around to repurposing that ancient desktop I had sitting in the garage. It was so slow and clunky, honestly. I spent a weekend cleaning it up and installing a fresh operating system. It still sounds like it's going to crash at any moment, but at least it boots up now. It’s a reminder of how much junk we accumulate, but hey, it works for now.",68,1.55,1,9.0,34.0,2.0,33.0,15.0,12.0,21.0,4.0,26.0,20.0,7.0,17.0
s23|r2|personal_finance|gemma4:e2b,r2|personal_finance|gemma4:e2b,23,personal_finance,r/personalfinance,3,gemma4:e2b,6.0,venting about something frustrating,renting versus buying a first home,a 52-year-old who just got divorced,Renting vs Buying After Divorce is Hell,"I just wish I could take a break from all this financial stress. Trying to figure out renting versus buying feels impossible right now, especially after the divorce. The thought of mortgages and long-term commitments just makes me want to throw my hands up in frustration. It feels like every decision is weighted with regret, and I just want some simple, straightforward advice instead of this overwhelming confusion.",68,1.47,1,37.0,13.0,14.0,29.0,7.0,23.0,18.0,0.0,28.0,22.0,0.0,9.0
s23|r2|cars|gemma4:e2b,r2|cars|gemma4:e2b,23,cars,r/cars,3,gemma4:e2b,16.0,sharing a practical tip that worked,restoring an old project car,a 30-year-old nurse working night shifts,Quick fix for old project car paint fading,Hey guys I've been working on restoring this old project car for ages and I finally got to the paint job. I ran into a real headache with the clear coat looking dull despite using the right products. Here's what actually worked for me: after the base coat dried I applied a very thin coat of a specific automotive wax before the final clear coat. It really helped bring out the depth of the color and made the whole thing look much better than just waiting and reapplying the clear coat alone.,92,1.79,1,47.0,3.0,6.0,39.0,5.0,45.0,3.0,5.0,33.0,12.0,0.0,2.0
s23|r2|farming|gemma4:e2b,r2|farming|gemma4:e2b,23,farming,r/farming,3,gemma4:e2b,26.0,asking for a recommendation,switching to no-till,a 70-year-old retired teacher,Thinking about switching to no-till farming,I'm a retired teacher and I'm starting to look at changing my approach to the land. I've been reading a lot about no-till systems and I'm curious about the real-world experience. Has anyone here made the switch and what were the biggest challenges you ran into getting started? I'm hoping to find some solid advice from folks who have done the work on the ground.,65,1.54,1,48.0,2.0,9.0,36.0,5.0,45.0,5.0,5.0,35.0,10.0,0.0,0.0
s23|r2|cooking|gemma4:e2b,r2|cooking|gemma4:e2b,23,cooking,r/cooking,3,gemma4:e2b,36.0,celebrating a small win,cooking for a picky kid,a 52-year-old who just got divorced,Survived the picky eater battle today,"I actually managed to get my fifteen-year-old to eat a full plate of roasted vegetables without a single complaint. It felt like a monumental victory after all the food negotiations we usually have. I spent an hour experimenting with different seasoning blends and presentation styles. It's small stuff, but honestly, it feels like a huge win right now. Some small victories really make a difference when things feel overwhelming.",69,1.5,1,47.0,3.0,4.0,33.0,13.0,50.0,0.0,0.0,22.0,28.0,0.0,0.0
s23|r2|tech|gemma4:e2b,r2|tech|gemma4:e2b,23,tech,r/technology,3,gemma4:e2b,46.0,asking the community for advice,backing up family photos,a 52-year-old who just got divorced,Need advice backing up old family photos,Hey everyone I'm in a bit of a bind trying to back up a ton of old family photos and I'm totally overwhelmed by the options. I'm not techy at all so I'm not sure if I should go with cloud storage or a physical external hard drive. Has anyone done this recently and what setup do you recommend for long term safety? I just want to make sure these memories are safe for the future.,76,1.6,1,30.0,18.0,9.0,40.0,1.0,31.0,19.0,2.0,33.0,15.0,2.0,0.0
s23|r3|personal_finance|gemma4:e2b,r3|personal_finance|gemma4:e2b,23,personal_finance,r/personalfinance,4,gemma4:e2b,8.0,sharing a personal story or experience,a monthly budget that finally worked,a 27-year-old who moved to a new city,My first budget finally worked in a new city,"Hey everyone I just moved to this new city a few months ago and I finally got my finances in order. I was completely lost before, just spending money without a real plan. I started tracking everything and created a simple zero-based budget. It took some serious tweaking but now I actually have money left over at the end of the month. It feels so much better knowing exactly where my money is going now.",75,1.57,1,47.0,3.0,2.0,37.0,11.0,50.0,0.0,1.0,34.0,15.0,0.0,0.0
s23|r3|cars|gemma4:e2b,r3|cars|gemma4:e2b,23,cars,r/cars,4,gemma4:e2b,18.0,sharing a personal story or experience,EV versus hybrid for a long commute,a 45-year-old small-town mechanic,EV vs Hybrid Commute Experience,"Been driving this old Ford F-150 for twenty years, and I'm finally looking at switching to electric. I've been doing the math on my daily commute to the city, and the hybrid systems just don't make the jump for me right now. I'm worried about range anxiety on those longer stretches out past town. I'm leaning towards a plug-in hybrid for now, just to ease into the change without stressing about range on the long haul.",76,1.72,1,24.0,26.0,7.0,23.0,20.0,35.0,15.0,1.0,29.0,20.0,0.0,0.0
s23|r3|farming|gemma4:e2b,r3|farming|gemma4:e2b,23,farming,r/farming,4,gemma4:e2b,28.0,giving an opinion that some people will disagree with,fixing an old tractor instead of buying new,a 30-year-old nurse working night shifts,Fixing old tractors is way better than buying new,"I know what you're gonna say, but honestly, I think people overvalue new technology too much. I've seen some really solid older tractors that just need some TLC. Spending a bit of time learning how to fix something instead of just throwing money at a brand new one feels much more sustainable for a farm budget. It saves cash and you learn valuable mechanical skills too. It’s about making do with what you have, you know?",76,1.68,1,50.0,0.0,3.0,44.0,3.0,50.0,0.0,3.0,34.0,13.0,0.0,0.0
s23|r3|cooking|gemma4:e2b,r3|cooking|gemma4:e2b,23,cooking,r/cooking,4,gemma4:e2b,38.0,asking for a recommendation,grilling a steak right,a 52-year-old who just got divorced,Best steak grilling technique for a beginner,Hey everyone I'm trying to get better at grilling steaks after some recent life changes and I'm struggling with getting a good sear. I've tried a few things but I just want that perfect crust. What are your go to tips for temperature control and getting a nice char on a thick cut of beef? Any secret tricks you use that really make a difference?,65,1.44,1,50.0,0.0,1.0,43.0,6.0,48.0,2.0,0.0,33.0,17.0,0.0,0.0
s23|r3|tech|gemma4:e2b,r3|tech|gemma4:e2b,23,tech,r/technology,4,gemma4:e2b,48.0,sharing a practical tip that worked,privacy settings everyone should change,a 33-year-old software tester,Privacy settings you absolutely need to check,Hey everyone I'm a software tester and I've been deep diving into privacy settings lately and wanted to share something. I found that almost every major service defaults to overly permissive settings. I spent an hour going through the settings on my main social media platforms and streaming services and tightened up permissions significantly. It feels way better knowing I have more control over what information is being collected about me. Definitely take some time to review yours too.,79,1.59,1,48.0,2.0,3.0,39.0,8.0,49.0,1.0,4.0,30.0,16.0,0.0,0.0
s23|r4|personal_finance|gemma4:e2b,r4|personal_finance|gemma4:e2b,23,personal_finance,r/personalfinance,5,gemma4:e2b,10.0,asking for a recommendation,whether to take a 401k match or pay down loans,a 24-year-old in their first full-time job,401k match versus paying down student loans?,Hey everyone I just started my first full-time job and I'm really trying to figure out where to focus my extra money. I see the 401k match is a big deal but I also have some student loans with higher interest rates. Should I prioritize getting the full company match right away or should I aggressively pay down the debt first? I'm totally lost on the best strategy for me right now.,72,1.61,1,50.0,0.0,16.0,27.0,7.0,50.0,0.0,3.0,34.0,13.0,0.0,0.0
s23|r4|cars|gemma4:e2b,r4|cars|gemma4:e2b,23,cars,r/cars,5,gemma4:e2b,20.0,giving an opinion that some people will disagree with,dealer markups and add-ons,a 38-year-old parent of two,Dealer markups and add-ons are ridiculous,"I just have to say, the way dealers inflate the price on new vehicles and then push on all those optional add-ons is just plain unfair. It feels like they pocket a huge chunk of money without offering any real value to the buyer. I've seen prices jump by thousands just for things that feel like unnecessary extras. It really makes you question the whole buying process, honestly.",68,1.51,1,28.0,0.0,24.0,26.0,0.0,49.0,0.0,5.0,27.0,18.0,22.0,1.0
s23|r4|farming|gemma4:e2b,r4|farming|gemma4:e2b,23,farming,r/farming,5,gemma4:e2b,30.0,celebrating a small win,crop insurance paperwork,a 38-year-old parent of two,Finally got the crop insurance paperwork sorted,"Man, I finally got the whole crop insurance paperwork sorted out this week. It felt like a mountain of forms at first, honestly. But I managed to get everything filed correctly and I feel a lot better about the season now that it's official. It's a small thing, but it takes a huge weight off my mind knowing things are in order for next year. Time to put the tractor to work again.",73,1.56,1,36.0,14.0,4.0,34.0,12.0,45.0,5.0,2.0,33.0,15.0,0.0,0.0
s23|r4|cooking|gemma4:e2b,r4|cooking|gemma4:e2b,23,cooking,r/cooking,5,gemma4:e2b,40.0,asking for a recommendation,spicy food tolerance,a 24-year-old in their first full-time job,How much spice can I actually handle?,Hey everyone I'm just starting my first full-time job and I'm trying to expand my palate. I love spicy food but I'm starting to realize how much I can actually handle before I start sweating buckets. I'm looking for recommendations for dishes or spice levels that are really flavorful but not overwhelmingly hot. Any suggestions for a good starting point would be awesome. Thanks in advance!,66,2.93,2,39.0,11.0,1.0,43.0,6.0,36.0,14.0,0.0,36.0,14.0,0.0,0.0
s23|r4|tech|gemma4:e2b,r4|tech|gemma4:e2b,23,tech,r/technology,5,gemma4:e2b,50.0,asking the community for advice,streaming service fatigue,a 19-year-old college student,Feeling overwhelmed by streaming service choices,Hey everyone I'm really struggling with the sheer number of streaming services out there. I subscribe to a few but it feels like I'm paying for too much content and I never know what to watch next. I'm trying to cut back but it's hard to find something good on a platform I already pay for. Has anyone found a good strategy for managing subscriptions or recommendations? I'm looking for some advice on how to reduce the fatigue.,78,2.98,2,45.0,5.0,6.0,33.0,11.0,39.0,11.0,4.0,25.0,21.0,0.0,0.0
s24|r0|personal_finance|llama3.1:8b,r0|personal_finance|llama3.1:8b,24,personal_finance,r/personalfinance,1,llama3.1:8b,1.0,sharing a personal story or experience,what to do with a tax refund,a 33-year-old software tester,Tax refund dilemma - invested or paid off debt?,"I just got my tax refund and I'm deciding what to do. Last year I used it to pay off some high-interest credit card debt, which felt great at the time but now I have no debt to worry about. This year I've been thinking about investing in a robo-advisor or something else with decent returns. Has anyone here done something similar and got good results?",66,7.4,2,24.0,26.0,8.0,37.0,5.0,45.0,5.0,1.0,29.0,20.0,0.0,0.0
s24|r0|cars|llama3.1:8b,r0|cars|llama3.1:8b,24,cars,r/cars,1,llama3.1:8b,11.0,giving an opinion that some people will disagree with,EV versus hybrid for a long commute,a 70-year-old retired teacher,EVs are a poor choice for long commutes over 50 miles daily,"As a retired teacher who's been driving for decades, I've gotta say that EVs aren't ready for prime time when it comes to long commutes. My wife and I used to drive an hour each way to work every day, and the thought of charging up every few hours was just not practical. We had a hybrid before, but it's been years since we got rid of it.",68,7.47,2,50.0,0.0,18.0,22.0,10.0,28.0,1.0,7.0,25.0,18.0,0.0,21.0
s24|r0|farming|llama3.1:8b,r0|farming|llama3.1:8b,24,farming,r/farming,1,llama3.1:8b,21.0,venting about something frustrating,a good harvest after a rough spring,a 30-year-old nurse working night shifts,Frustrating late season pest infestation on my small plot.,"I just got back from a 12 hour night shift at the hospital and I'm exhausted. But all I can think about is how the beetles are destroying our late crop. We finally had a good harvest after that rough spring, but now it's all being eaten away by these pests. I've been trying to get my husband to spray some organic pesticide, but he's not budging. It's just so frustrating.",71,4.31,1,37.0,3.0,14.0,32.0,4.0,36.0,12.0,2.0,33.0,15.0,10.0,2.0
s24|r0|cooking|llama3.1:8b,r0|cooking|llama3.1:8b,24,cooking,r/cooking,1,llama3.1:8b,31.0,asking the community for advice,a weeknight dinner in 20 minutes,a 38-year-old parent of two,Quick weeknight dinner for a hungry family of four,"I'm stumped. It's 6pm on a Tuesday and my kids are starving. I've got some chicken breasts, frozen veggies, pasta, and a few scraps of leftover cheese in the fridge. Nothing too exciting. Can anyone suggest a simple recipe that can be made in under 20 minutes? My youngest is picky and won't touch anything 'green', so any tips on how to sneak those in would be great.",68,11.38,3,47.0,3.0,4.0,43.0,3.0,45.0,0.0,0.0,34.0,16.0,0.0,5.0
s24|r0|tech|llama3.1:8b,r0|tech|llama3.1:8b,24,tech,r/technology,1,llama3.1:8b,37.0,sharing a personal story or experience,backing up family photos,a 27-year-old who moved to a new city,Moved to new city and lost all family photos on old laptop,"Just went through a nightmare trying to recover my parents' and grandparents' photos from an old laptop I brought with me when moving here. Thankfully I was able to get most of them off the broken machine, but it made me realize how important it is to have cloud backups. Now I'm migrating all their files to Google Drive and setting up a backup system so this never happens again.",70,14.24,4,50.0,0.0,3.0,44.0,3.0,50.0,0.0,3.0,29.0,18.0,0.0,0.0
s24|r1|personal_finance|llama3.1:8b,r1|personal_finance|llama3.1:8b,24,personal_finance,r/personalfinance,2,llama3.1:8b,3.0,venting about something frustrating,getting a raise and avoiding lifestyle creep,a 38-year-old parent of two,"My raise is coming, but I'm struggling to keep it from ruining everything.","I just got a 10% bump at work, which sounds great. But now my wife and I are fighting about what to do with the extra cash. We're trying to pay off debt and save for our kids' education, but every time we get more money, we start slipping into old habits. Anyone else struggle with keeping their raise from turning into a lifestyle upgrade?",65,4.02,1,50.0,0.0,5.0,39.0,6.0,45.0,5.0,1.0,31.0,18.0,0.0,0.0
s24|r1|cars|llama3.1:8b,r1|cars|llama3.1:8b,24,cars,r/cars,2,llama3.1:8b,13.0,sharing a personal story or experience,the most reliable car ever owned,a 61-year-old close to retirement,Most Reliable Car Ever Owned - 1985 Toyota Land Cruiser,"I've owned my fair share of cars over the years but none have been as reliable as my old 1985 Toyota Land Cruiser. I bought it with 120k miles on it and it's since clocked another 200k without a single major issue. It's been my daily driver, weekend cruiser and even towed my boat on occasion. I'm selling it soon due to retirement but I'll be sad to see her go.",71,4.37,1,50.0,0.0,7.0,33.0,10.0,48.0,2.0,1.0,30.0,19.0,0.0,0.0
s24|r1|farming|llama3.1:8b,r1|farming|llama3.1:8b,24,farming,r/farming,2,llama3.1:8b,23.0,celebrating a small win,switching to no-till,a 41-year-old farmer,No-Till Success in Year 2!,"I'm thrilled to report that our soil is finally starting to show signs of improvement after switching to no-till last year. We've had fewer compaction issues and our soil moisture levels are staying higher, even during dry spells. My son helped me dig up some areas and the roots on our corn plants are amazing - deep and strong. It's been a lot of work getting here, but it feels like we're finally reaping the benefits of no-till.",78,4.47,1,50.0,0.0,3.0,40.0,7.0,48.0,2.0,0.0,36.0,14.0,0.0,0.0
s24|r1|cooking|llama3.1:8b,r1|cooking|llama3.1:8b,24,cooking,r/cooking,2,llama3.1:8b,33.0,asking for a recommendation,bread that will not rise,a 30-year-old nurse working night shifts,Night shift cooking struggles - help with flatbread!,"I'm a nurse working nights and I've been trying to bake at home but it's been a disaster. My yeast bread just won't rise, no matter how long I let it sit or what recipe I use. I've tried using fresh yeast, active dry, even instant yeast but nothing seems to work. Do any of you have any suggestions on what could be the problem?",65,7.17,2,11.0,32.0,7.0,37.0,6.0,13.0,37.0,0.0,36.0,14.0,7.0,0.0
s24|r1|tech|llama3.1:8b,r1|tech|llama3.1:8b,24,tech,r/technology,2,llama3.1:8b,39.0,sharing a practical tip that worked,a phone battery that dies by noon,a 38-year-old parent of two,My phone's battery dies by noon - simple solution found!,"I was getting so frustrated with my Samsung Galaxy's battery life. It would go from 100% to 0% by lunchtime every day. I tried cleaning the charging port and recalibrating it, but nothing seemed to work. Then I read that some phones can be too 'cool' about overheating when charged rapidly. So, I plugged my phone in at night instead of first thing in the morning, and voila - no more dead battery by noon! Now I get through the whole day without needing a charge.",86,14.64,4,37.0,8.0,9.0,38.0,3.0,40.0,1.0,6.0,31.0,13.0,5.0,9.0
s24|r2|personal_finance|llama3.1:8b,r2|personal_finance|llama3.1:8b,24,personal_finance,r/personalfinance,3,llama3.1:8b,5.0,asking the community for advice,a monthly budget that finally worked,a 38-year-old parent of two,Finally cracked our monthly budget - what's next?,"We've been struggling to make ends meet for years. Last month we finally implemented a strict budget and paid off $3k in credit card debt. Now we're down to just the mortgage and utilities. But I'm worried we'll slip back into old habits. What are some long-term strategies to maintain this momentum? Should we aim to save a certain percentage of our income, or focus on specific goals like retirement?",70,4.12,1,50.0,0.0,4.0,39.0,7.0,50.0,0.0,0.0,30.0,20.0,0.0,0.0
s24|r2|cars|llama3.1:8b,r2|cars|llama3.1:8b,24,cars,r/cars,3,llama3.1:8b,15.0,giving an opinion that some people will disagree with,towing a camper for the first time,a 70-year-old retired teacher,Towing a Camper for Beginners - Be Prepared to Learn as You Go,"I recently purchased a camper and after much research decided to tow it behind my old truck. My advice to those considering this would be to not wait until the last minute to get everything sorted out. I had a few close calls on the first trip due to improper hitch installation, uneven weight distribution, and overconfidence in my abilities. It's taken some trial and error to get things right.",70,4.07,1,50.0,0.0,7.0,40.0,3.0,49.0,0.0,8.0,27.0,15.0,0.0,1.0
s24|r2|farming|llama3.1:8b,r2|farming|llama3.1:8b,24,farming,r/farming,3,llama3.1:8b,25.0,venting about something frustrating,drought and well water,a 70-year-old retired teacher,Drought is killing my well water,"I've been farming this land for over 40 years and never seen it so dry. My well has dropped 10 feet in just a few months, and I'm starting to worry that it'll run out completely. The county said they can't do anything about the drought, but what's the point of having all these new rules about conserving water if we don't have any to conserve? It's enough to drive an old man crazy.",74,7.66,2,47.0,0.0,10.0,36.0,4.0,33.0,7.0,2.0,36.0,12.0,3.0,10.0
s24|r2|tech|llama3.1:8b,r2|tech|llama3.1:8b,24,tech,r/technology,3,llama3.1:8b,41.0,asking the community for advice,repairing instead of replacing a device,a 38-year-old parent of two,Repairing a faulty tablet versus buying a new one?,"I'm at my wit's end with our 4-year-old's tablet that won't turn on. It's still a great device but the screen is scratched and the battery life is terrible. I've priced out replacing the screen and battery, which would cost around $100. The problem is, we're expecting another child soon and I don't want to spend money on something that might get lost or damaged further. Should I try to repair it or just buy a new tablet?",78,11.58,3,39.0,10.0,5.0,39.0,6.0,45.0,5.0,7.0,29.0,14.0,1.0,0.0
s24|r3|personal_finance|llama3.1:8b,r3|personal_finance|llama3.1:8b,24,personal_finance,r/personalfinance,4,llama3.1:8b,7.0,sharing a personal story or experience,a car loan that turned out to be a mistake,a 45-year-old small-town mechanic,Car loan mistake that cost me thousands,"I just paid off a car loan I took out in 2007 to buy my first new vehicle. The payments were 500 bucks a month for 5 years, and I thought it was the best deal ever. Turns out, I financed through a dealership and the APR was way higher than I expected. If I'd done some research, I would've saved over $10k in interest.",65,3.92,1,50.0,0.0,9.0,40.0,1.0,50.0,0.0,0.0,37.0,13.0,0.0,0.0
s24|r3|cars|llama3.1:8b,r3|cars|llama3.1:8b,24,cars,r/cars,4,llama3.1:8b,17.0,giving an opinion that some people will disagree with,buying a used truck with high mileage,a 70-year-old retired teacher,High Mileage Doesn't Mean High Maintenance for My Truck,"I've had my 2005 Ford F-150 since it was a year old and have put on over 200k miles. I know people think buying a used truck with high mileage is crazy, but I say it's just experience. The truck has been reliable and only needs regular maintenance. My advice to anyone thinking of doing this: do your research and find a good mechanic who knows the make.",68,21.64,6,43.0,1.0,7.0,32.0,11.0,37.0,0.0,4.0,33.0,13.0,6.0,13.0
s24|r3|farming|llama3.1:8b,r3|farming|llama3.1:8b,24,farming,r/farming,4,llama3.1:8b,27.0,asking for a recommendation,raising backyard chickens,a 70-year-old retired teacher,Starting a small flock in my 70s - need advice on breeds and feed.,"I recently retired from teaching and decided to try raising backyard chickens. My wife and I have about an acre of land in a rural area, but we've never raised poultry before. We're interested in getting a few laying hens for eggs and are looking for recommendations on which breeds would be best suited to our climate and needs. Also, what type of feed do you recommend?",67,4.11,1,40.0,10.0,3.0,44.0,3.0,26.0,22.0,5.0,35.0,10.0,0.0,2.0
s24|r3|tech|llama3.1:8b,r3|tech|llama3.1:8b,24,tech,r/technology,4,llama3.1:8b,43.0,giving an opinion that some people will disagree with,wireless earbuds that keep breaking,a 30-year-old nurse working night shifts,Wireless earbuds are overpriced and underengineered,"I've tried three pairs in the past year and all of them stopped working after a few months. They're convenient, but I'm starting to think it's just not worth the cost. As someone who works night shifts and needs reliable audio for listening to med lectures or podcasts, I expect more from my tech. Maybe I'm just being too harsh, but I'm ready to go back to wired headphones.",69,4.16,1,49.0,0.0,5.0,43.0,2.0,42.0,0.0,5.0,37.0,8.0,1.0,8.0
s24|r4|personal_finance|llama3.1:8b,r4|personal_finance|llama3.1:8b,24,personal_finance,r/personalfinance,5,llama3.1:8b,9.0,celebrating a small win,renting versus buying a first home,a 27-year-old who moved to a new city,Just made a huge decision on renting vs buying my first home!,"I've been weighing this for months since moving to a new city but I finally decided to rent instead of buying. My credit score isn't great and I don't have enough for a down payment, plus I'm not sure how long I'll be here. So far so good, just signed the lease for a place that's way more affordable than anything I'd qualify for with a mortgage right now.",69,7.51,2,48.0,1.0,3.0,37.0,10.0,47.0,2.0,2.0,35.0,13.0,1.0,1.0
s24|r4|cars|llama3.1:8b,r4|cars|llama3.1:8b,24,cars,r/cars,5,llama3.1:8b,19.0,asking for a recommendation,first road trip in a new car,a 70-year-old retired teacher,Recommendations for a relaxing first road trip in a new car,"I just retired after 40 years of teaching and my wife surprised me with a brand new Toyota Camry. We're both excited to start exploring our country together. I'm looking for some recommendations on scenic routes for a leisurely drive that won't put too much wear on the new engine. We'd love to see some fall foliage, perhaps something along the Blue Ridge Parkway or similar? Any suggestions would be greatly appreciated.",72,18.05,5,38.0,12.0,2.0,34.0,14.0,26.0,23.0,1.0,31.0,18.0,0.0,1.0
s24|r4|farming|llama3.1:8b,r4|farming|llama3.1:8b,24,farming,r/farming,5,llama3.1:8b,29.0,asking the community for advice,selling at a farmers market,a 19-year-old college student,Farmers Market Sales - Tips for a college student?,"I'm trying to sell my extra produce at our local farmers market but I'm new to this. I've been doing okay, but I feel like I could be doing better. Do any of you have experience selling at markets? Any tips on pricing, displays, or interacting with customers would be super helpful. I'm trying to make some money for school and it's not just about the produce anymore.",68,7.38,2,35.0,15.0,10.0,31.0,9.0,27.0,23.0,2.0,29.0,19.0,0.0,0.0
s24|r4|cooking|llama3.1:8b,r4|cooking|llama3.1:8b,24,cooking,r/cooking,5,llama3.1:8b,35.0,asking the community for advice,spicy food tolerance,a 19-year-old college student,Spicy Food Tolerance - How to Improve?,"Hey guys, I'm really into cooking but my problem is that I can barely handle any spice in my food. I'm 19 and a college student on a tight budget, so ordering takeout from the hottest places isn't an option for me. Does anyone have some tips on how to gradually increase your tolerance? I've tried eating more chili peppers but it's just too overwhelming. Any advice would be great!",70,4.14,1,11.0,39.0,5.0,41.0,4.0,10.0,40.0,0.0,38.0,12.0,0.0,0.0
s24|r4|tech|llama3.1:8b,r4|tech|llama3.1:8b,24,tech,r/technology,5,llama3.1:8b,45.0,asking for a recommendation,switching from Windows to Mac,a 52-year-old who just got divorced,Switching from Windows to Mac - Recommendations Needed,"Hi all, I'm in a bit of a change mode here. Just got divorced after 25 years and moving into a new place on my own. Time to upgrade the old computer too. Been using Windows since the 90s but want to make the switch to Mac. Looking for some advice from users who've made the transition. What are the must-have apps for a photo enthusiast and general user? Any gotchas I should know about?",75,17.78,5,14.0,36.0,15.0,31.0,4.0,9.0,41.0,6.0,28.0,16.0,0.0,0.0
s24|r0|personal_finance|gemma4:e2b,r0|personal_finance|gemma4:e2b,24,personal_finance,r/personalfinance,1,gemma4:e2b,2.0,sharing a personal story or experience,what to do with a tax refund,a 33-year-old software tester,Struggling with my tax refund this year,"So I finally got my tax refund and I'm staring at it wondering where to put all that extra cash. I was thinking about paying down some credit card debt, but I also had that big vacation fund I was saving for. It's a real dilemma trying to balance immediate needs versus long term goals. I'm debating between investing a chunk or just using it to clear some high interest debt. Any advice on the best strategy?",77,1.66,1,39.0,11.0,12.0,34.0,4.0,40.0,10.0,1.0,29.0,20.0,0.0,0.0
s24|r0|cars|gemma4:e2b,r0|cars|gemma4:e2b,24,cars,r/cars,1,gemma4:e2b,12.0,giving an opinion that some people will disagree with,EV versus hybrid for a long commute,a 70-year-old retired teacher,EV or Hybrid for My Long Commute?,"I've been driving for decades and I have some thoughts on this electric versus hybrid debate. For my daily long commute, I lean towards a hybrid. The range anxiety is still a real concern, and the refueling time for an EV is just not something I'm comfortable with on a regular basis. Hybrids offer a much smoother transition and peace of mind without needing constant worrying about charging infrastructure availability.",70,1.55,1,50.0,0.0,19.0,25.0,6.0,48.0,0.0,2.0,29.0,19.0,0.0,2.0
s24|r0|farming|gemma4:e2b,r0|farming|gemma4:e2b,24,farming,r/farming,1,gemma4:e2b,22.0,venting about something frustrating,a good harvest after a rough spring,a 30-year-old nurse working night shifts,Finally a good harvest after that spring,"Man I am so relieved the summer rain finally hit right when we needed it. That spring was just brutal, all that unpredictable weather and the constant worry about the seedlings. I was so stressed out trying to figure out if we'd even get anything decent. Seeing those fields finally look so healthy is just a huge weight off my chest. It feels like a massive payoff after all that waiting and worrying.",73,1.53,1,43.0,7.0,1.0,29.0,20.0,45.0,5.0,1.0,33.0,16.0,0.0,0.0
s24|r0|cooking|gemma4:e2b,r0|cooking|gemma4:e2b,24,cooking,r/cooking,1,gemma4:e2b,32.0,asking the community for advice,a weeknight dinner in 20 minutes,a 38-year-old parent of two,Super fast weeknight dinner ideas please,Hey everyone I'm always looking for ways to make weeknight dinners less of a chore. I'm usually totally exhausted after work and need something that can be on the table in about twenty minutes or less. I have a few random ingredients lying around but I'm open to anything. Do you guys have any go-to recipes or hacks for super quick meals that actually taste good? I'm desperate for some inspiration tonight.,72,1.6,1,35.0,13.0,9.0,32.0,9.0,35.0,10.0,0.0,31.0,19.0,2.0,5.0
s24|r0|tech|gemma4:e2b,r0|tech|gemma4:e2b,24,tech,r/technology,1,gemma4:e2b,38.0,sharing a personal story or experience,backing up family photos,a 27-year-old who moved to a new city,Struggling to back up all those family photos,Hey everyone I just moved to this city and I'm in the middle of a photo migration nightmare. I have thousands of old family pictures scattered across my old hard drives and my phone storage is getting full fast. Trying to figure out the best long term solution is proving way more complicated than I thought it would be. I'm looking for recommendations on reliable and easy ways to get everything safely backed up before I forget where everything is.,80,1.64,1,47.0,3.0,5.0,40.0,5.0,47.0,3.0,3.0,28.0,19.0,0.0,0.0
s24|r1|personal_finance|gemma4:e2b,r1|personal_finance|gemma4:e2b,24,personal_finance,r/personalfinance,2,gemma4:e2b,4.0,venting about something frustrating,getting a raise and avoiding lifestyle creep,a 38-year-old parent of two,Raise got me stressing about spending,"I finally got that raise and I'm trying to be smart about it, but it's so hard. I feel like I should be celebrating, but then I look at my bills and I just feel this immediate urge to upgrade things. It's that constant battle against lifestyle creep. I really want to save, but the temptation to just spend that extra cash on something nice is overwhelming. It's exhausting managing it all.",72,1.58,1,49.0,1.0,9.0,31.0,10.0,46.0,3.0,2.0,31.0,17.0,0.0,1.0
s24|r1|cars|gemma4:e2b,r1|cars|gemma4:e2b,24,cars,r/cars,2,gemma4:e2b,14.0,sharing a personal story or experience,the most reliable car ever owned,a 61-year-old close to retirement,My most reliable car ever owned,"I've owned a fair bit of vehicles over the years, from sporty coupes to big trucks, but nothing beats my old Ford Pinto. It was beat up and smelled a bit, but it just ran. I spent countless weekends fixing it myself, and it never let me down when I needed it most. It's a testament to simple engineering and solid build quality. It’s more than just a car to me now; it’s a piece of automotive history.",78,1.69,1,0.0,15.0,11.0,28.0,11.0,8.0,2.0,1.0,30.0,19.0,35.0,40.0
s24|r1|farming|gemma4:e2b,r1|farming|gemma4:e2b,24,farming,r/farming,2,gemma4:e2b,24.0,celebrating a small win,switching to no-till,a 41-year-old farmer,No till finally paying off the effort,"Man, I finally made the switch to no till this season and I'm starting to see the difference. The soil feels so much healthier now, and I'm noticing a real reduction in the time I spend just walking the fields. It's definitely a bigger upfront effort, but the reduced tillage means less compaction and way less fuel burned on the tractor. Still a learning curve, but I'm really happy with how the plants are responding to the new system.",79,1.67,1,50.0,0.0,1.0,37.0,12.0,50.0,0.0,0.0,36.0,14.0,0.0,0.0
s24|r1|cooking|gemma4:e2b,r1|cooking|gemma4:e2b,24,cooking,r/cooking,2,gemma4:e2b,34.0,asking for a recommendation,bread that will not rise,a 30-year-old nurse working night shifts,No rise bread ideas for my kitchen,Hey everyone I'm always trying to figure out how to make bread that stays flat. I'm working night shifts so I don't have much time for complex rising processes. I'm looking for recipes or techniques for bread that doesn't rise much at all. Anything that focuses more on texture and flavor without a big airy crumb would be perfect for me. Any suggestions I would really appreciate right now.,69,4.35,3,48.0,2.0,3.0,39.0,8.0,39.0,11.0,0.0,38.0,12.0,0.0,0.0
s24|r1|tech|gemma4:e2b,r1|tech|gemma4:e2b,24,tech,r/technology,2,gemma4:e2b,40.0,sharing a practical tip that worked,a phone battery that dies by noon,a 38-year-old parent of two,My phone battery lasts way longer now,Hey everyone I wanted to share a little hack because I was really struggling with my phone battery lately. It used to die by lunchtime every single day which was so annoying. I started keeping my phone in a cool spot away from direct sunlight and I stopped letting it charge overnight. It makes a noticeable difference. I'm finally getting a full day out of my battery without stressing about finding a charger constantly.,74,1.53,1,40.0,9.0,10.0,33.0,7.0,46.0,3.0,0.0,28.0,22.0,1.0,1.0
s24|r2|personal_finance|gemma4:e2b,r2|personal_finance|gemma4:e2b,24,personal_finance,r/personalfinance,3,gemma4:e2b,6.0,asking the community for advice,a monthly budget that finally worked,a 38-year-old parent of two,Finally got a monthly budget that sticks,Hey everyone I've been struggling with budgeting for ages and I finally found a system that actually works for my family. I'm 38 and have two kids and this new method has made a huge difference in managing our cash flow. I'm trying to keep my fixed expenses really tight and allocate more towards savings. Has anyone else found a specific method or template that really helps families with a realistic budget?,72,1.54,1,20.0,30.0,4.0,34.0,12.0,38.0,12.0,1.0,30.0,19.0,0.0,0.0
s24|r2|cars|gemma4:e2b,r2|cars|gemma4:e2b,24,cars,r/cars,3,gemma4:e2b,16.0,giving an opinion that some people will disagree with,towing a camper for the first time,a 70-year-old retired teacher,"First time towing a camper, a real experience","I just tackled towing a small camper for the very first time, and boy, did I learn a thing or two. Everyone talks about the ease, but the reality of managing the weight and the road dynamics is completely different. You have to respect the vehicle and the load. It’s not just hooking up the trailer; it’s about understanding the physics involved. It definitely takes more concentration than you expect when you’re dealing with something that heavy.",77,1.69,1,50.0,0.0,6.0,35.0,9.0,44.0,4.0,2.0,31.0,17.0,0.0,2.0
s24|r2|farming|gemma4:e2b,r2|farming|gemma4:e2b,24,farming,r/farming,3,gemma4:e2b,26.0,venting about something frustrating,drought and well water,a 70-year-old retired teacher,This drought is killing our well water,"I just don't know how much longer we can keep going. The creek bed is bone dry, and the well pump is struggling just to get a trickle. We were counting on that water for everything, for livestock, for just getting by. It feels like we're fighting a losing battle against this relentless heat and the lack of rain. I'm getting worried about what comes next for the farm.",69,1.54,1,47.0,0.0,7.0,41.0,2.0,43.0,3.0,3.0,35.0,12.0,3.0,4.0
s24|r2|cooking|gemma4:e2b,r2|cooking|gemma4:e2b,24,cooking,r/cooking,3,gemma4:e2b,0.0,venting about something frustrating,learning to cook rice properly,a 19-year-old college student,"Rice is impossible to get right, seriously.","I am so incredibly frustrated trying to cook rice properly. Every time I try, it's either mushy and sticky or totally dry and hard. I've tried all the methods I can think of, but it just seems like a guessing game. I end up throwing away perfectly good rice because it never turns out the fluffy, perfect texture I want. It's driving me nuts trying to master this basic skill.",70,1.57,1,0.0,0.0,0.0,0.0,0.0,0.0,0.0,0.0,0.0,0.0,0.0,0.0
s24|r2|tech|gemma4:e2b,r2|tech|gemma4:e2b,24,tech,r/technology,3,gemma4:e2b,42.0,asking the community for advice,repairing instead of replacing a device,a 38-year-old parent of two,Thoughts on fixing broken gadgets vs buying new,"I've been wanting to try and fix things instead of just throwing them out, especially with how much money is involved. I just bought a new tablet and it has a really annoying software glitch I can't seem to resolve. Has anyone successfully managed to repair similar consumer electronics? I'm looking for advice on whether it's worth the effort or if it's better to just upgrade.",66,1.52,1,42.0,8.0,6.0,40.0,4.0,44.0,6.0,1.0,33.0,16.0,0.0,0.0
s24|r3|personal_finance|gemma4:e2b,r3|personal_finance|gemma4:e2b,24,personal_finance,r/personalfinance,4,gemma4:e2b,8.0,sharing a personal story or experience,a car loan that turned out to be a mistake,a 45-year-old small-town mechanic,That car loan I regret signing up for,"Man, I've been hauling wrenches and fixing engines for twenty years, and I thought I knew about money. I got a loan for a new truck a few years back, thinking I needed the bigger hauling capacity. Turns out, I was just financing something I didn't really need right then. The payments were eating up my budget, and I ended up stressing way more than I ever did when I was just working on cars.",75,1.63,1,50.0,0.0,8.0,36.0,6.0,50.0,0.0,2.0,34.0,14.0,0.0,0.0
s24|r3|cars|gemma4:e2b,r3|cars|gemma4:e2b,24,cars,r/cars,4,gemma4:e2b,18.0,giving an opinion that some people will disagree with,buying a used truck with high mileage,a 70-year-old retired teacher,Used trucks with high mileage: worth the risk?,"I've been thinking about buying a used truck with really high mileage. Some folks say it's a steal, but I worry about the unseen wear and tear. You're dealing with a machine that has seen a lot of hard work. I feel like the initial savings don't always account for the potential long-term repair costs down the line. I'm leaning towards waiting for something a bit less used, even if it costs a little more upfront.",76,1.72,1,43.0,3.0,23.0,16.0,11.0,35.0,7.0,4.0,23.0,23.0,4.0,8.0
s24|r3|farming|gemma4:e2b,r3|farming|gemma4:e2b,24,farming,r/farming,4,gemma4:e2b,28.0,asking for a recommendation,raising backyard chickens,a 70-year-old retired teacher,Advice needed for backyard chicken setup,"I'm thinking about starting a small flock of backyard chickens but I'm feeling a bit lost on where to begin. I've read a few things but I need some real-world advice from folks who are actually doing it. Specifically, I'm wondering about the best coop design for a small space and what kind of feed yields the best results for beginners. Any recommendations you have would be greatly appreciated.",69,1.53,1,26.0,24.0,8.0,34.0,8.0,39.0,10.0,1.0,31.0,18.0,0.0,1.0
s24|r3|cooking|gemma4:e2b,r3|cooking|gemma4:e2b,24,cooking,r/cooking,4,gemma4:e2b,0.0,celebrating a small win,cast iron care,a 19-year-old college student,Finally mastered cast iron seasoning!,"I'm so hyped right now because I finally got the cast iron to cooperate. I've been struggling with getting that even, deep seasoning all this time. I followed that weird recipe online and after a few more attempts, it actually looks amazing. My skillet feels brand new and I can already smell the difference when I cook in it. It feels really rewarding to finally get this technique down.",69,1.48,1,0.0,0.0,0.0,0.0,0.0,0.0,0.0,0.0,0.0,0.0,0.0,0.0
s24|r3|tech|gemma4:e2b,r3|tech|gemma4:e2b,24,tech,r/technology,4,gemma4:e2b,44.0,giving an opinion that some people will disagree with,wireless earbuds that keep breaking,a 30-year-old nurse working night shifts,Wireless earbuds are just garbage quality,"I'm so tired of buying these fancy wireless earbuds only to have them die after a few weeks. I work night shifts as a nurse, so I need reliable tech, not constant replacements. It feels like a deliberate strategy to make us constantly repurchase broken things. The build quality is just terrible; they feel flimsy and the charging case always seems to fail eventually. Anyone else feel ripped off by this market?",72,2.85,2,49.0,0.0,10.0,40.0,0.0,49.0,0.0,6.0,36.0,8.0,1.0,1.0
s24|r4|personal_finance|gemma4:e2b,r4|personal_finance|gemma4:e2b,24,personal_finance,r/personalfinance,5,gemma4:e2b,10.0,celebrating a small win,renting versus buying a first home,a 27-year-old who moved to a new city,Just signed the lease! Small win.,"Finally got the keys to my new apartment! Moving to this city was a huge headache, and signing that lease felt like a massive victory. I was so stressed about the whole renting versus buying thing, but for now, having a stable place to live is a huge step. I can focus on settling in and figuring out the city instead of stressing about mortgage rates right now. Feeling really relieved.",71,1.5,1,50.0,0.0,0.0,28.0,22.0,48.0,2.0,0.0,30.0,20.0,0.0,0.0
s24|r4|cars|gemma4:e2b,r4|cars|gemma4:e2b,24,cars,r/cars,5,gemma4:e2b,20.0,asking for a recommendation,first road trip in a new car,a 70-year-old retired teacher,First road trip in a new car advice needed,"Hey everyone I just bought a used sedan and I'm planning my first big road trip next month. I'm not a big driver so I'm really worried about the handling and fuel economy. I'm looking for something reliable and easy to drive for long distances. Has anyone taken a similar car on a long trip? Any recommendations for good, dependable vehicles would be greatly appreciated.",65,1.51,1,8.0,38.0,21.0,23.0,6.0,22.0,24.0,7.0,26.0,17.0,4.0,4.0
s24|r4|farming|gemma4:e2b,r4|farming|gemma4:e2b,24,farming,r/farming,5,gemma4:e2b,30.0,asking the community for advice,selling at a farmers market,a 19-year-old college student,Help selling my small farm produce at the market,Hey everyone I'm a college student trying to get some experience selling stuff at the farmers market. I have a small patch of garden and some extra veggies I'm trying to sell but I'm totally lost on how to price things and what to focus on. Has anyone selling at the market for a while got any tips on making sales or setting up a good stall? Any advice would be super helpful for me.,75,1.59,1,18.0,32.0,12.0,31.0,7.0,15.0,35.0,1.0,36.0,13.0,0.0,0.0
s24|r4|cooking|gemma4:e2b,r4|cooking|gemma4:e2b,24,cooking,r/cooking,5,gemma4:e2b,36.0,asking the community for advice,spicy food tolerance,a 19-year-old college student,How do I handle really spicy food?,Hey everyone I'm trying to get better at handling really spicy food. I usually just start with a little bit but then I get overwhelmed and have to stop eating. I'm looking for tips on how to build up my tolerance slowly without just crying or needing a ton of milk. Any tricks for dealing with the heat in my food are welcome. Thanks for any advice you guys have.,70,1.49,1,19.0,31.0,6.0,37.0,7.0,31.0,19.0,0.0,31.0,19.0,0.0,0.0
s24|r4|tech|gemma4:e2b,r4|tech|gemma4:e2b,24,tech,r/technology,5,gemma4:e2b,46.0,asking for a recommendation,switching from Windows to Mac,a 52-year-old who just got divorced,Windows to Mac transition advice needed,Hey everyone I'm in a bit of a transition right now and I'm thinking about switching from Windows to a Mac. I'm not super tech savvy so I'm really looking for real-world advice on what I should consider. I'm mostly interested in the ease of use and the overall experience for everyday tasks. Has anyone made this switch recently and what were the biggest adjustments you noticed?,67,1.53,1,12.0,38.0,19.0,16.0,15.0,18.0,32.0,7.0,23.0,20.0,0.0,0.0
s25|r0|personal_finance|llama3.1:8b,r0|personal_finance|llama3.1:8b,25,personal_finance,r/personalfinance,1,llama3.1:8b,1.0,sharing a practical tip that worked,renting versus buying a first home,a 27-year-old who moved to a new city,Renting before buying saved me from a costly mistake,"I just moved to a new city for work and I'm glad I decided to rent instead of buying right away. It's given me the freedom to explore different neighborhoods and really get a feel for the area without committing to one place long-term. Now that I've been here for a few months, I know exactly where I want to be - it would have cost me so much more if I'd bought too early!",75,4.24,1,50.0,0.0,0.0,46.0,4.0,50.0,0.0,3.0,36.0,11.0,0.0,0.0
s25|r0|cars|llama3.1:8b,r0|cars|llama3.1:8b,25,cars,r/cars,1,llama3.1:8b,11.0,sharing a personal story or experience,"winter tires, worth it or not",a 70-year-old retired teacher,Winter Tires Worth It?,"I just got back from a road trip to visit my grandkids in Quebec and I'm glad I invested in winter tires. My wife's old Honda Civic was handling like a dream on the snowy roads, where others were struggling. The real test came when we hit black ice on the highway - our car stopped dead in its tracks without even skidding. We made it to the kids' place safe and sound.",73,3.92,1,50.0,0.0,4.0,45.0,1.0,48.0,2.0,1.0,33.0,16.0,0.0,0.0
s25|r0|farming|llama3.1:8b,r0|farming|llama3.1:8b,25,farming,r/farming,1,llama3.1:8b,21.0,asking the community for advice,drought and well water,a 70-year-old retired teacher,Drought-stricken well water troubles in rural Oregon,Just had my first taste of drought after 30 years of living on this land. Well water levels are dropping fast and I'm worried about the impact on our spring-fed pond too. We've always relied on rainwater harvesting but it's not enough for irrigation anymore. Any advice from seasoned farmers out there on how to conserve well water or switch to a more drought-resistant system would be a big help right now.,72,4.06,1,50.0,0.0,1.0,44.0,5.0,49.0,1.0,0.0,37.0,13.0,0.0,0.0
s25|r0|cooking|llama3.1:8b,r0|cooking|llama3.1:8b,25,cooking,r/cooking,1,llama3.1:8b,31.0,celebrating a small win,cooking for a picky kid,a 38-year-old parent of two,Finally got my kid to eat broccoli,"I made steamed broccoli with cheese sauce for dinner last night. My 6-year-old has been resisting it for months, but she decided to give it another try and actually ate a whole serving! It was a small victory, but a big deal to me as a parent. Now I get to enjoy the feeling of 'I told you so' when my husband raves about his own kid's adventurous eating habits",70,4.0,1,46.0,4.0,12.0,26.0,12.0,46.0,4.0,1.0,25.0,24.0,0.0,0.0
s25|r0|tech|llama3.1:8b,r0|tech|llama3.1:8b,25,tech,r/technology,1,llama3.1:8b,41.0,venting about something frustrating,repairing instead of replacing a device,a 70-year-old retired teacher,Frustrated with modern electronics - a simple repair is impossible!,"I'm so fed up with trying to fix my grandkids' old gadgets. Last week, I managed to replace the screen on their tablet myself, but this morning the charger cord broke again. Why can't manufacturers make these things easy to repair or even replace individual parts? It's like they want us to throw them away and buy new ones. I remember when a broken toy was just something you fixed with glue and a little patience. Not anymore!",78,4.46,1,50.0,0.0,8.0,40.0,2.0,44.0,0.0,6.0,34.0,10.0,0.0,6.0
s25|r1|personal_finance|llama3.1:8b,r1|personal_finance|llama3.1:8b,25,personal_finance,r/personalfinance,2,llama3.1:8b,3.0,asking for a recommendation,paying off credit card debt,a 38-year-old parent of two,Paying off credit card debt with multiple cards,"I've got three high-interest credit cards with a total balance of around $15,000. I'm trying to create a plan to pay them off as quickly as possible without hurting my family's finances. My wife and I make around $120k combined, but we have two young kids in daycare so our monthly expenses are pretty high. Can anyone recommend a debt snowball or avalanche approach that would work for us?",69,4.1,1,45.0,5.0,1.0,43.0,6.0,47.0,3.0,2.0,31.0,17.0,0.0,0.0
s25|r1|cars|llama3.1:8b,r1|cars|llama3.1:8b,25,cars,r/cars,2,llama3.1:8b,13.0,venting about something frustrating,the most reliable car ever owned,a 30-year-old nurse working night shifts,The most reliable car ever owned is a blessing after long nights of work,"I'm on my third 2007 Toyota Camry now. I've driven it to the hospital during code blues, used it for errands after 12 hour shifts and even let my friends borrow it when they were in a bind. It's been repaired once for a minor issue but that was it. I'm shocked every time I fill up the gas tank without worrying about breaking down on me. It's a sanity saver.",71,4.39,1,50.0,0.0,4.0,38.0,8.0,47.0,0.0,1.0,33.0,16.0,0.0,3.0
s25|r1|farming|llama3.1:8b,r1|farming|llama3.1:8b,25,farming,r/farming,2,llama3.1:8b,23.0,giving an opinion that some people will disagree with,fencing a new pasture,a 27-year-old who moved to a new city,I'm fencing a new pasture wrong according to everyone else,"I've been farming for 3 years now but I just moved to a new city. My neighbors have been giving me advice on how to fence my new pasture and honestly it's been really frustrating. They all say I should use 6-foot tall fencing, but I think that's way too expensive. In my old farm, we used 4 feet and the deer didn't even notice. Am I crazy for thinking this?",71,4.25,1,20.0,23.0,7.0,36.0,7.0,16.0,21.0,2.0,36.0,12.0,7.0,13.0
s25|r1|cooking|llama3.1:8b,r1|cooking|llama3.1:8b,25,cooking,r/cooking,2,llama3.1:8b,33.0,sharing a practical tip that worked,meal prep for the week,a 70-year-old retired teacher,Easy Meal Prep for Busy Weeks,"I found that planning my meals for the week is a lifesaver. Before grocery shopping, I write down what I want to make each night and check what ingredients I need. Then, on Saturday morning, I cook in bulk - rice, beans, roasted veggies - and portion them out into containers. This way, during the week, all I have to do is reheat and add a protein of my choice. It's been a game changer for me!",77,4.29,1,50.0,0.0,1.0,41.0,8.0,50.0,0.0,0.0,37.0,13.0,0.0,0.0
s25|r1|tech|llama3.1:8b,r1|tech|llama3.1:8b,25,tech,r/technology,2,llama3.1:8b,43.0,sharing a personal story or experience,streaming service fatigue,a 52-year-old who just got divorced,My streaming service addiction ended my marriage,"I used to think I was a smart consumer. Signed up for every new service that came out. Hulu, Netflix, Amazon Prime, Disney+. My ex would joke about the 'streaming budget' we were blowing on TV shows and movies. But it was more than just money - it created tension in our relationship. Now, single and paying for all these services by myself, I'm canceling them one by one.",69,4.05,1,50.0,0.0,12.0,36.0,2.0,50.0,0.0,4.0,34.0,12.0,0.0,0.0
s25|r2|personal_finance|llama3.1:8b,r2|personal_finance|llama3.1:8b,25,personal_finance,r/personalfinance,3,llama3.1:8b,5.0,asking the community for advice,whether to take a 401k match or pay down loans,a 70-year-old retired teacher,401k match vs paying down loans in my 70s,"I'm a retired teacher living on a fixed income. I have outstanding student loan debt and an old 401k plan from a previous employer that matches contributions up to 3% of my annual income. My question is, should I contribute enough to get the full match or use that money to pay down my loans? I've heard both sides but haven't made up my mind yet.",66,4.02,1,38.0,12.0,8.0,34.0,8.0,34.0,14.0,3.0,28.0,19.0,0.0,2.0
s25|r2|cars|llama3.1:8b,r2|cars|llama3.1:8b,25,cars,r/cars,3,llama3.1:8b,15.0,celebrating a small win,manual transmissions dying out,a 19-year-old college student,Just got my first manual transmission repair under my belt,"I know it's a small win for some of you car enthusiasts out there, but I'm stoked that I was able to fix the syncros on my girlfriend's old Honda Civic. We've been putting it off for months, and I finally found the time to tackle the problem. It took me all day, but it feels good to have a sense of accomplishment when working with my hands.",68,6.9,2,38.0,10.0,5.0,36.0,9.0,48.0,2.0,2.0,33.0,15.0,2.0,0.0
s25|r2|farming|llama3.1:8b,r2|farming|llama3.1:8b,25,farming,r/farming,3,llama3.1:8b,25.0,sharing a practical tip that worked,raising backyard chickens,a 41-year-old farmer,Free ranging with fencing - keeps chickens happy and healthy.,"I've been raising backyard chickens for 10 years now and I've learned a few tricks. One of the best things I've done is add some free range time to their daily routine. I built a simple fence around our garden that allows them to roam but keeps predators out. It's been a game changer - they get exercise, scratch up pests, and are generally happier birds.",66,13.81,4,45.0,5.0,1.0,43.0,6.0,47.0,2.0,1.0,29.0,20.0,0.0,1.0
s25|r2|cooking|llama3.1:8b,r2|cooking|llama3.1:8b,25,cooking,r/cooking,3,llama3.1:8b,35.0,sharing a personal story or experience,cast iron care,a 19-year-old college student,Lost my cast iron seasoning after one summer,"I'm a freshman in college now, and last year I got a cast iron skillet for my dorm. I thought it was the best thing since sliced bread - easy to cook with, versatile... until storage time came around. Left it outside on the balcony all summer, came back to it looking like new but not season-wise. Had to re-season it from scratch. Still worth it though.",67,10.57,3,42.0,6.0,3.0,38.0,9.0,49.0,1.0,0.0,35.0,15.0,2.0,0.0
s25|r2|tech|llama3.1:8b,r2|tech|llama3.1:8b,25,tech,r/technology,3,llama3.1:8b,45.0,giving an opinion that some people will disagree with,a smart home setup that failed,a 61-year-old close to retirement,Smart home setup that's been a nightmare for me,"I've had a smart thermostat and lights in my house for a few years now. At first, it was great to be able to control everything from my phone. But lately, the system has started malfunctioning more often than not. The thermostat won't turn off, or the lights will just flicker on by themselves. I'm getting tired of resetting everything multiple times a day. Maybe I'm just too old for this tech.",72,7.75,2,37.0,0.0,20.0,29.0,1.0,16.0,0.0,9.0,26.0,15.0,13.0,34.0
s25|r3|personal_finance|llama3.1:8b,r3|personal_finance|llama3.1:8b,25,personal_finance,r/personalfinance,4,llama3.1:8b,7.0,sharing a personal story or experience,building a first emergency fund,a 70-year-old retired teacher,Starting from Scratch: My Journey to Building an Emergency Fund,"I remember when I was 35 years old and got laid off from my teaching job due to budget cuts. I had no savings to speak of, but a friend told me about the importance of having a cash cushion in case of emergencies. So I started setting aside $100 per month, which seemed like a lot at the time, and eventually built up enough for 3-6 months' worth of expenses. It's been decades since then and it's amazing how much peace of mind that brings.",86,4.84,1,49.0,1.0,0.0,42.0,8.0,49.0,1.0,1.0,31.0,18.0,0.0,0.0
s25|r3|cars|llama3.1:8b,r3|cars|llama3.1:8b,25,cars,r/cars,4,llama3.1:8b,17.0,sharing a practical tip that worked,first road trip in a new car,a 24-year-old in their first full-time job,New car and a 500 mile road trip without breaking the bank.,"Just got back from my first big road trip in my new car and I'm sharing a money-saving tip that worked for me. Instead of buying a bunch of expensive snacks and food, I packed sandwiches, fruit, and energy bars from home and stopped at rest stops or local grocery stores to grab more supplies. Saved around $50 on fuel costs too by driving during off-peak hours.",67,7.43,2,50.0,0.0,4.0,34.0,12.0,47.0,0.0,3.0,30.0,17.0,0.0,3.0
s25|r3|farming|llama3.1:8b,r3|farming|llama3.1:8b,25,farming,r/farming,4,llama3.1:8b,27.0,sharing a personal story or experience,calving season at night,a 45-year-old small-town mechanic,Calving season nights are a special kind of crazy,"Just got back from helping out on my neighbor's farm. We're in the thick of calving season and I've been working late nights to help bring in the new calves. It's exhausting but also exhilarating, seeing those little ones take their first wobbly steps. My dad used to do this all the time when I was a kid, now it's my turn to pitch in and pass on some of that knowledge.",72,4.26,1,47.0,3.0,2.0,42.0,6.0,39.0,10.0,1.0,36.0,13.0,0.0,1.0
s25|r3|cooking|llama3.1:8b,r3|cooking|llama3.1:8b,25,cooking,r/cooking,4,llama3.1:8b,37.0,giving an opinion that some people will disagree with,the best cheap kitchen tool,a 52-year-old who just got divorced,My go-to cheap kitchen tool is a cast iron skillet.,"I know some people swear by silicone spatulas or decent knives, but for me it's always been my trusty old cast iron skillet. I picked it up at a garage sale years ago and it still gets daily use. Non-stick surface, heats evenly, cooks a mean steak... what more could you want? Don't get me wrong, I've had to season the thing a few times but that's just part of its charm.",72,10.21,3,50.0,0.0,2.0,40.0,8.0,50.0,0.0,1.0,38.0,11.0,0.0,0.0
s25|r3|tech|llama3.1:8b,r3|tech|llama3.1:8b,25,tech,r/technology,4,llama3.1:8b,47.0,celebrating a small win,wireless earbuds that keep breaking,a 24-year-old in their first full-time job,Finally replaced my 3rd pair of Anker earbuds in a year,"I just got home from work and spent 20 minutes trying to troubleshoot why mine weren't connecting, before realizing I'd lost them for the third time. They're not cheap either, so it's been a bit frustrating. Anyway, I've finally broken down and ordered a new pair of earbuds that have more durable charging cases. Looking forward to seeing if they'll last longer than my previous ones.",66,4.3,1,28.0,21.0,17.0,28.0,5.0,28.0,19.0,1.0,27.0,22.0,1.0,3.0
s25|r4|personal_finance|llama3.1:8b,r4|personal_finance|llama3.1:8b,25,personal_finance,r/personalfinance,5,llama3.1:8b,9.0,celebrating a small win,cancelling subscriptions and what it saved,a 27-year-old who moved to a new city,Cutting dead weight: cancelled 3 subscriptions and saved $120/mo,"Just wanted to share a small win I had this month. I've been going through my bank statements and noticed I was still paying for three services I hadn't used in months - a streaming service, a music subscription, and a monthly delivery of snacks. Cancelled all three and saved $120 per month. Feels good to start fresh in the new city with some extra cash.",66,4.06,1,50.0,0.0,2.0,44.0,4.0,50.0,0.0,0.0,31.0,19.0,0.0,0.0
s25|r4|cars|llama3.1:8b,r4|cars|llama3.1:8b,25,cars,r/cars,5,llama3.1:8b,19.0,asking the community for advice,EV versus hybrid for a long commute,a 19-year-old college student,Considering EV vs hybrid for a long daily commute.,"I'm a college student who's been driving a gas-guzzling SUV to class for two years. I'm finally switching cars and want to go eco-friendly, but I have a 45-mile one-way commute each day. Should I get a plug-in hybrid or an all-electric vehicle? I've done some research, but I'd love to hear from people who have experience with these types of cars in real-world conditions.",65,7.44,2,49.0,1.0,10.0,27.0,13.0,39.0,11.0,6.0,19.0,25.0,0.0,0.0
s25|r4|farming|llama3.1:8b,r4|farming|llama3.1:8b,25,farming,r/farming,5,llama3.1:8b,29.0,giving an opinion that some people will disagree with,land prices near the city,a 24-year-old in their first full-time job,Land prices near cities are out of control,"I'm 24 and just started working on my family's small farm. I've been researching land purchases for a potential expansion, but the prices near our city are outrageous. People say it's because of urban sprawl and demand, but to me it just seems like speculation. If we can't afford the land in areas with decent markets, how do we expect new farmers to get started?",65,3.92,1,50.0,0.0,6.0,44.0,0.0,47.0,1.0,3.0,39.0,8.0,0.0,2.0
s25|r4|cooking|llama3.1:8b,r4|cooking|llama3.1:8b,25,cooking,r/cooking,5,llama3.1:8b,39.0,venting about something frustrating,using up leftovers,a 35-year-old single dad,Leftover Frustration: Staring Down a Heap of Tupperware Containers,"I swear, I must have cooked enough chicken for an army this week. My son is at his mom's place for the weekend, and I'm stuck trying to use up all these leftovers before they go bad. I've made the same 3 meals in a row: chicken stir-fry, chicken soup, more chicken stir-fry. It's like my fridge is mocking me. Can anyone else relate to this never-ending battle against food waste?",71,4.64,1,48.0,0.0,1.0,40.0,9.0,41.0,8.0,1.0,33.0,16.0,2.0,1.0
s25|r4|tech|llama3.1:8b,r4|tech|llama3.1:8b,25,tech,r/technology,5,llama3.1:8b,49.0,sharing a practical tip that worked,setting up a home network,a 61-year-old close to retirement,Simple way to set up a reliable home network,"I've been struggling with setting up my home network for ages. Recently I upgraded to a mesh system and it's been a game changer. The key is to use the same SSID and password on each node, but make sure they're all connected in a logical order. I placed the main node near my router, then added two nodes in strategic locations around the house. Now I have reliable coverage everywhere without any dead spots.",75,10.44,3,44.0,6.0,11.0,31.0,8.0,50.0,0.0,0.0,31.0,19.0,0.0,0.0
s25|r0|personal_finance|gemma4:e2b,r0|personal_finance|gemma4:e2b,25,personal_finance,r/personalfinance,1,gemma4:e2b,2.0,sharing a practical tip that worked,renting versus buying a first home,a 27-year-old who moved to a new city,Renting vs Buying My First Place Experience,Hey everyone I just moved to this city and I wanted to share something I learned about housing. I was really leaning towards buying right away but after some research and thinking it turned out renting for the first couple of years was actually a much better financial move for me. I saved a significant amount of money that I could put towards building a better emergency fund and exploring the city before making a big commitment. It gave me breathing room.,82,1.57,1,50.0,0.0,0.0,47.0,3.0,50.0,0.0,1.0,32.0,17.0,0.0,0.0
s25|r0|cars|gemma4:e2b,r0|cars|gemma4:e2b,25,cars,r/cars,1,gemma4:e2b,12.0,sharing a personal story or experience,"winter tires, worth it or not",a 70-year-old retired teacher,Winter tires: a long-time driver's view,"I've been driving these old Ford trucks for forty years, and I've seen plenty of winter storms. I was skeptical about the cost of proper winter tires, thinking I could manage with all-season. Then I got caught in some ice on a back road, and it was a real scare. Now I understand that those tires make a massive difference in grip and safety. It's an extra expense, but peace of mind is worth more than saving a few bucks when the snow is coming.",85,1.82,1,50.0,0.0,2.0,43.0,5.0,50.0,0.0,1.0,33.0,16.0,0.0,0.0
s25|r0|farming|gemma4:e2b,r0|farming|gemma4:e2b,25,farming,r/farming,1,gemma4:e2b,22.0,asking the community for advice,drought and well water,a 70-year-old retired teacher,Drought and well water concerns,"I'm really worried about the current drought affecting our area and how it impacts our well water supply. I've been reading some general stuff but I'm looking for practical, on-the-ground advice from folks who have dealt with this before. Has anyone found successful ways to manage water rationing or test for deeper water sources when things get really dry? Any tips would be greatly appreciated right now.",67,1.49,1,46.0,4.0,4.0,43.0,3.0,46.0,4.0,1.0,37.0,12.0,0.0,0.0
s25|r0|cooking|gemma4:e2b,r0|cooking|gemma4:e2b,25,cooking,r/cooking,1,gemma4:e2b,32.0,celebrating a small win,cooking for a picky kid,a 38-year-old parent of two,"Finally, a dinner that didn't cause a meltdown","I am so incredibly relieved because tonight we actually ate a full dinner without any complaints. I spent an hour trying to make those little ones eat some broccoli, and I was ready to give up. But then, I tried something totally different, a simple pasta with a little bit of pesto, and it was a huge success. They actually ate it all! Small victories for a tired parent, right?",70,1.58,1,45.0,5.0,4.0,31.0,15.0,49.0,1.0,0.0,24.0,26.0,0.0,0.0
s25|r0|tech|gemma4:e2b,r0|tech|gemma4:e2b,25,tech,r/technology,1,gemma4:e2b,42.0,venting about something frustrating,repairing instead of replacing a device,a 70-year-old retired teacher,Why can't they just replace broken stuff?,"I am so fed up with this whole cycle of consumer tech. I bought a nice device years ago and now a small part is broken. Instead of just getting a new one, I have to spend hours trying to find obscure parts online or figure out a complex repair. It feels like they intentionally make things too difficult to fix. It is just more annoying than buying something new outright.",71,1.49,1,50.0,0.0,17.0,29.0,4.0,50.0,0.0,3.0,29.0,18.0,0.0,0.0
s25|r1|personal_finance|gemma4:e2b,r1|personal_finance|gemma4:e2b,25,personal_finance,r/personalfinance,2,gemma4:e2b,4.0,asking for a recommendation,paying off credit card debt,a 38-year-old parent of two,Best strategy for killing credit card debt?,Hey everyone I'm a 38-year-old trying to tackle some credit card debt and I'm feeling a bit stuck. I've been making payments but it feels like I'm going in circles. I'm looking for some real-world advice on the best debt payoff method. Has anyone successfully used the avalanche or snowball method and what were their key steps? Any personal experiences would be really helpful right now.,66,5.79,4,32.0,18.0,9.0,36.0,5.0,46.0,4.0,0.0,35.0,15.0,0.0,0.0
s25|r1|cars|gemma4:e2b,r1|cars|gemma4:e2b,25,cars,r/cars,2,gemma4:e2b,14.0,venting about something frustrating,the most reliable car ever owned,a 30-year-old nurse working night shifts,My old car is the best I own,"I am so tired of dealing with car troubles lately, especially on these crazy night shifts. I just want something that just works, you know? My old sedan has been absolutely bulletproof for years. It runs fine, handles the commute just okay, and I don't have to worry about constant repairs or worrying about breakdowns when I'm already exhausted. It's honestly the most reliable thing I have, and I don't want to change it just for the sake of it.",80,1.73,1,24.0,8.0,2.0,37.0,11.0,9.0,6.0,0.0,33.0,17.0,18.0,35.0
s25|r1|farming|gemma4:e2b,r1|farming|gemma4:e2b,25,farming,r/farming,2,gemma4:e2b,24.0,giving an opinion that some people will disagree with,fencing a new pasture,a 27-year-old who moved to a new city,Fencing a new pasture is worth the hassle,"I'm still figuring out this new city life, but I wanted to share something I've learned. I'm thinking about fencing off this new piece of land I'm starting to manage. A lot of folks just want to cut corners on that stuff, thinking it's an unnecessary expense. But honestly, good perimeter control is the foundation of everything out here. It stops the animals from wandering and keeps the boundaries clear. It's a real investment for long-term peace of mind.",79,1.79,1,50.0,0.0,10.0,31.0,9.0,50.0,0.0,4.0,35.0,11.0,0.0,0.0
s25|r1|cooking|gemma4:e2b,r1|cooking|gemma4:e2b,25,cooking,r/cooking,2,gemma4:e2b,34.0,sharing a practical tip that worked,meal prep for the week,a 70-year-old retired teacher,Meal prep secret for a week of dinners,"I've been trying to get better at meal prepping for the week, and I found a trick that really works. Instead of cooking full meals, I focus on making big batches of grains like brown rice or quinoa and a big pot of roasted vegetables. Then I cook a simple protein like chicken or lentils separately. This way, I can mix and match throughout the week for different flavors. It saves so much time on weeknights and keeps things simple for me.",82,1.65,1,49.0,1.0,0.0,45.0,5.0,50.0,0.0,0.0,35.0,15.0,0.0,0.0
s25|r1|tech|gemma4:e2b,r1|tech|gemma4:e2b,25,tech,r/technology,2,gemma4:e2b,44.0,sharing a personal story or experience,streaming service fatigue,a 52-year-old who just got divorced,Streaming fatigue after a big life change,"I've been really struggling with the sheer volume of streaming services lately. It used to be relaxing to have endless choices, but now it just feels overwhelming. I keep signing up for one service only to forget about it a week later. It’s become another chore instead of entertainment. I'm trying to cut back to just a few subscriptions, but it's a tough habit to break.",66,1.5,1,50.0,0.0,5.0,41.0,4.0,42.0,4.0,2.0,29.0,19.0,0.0,4.0
s25|r2|personal_finance|gemma4:e2b,r2|personal_finance|gemma4:e2b,25,personal_finance,r/personalfinance,3,gemma4:e2b,6.0,asking the community for advice,whether to take a 401k match or pay down loans,a 70-year-old retired teacher,401k match versus paying down debt advice,"I'm retired now and trying to figure out the best way to use my extra money. I see the 401k match is offered, but I also have some student loans I'm trying to tackle. Should I prioritize getting that full company match right away, or should I focus on paying down the higher interest loans first? I'm not sure which gives me the best long-term peace of mind. Any experienced folks have some thoughts?",74,1.65,1,43.0,7.0,9.0,32.0,9.0,48.0,2.0,3.0,30.0,17.0,0.0,0.0
s25|r2|cars|gemma4:e2b,r2|cars|gemma4:e2b,25,cars,r/cars,3,gemma4:e2b,16.0,celebrating a small win,manual transmissions dying out,a 19-year-old college student,Finally got my manual shifting right,"Man, I'm so hyped right now. I've been struggling with my older manual transmission for weeks, just feeling like I couldn't get the gears to shift smoothly. Today, I finally figured out the clutch timing and it just clicked. It felt amazing to get the shifts smooth and responsive for the first time. It's a small thing, but it feels like a huge victory for a student driving this old ride.",71,1.58,1,21.0,29.0,2.0,32.0,16.0,36.0,13.0,0.0,30.0,20.0,0.0,1.0
s25|r2|farming|gemma4:e2b,r2|farming|gemma4:e2b,25,farming,r/farming,3,gemma4:e2b,26.0,sharing a practical tip that worked,raising backyard chickens,a 41-year-old farmer,Backyard chicken coop ventilation trick worked for me,Hey everyone I wanted to share something that really helped my flock settle in. I noticed my coop was getting a bit stuffy and the chickens seemed lethargic. I dug out the old plastic sheeting and added some extra ventilation slats on the north side. It made a huge difference in airflow and kept things much cooler during the summer heat. Definitely worth the small effort to improve their living conditions.,71,1.51,1,49.0,1.0,2.0,44.0,4.0,50.0,0.0,2.0,31.0,17.0,0.0,0.0
s25|r2|cooking|gemma4:e2b,r2|cooking|gemma4:e2b,25,cooking,r/cooking,3,gemma4:e2b,36.0,sharing a personal story or experience,cast iron care,a 19-year-old college student,My cast iron is basically a religion now,"So I finally figured out how to properly care for my cast iron. I used to just wipe it down and forget about it, which was a disaster. Now I always clean it right after cooking with hot water and a little soap. I also make sure to let it air dry completely before putting it away. It feels way better knowing I'm treating this thing right. It’s definitely worth the extra scrubbing time.",74,1.57,1,50.0,0.0,0.0,43.0,7.0,50.0,0.0,0.0,39.0,11.0,0.0,0.0
s25|r2|tech|gemma4:e2b,r2|tech|gemma4:e2b,25,tech,r/technology,3,gemma4:e2b,46.0,giving an opinion that some people will disagree with,a smart home setup that failed,a 61-year-old close to retirement,My Smart Home Dream Just Turned into a Headache,"I spent a good chunk of money trying to set up a fully integrated smart home system. I thought it would make life so much easier, you know? Turns out, the compatibility issues were a nightmare. Everything kept fighting with everything else, and I ended up just using the old dumb systems. It’s a real lesson that sometimes complexity just doesn't pay off for us older folks.",67,2.78,2,46.0,0.0,21.0,27.0,2.0,32.0,0.0,6.0,31.0,13.0,4.0,18.0
s25|r3|personal_finance|gemma4:e2b,r3|personal_finance|gemma4:e2b,25,personal_finance,r/personalfinance,4,gemma4:e2b,8.0,sharing a personal story or experience,building a first emergency fund,a 70-year-old retired teacher,My first emergency fund story,"I remember when I retired and felt a bit adrift. I didn't have much saved, just a few scattered bills. Building that first emergency fund felt daunting at first. I started by just setting aside a small amount every month, even if it was only fifty dollars. It felt like a tiny step, but watching that fund grow gave me a real sense of security. It really made a difference when an unexpected repair came up last winter.",78,1.56,1,35.0,15.0,0.0,48.0,2.0,47.0,3.0,0.0,32.0,18.0,0.0,0.0
s25|r3|cars|gemma4:e2b,r3|cars|gemma4:e2b,25,cars,r/cars,4,gemma4:e2b,18.0,sharing a practical tip that worked,first road trip in a new car,a 24-year-old in their first full-time job,First road trip in new car advice,"Just wanted to share something that helped me out on my first long drive in my new car. I packed way too much stuff and ended up wasting a ton of time trying to find things. Next time, I made a list of absolute necessities and a few fun extras. I also made sure to stop for a proper break halfway instead of trying to push through the whole thing. It made the whole experience way less stressful and much more enjoyable.",82,1.61,1,50.0,0.0,6.0,35.0,9.0,50.0,0.0,3.0,29.0,18.0,0.0,0.0
s25|r3|farming|gemma4:e2b,r3|farming|gemma4:e2b,25,farming,r/farming,4,gemma4:e2b,28.0,sharing a personal story or experience,calving season at night,a 45-year-old small-town mechanic,Calving in the dead of night story,"Man, this calving season is always a trial. Last time it was all over in the middle of the night, and you just have to deal with it. I was stuck working on that old tractor, trying to get a few things sorted, and then I heard the sounds. It was just pure, raw panic. Had to get over there fast, trying to stay calm while everything was happening around me. It really puts a different kind of perspective on what life out here is like.",86,1.73,1,32.0,18.0,5.0,30.0,15.0,38.0,10.0,0.0,23.0,27.0,0.0,2.0
s25|r3|cooking|gemma4:e2b,r3|cooking|gemma4:e2b,25,cooking,r/cooking,4,gemma4:e2b,38.0,giving an opinion that some people will disagree with,the best cheap kitchen tool,a 52-year-old who just got divorced,"Forget fancy gadgets, the best cheap tool is this.","I've been in the kitchen a long time, and honestly, most of the expensive gadgets are just window dressing. If you want one genuinely useful, cheap tool, it has to be a really good quality chef's knife. Seriously, a decent 8 inch blade and a sturdy handle changes how you approach cooking. You can't beat the satisfaction of making a decent chop without spending a fortune on fancy gadgets. It's about function, not flash.",74,1.71,1,50.0,0.0,4.0,40.0,6.0,50.0,0.0,1.0,40.0,9.0,0.0,0.0
s25|r3|tech|gemma4:e2b,r3|tech|gemma4:e2b,25,tech,r/technology,4,gemma4:e2b,48.0,celebrating a small win,wireless earbuds that keep breaking,a 24-year-old in their first full-time job,My new earbuds are already failing me,"Ugh, I'm so frustrated with these wireless earbuds. I just got them hoping for a decent audio experience for my commute and work calls, but they keep dying or the connection just completely drops out. I've already had to replace one charging case this month alone. It's really annoying when you're trying to focus on your job and just want reliable tech. Anyone else dealing with this constant hardware failure?",70,1.58,1,49.0,0.0,19.0,29.0,2.0,42.0,0.0,7.0,29.0,14.0,1.0,8.0
s25|r4|personal_finance|gemma4:e2b,r4|personal_finance|gemma4:e2b,25,personal_finance,r/personalfinance,5,gemma4:e2b,10.0,celebrating a small win,cancelling subscriptions and what it saved,a 27-year-old who moved to a new city,Finally cut those monthly subscription costs,Hey everyone I wanted to share a small win I had this week while settling into the new city. I finally went through and cancelled all those streaming services and apps I was paying for. It sounds small but looking at my bank statement now I can see it saved me almost fifty dollars a month. It really makes a difference when you start tracking where your money is actually going. Feeling a little more in control already.,78,1.53,1,50.0,0.0,4.0,37.0,9.0,50.0,0.0,0.0,32.0,18.0,0.0,0.0
s25|r4|cars|gemma4:e2b,r4|cars|gemma4:e2b,25,cars,r/cars,5,gemma4:e2b,20.0,asking the community for advice,EV versus hybrid for a long commute,a 19-year-old college student,EV or Hybrid for my long commute advice,Hey everyone I'm a college student and I'm trying to figure out the best powertrain for my daily commute which is about forty miles each way. I'm really torn between going all in on an electric vehicle or sticking with a hybrid. I'm not sure about the range anxiety or the upfront cost difference for my budget. Has anyone actually done this for a similar commute distance and can share their real-world experience?,73,1.58,1,28.0,22.0,19.0,25.0,6.0,22.0,28.0,2.0,27.0,21.0,0.0,0.0
s25|r4|farming|gemma4:e2b,r4|farming|gemma4:e2b,25,farming,r/farming,5,gemma4:e2b,30.0,giving an opinion that some people will disagree with,land prices near the city,a 24-year-old in their first full-time job,City land prices are totally insane right now,"I'm just trying to get my head around the land prices near the city. I mean, honestly, it feels like a joke when you look at what people are asking for acreage compared to what I see in the market. It feels like the pressure to buy up everything near the edges is going to make it impossible for actual working farmers to stay. It seems way too inflated for the actual value of the land.",76,1.57,1,50.0,0.0,8.0,34.0,8.0,34.0,5.0,3.0,28.0,19.0,0.0,11.0
s25|r4|cooking|gemma4:e2b,r4|cooking|gemma4:e2b,25,cooking,r/cooking,5,gemma4:e2b,40.0,venting about something frustrating,using up leftovers,a 35-year-old single dad,Leftover dilemma is killing me right now,"I have this mountain of leftover pasta and half a jar of sauce and I just can't face cooking something new. It's getting old, honestly. I feel like I waste perfectly good food just because I don't have the energy to plan a full meal. I keep staring at the fridge, wishing I had the motivation to actually make something edible instead of just eating the same old things over and over again. It's a real struggle sometimes.",78,1.66,1,49.0,0.0,8.0,38.0,4.0,39.0,7.0,1.0,35.0,14.0,1.0,4.0
s25|r4|tech|gemma4:e2b,r4|tech|gemma4:e2b,25,tech,r/technology,5,gemma4:e2b,50.0,sharing a practical tip that worked,setting up a home network,a 61-year-old close to retirement,Simple home network setup that actually works,"I finally got my home network sorted out and wanted to share a tip. Forget trying to manage everything through the router settings right away. I found that setting up a separate guest network is a game changer. It keeps my personal devices separate from any visitors or less secure gadgets. It just makes things feel a lot more secure and organized for everyone in the house. It was a small step, but it made a big difference in peace of mind.",82,1.6,1,48.0,2.0,4.0,42.0,4.0,50.0,0.0,3.0,32.0,15.0,0.0,0.0
s26|r0|personal_finance|llama3.1:8b,r0|personal_finance|llama3.1:8b,26,personal_finance,r/personalfinance,1,llama3.1:8b,1.0,venting about something frustrating,a side hustle that paid off,a 24-year-old in their first full-time job,Unreal side hustle experience,"I just finished my first month working as a freelance graphic designer on Upwork. I was skeptical at first but it's been a game changer. I've already paid off over $3,000 in student loans and built up some savings. The best part is that I get to work from home and choose my own projects. My employer doesn't care about the weird hours as long as the work gets done.",70,4.0,1,44.0,6.0,3.0,42.0,5.0,42.0,6.0,2.0,37.0,11.0,0.0,2.0
s26|r0|cars|llama3.1:8b,r0|cars|llama3.1:8b,26,cars,r/cars,1,llama3.1:8b,7.0,venting about something frustrating,buying a used truck with high mileage,a 35-year-old single dad,Used truck woes - 200k miles is a red flag no matter what they say.,"I just bought my son his first car, a used truck from a private seller. It's an okay deal, but the seller claims it's been well maintained despite having over 200k miles on it. I'm not convinced. The engine is a little rough and I can already see some signs of wear on the interior. I feel like I'm taking a gamble on reliability. Anyone else have experience with high mileage vehicles? Help!",73,4.59,1,48.0,0.0,5.0,42.0,3.0,48.0,0.0,3.0,31.0,16.0,2.0,2.0
s26|r0|farming|llama3.1:8b,r0|farming|llama3.1:8b,26,farming,r/farming,1,llama3.1:8b,15.0,sharing a personal story or experience,a good harvest after a rough spring,a 61-year-old close to retirement,First good harvest in years after that brutal spring,"Just got back from my fields and I'm relieved to say it's been a decent year. Had to replant half the wheat due to hail damage, but the corn is finally ready for harvest. Been farming this land since '82 and never had a season as tough as last spring was - we're talking floods, frost, and a late freeze. Glad to see some green again.",66,23.46,7,48.0,0.0,0.0,38.0,12.0,49.0,1.0,0.0,35.0,15.0,2.0,0.0
s26|r0|cooking|llama3.1:8b,r0|cooking|llama3.1:8b,26,cooking,r/cooking,1,llama3.1:8b,23.0,giving an opinion that some people will disagree with,meal prep for the week,a 27-year-old who moved to a new city,Meal prep is overrated in a new city,"I've been trying to get into meal prepping since moving to this new city but I'm starting to think it's not worth the hassle. Every week, I plan out my meals, make a big batch of something on Sunday night, and then end up eating the same old thing by Wednesday. It gets boring and doesn't save me as much time as I thought it would. Has anyone else found this to be true or am I just doing it wrong?",81,4.46,1,40.0,1.0,12.0,27.0,11.0,23.0,1.0,0.0,34.0,16.0,9.0,26.0
s26|r0|tech|llama3.1:8b,r0|tech|llama3.1:8b,26,tech,r/technology,1,llama3.1:8b,31.0,sharing a practical tip that worked,a phone battery that dies by noon,a 70-year-old retired teacher,My Phone Battery Never Dies Before Noon Anymore,"I was getting frustrated with my phone battery dying by lunchtime every day. I changed a few things and now it lasts all day without needing to be charged again. First, I turned off Location Services for most of the apps that didn't need them. Then I set my screen brightness to automatic. Now I only charge it once in the morning and it makes it through the whole day.",70,3.89,1,37.0,9.0,5.0,35.0,10.0,48.0,0.0,1.0,34.0,15.0,4.0,2.0
s26|r1|personal_finance|llama3.1:8b,r1|personal_finance|llama3.1:8b,26,personal_finance,r/personalfinance,2,llama3.1:8b,3.0,sharing a practical tip that worked,helping aging parents with money,a 45-year-old small-town mechanic,Using life insurance payouts to help aging parents financially,"My mom had a term life policy she'd paid into for years. She passed away last year and we got a decent payout from the insurance company. We put it in her bank account, but our financial advisor suggested we could use it to pay off some of the medical bills she'd accumulated over time. It really helped us get that sorted out without having to dig into our own savings.",71,13.47,4,46.0,4.0,3.0,38.0,9.0,50.0,0.0,2.0,33.0,15.0,0.0,0.0
s26|r1|cars|llama3.1:8b,r1|cars|llama3.1:8b,26,cars,r/cars,2,llama3.1:8b,9.0,sharing a personal story or experience,"winter tires, worth it or not",a 27-year-old who moved to a new city,Winter tires made a huge difference in my daily commute.,"I just moved to a new city that gets slammed with snow every winter. Last year I struggled to get to work on time, but this year I decided to invest in a set of winter tires for my trusty old Honda Civic. The difference is night and day - I can stop on a dime and stay safe on the roads. Worth every penny.",65,17.2,5,50.0,0.0,4.0,38.0,8.0,49.0,1.0,2.0,31.0,17.0,0.0,0.0
s26|r1|farming|llama3.1:8b,r1|farming|llama3.1:8b,26,farming,r/farming,2,llama3.1:8b,17.0,celebrating a small win,fencing a new pasture,a 30-year-old nurse working night shifts,Finally fenced in our new pasture!,"I'm still running on night shift fumes, but nothing can top the feeling of watching a herd of cattle graze peacefully for the first time. My husband and I spent all weekend hammering posts into the ground and stringing wire - it was a team effort with my kids helping out too. It's amazing how much difference a little bit of fencing can make to our land",67,3.7,1,45.0,5.0,3.0,34.0,13.0,45.0,5.0,0.0,36.0,14.0,0.0,0.0
s26|r1|cooking|llama3.1:8b,r1|cooking|llama3.1:8b,26,cooking,r/cooking,2,llama3.1:8b,25.0,sharing a practical tip that worked,cooking for a picky kid,a 27-year-old who moved to a new city,Making picky kids eat healthy stuff: a mom's trick that worked for me,"I've been living in this new city for 3 months now and my neighbor, who's a single mom, has been sharing some really helpful parenting tips. She swears by the 'involve them in the process' method when it comes to cooking dinner. Her kid is super picky but she lets him help with meal planning and grocery shopping. He gets to choose between 2-3 healthy options every week. So far, so good! My niece is a huge fan of making her own quesadillas.",83,22.37,6,40.0,10.0,10.0,23.0,17.0,46.0,3.0,2.0,20.0,28.0,0.0,1.0
s26|r2|personal_finance|llama3.1:8b,r2|personal_finance|llama3.1:8b,26,personal_finance,r/personalfinance,3,llama3.1:8b,5.0,celebrating a small win,renting versus buying a first home,a 38-year-old parent of two,Finally broke even on our first home rental,"We've been renting a three-bedroom house for six years. The kids have outgrown it, so we're selling and upgrading to a bigger place. After paying rent and utilities, the new owners are getting a huge subsidy from us through mortgage payments that were equivalent to rent. It's a small win, but we feel liberated not having to worry about long-term contracts and rising rent costs.",65,13.71,4,34.0,16.0,3.0,38.0,9.0,47.0,3.0,0.0,32.0,18.0,0.0,0.0
s26|r2|cars|llama3.1:8b,r2|cars|llama3.1:8b,26,cars,r/cars,3,llama3.1:8b,11.0,sharing a personal story or experience,first road trip in a new car,a 41-year-old farmer,First Road Trip in My New F-150,"Just got back from a 5-hour drive to visit my folks. First time out for my new Ford F-150 and I gotta say, it's a real treat. The EcoBoost engine has some serious punch when you need it. Spent most of the trip with the windows down enjoying the fresh air, which was nice after being stuck in the barn all winter. The ride is smooth as silk too.",69,4.08,1,34.0,15.0,6.0,29.0,15.0,24.0,19.0,1.0,26.0,23.0,1.0,7.0
s26|r2|tech|llama3.1:8b,r2|tech|llama3.1:8b,26,tech,r/technology,3,llama3.1:8b,33.0,asking for a recommendation,setting up a home network,a 45-year-old small-town mechanic,Setting up a home network for my small business,"I've got a tiny repair shop in town and I'm thinking of setting up a home network to keep all our records organized. Problem is, I have no idea where to start. Got a bunch of old computers and some new devices that need connecting. Looking for something simple, reliable and affordable. Any tech-savvy folks out there got some advice? Maybe even recommend a few products?",66,7.04,2,41.0,9.0,10.0,29.0,11.0,42.0,8.0,2.0,30.0,18.0,0.0,0.0
s26|r3|cars|llama3.1:8b,r3|cars|llama3.1:8b,26,cars,r/cars,4,llama3.1:8b,13.0,giving an opinion that some people will disagree with,dealer markups and add-ons,a 61-year-old close to retirement,Dealer markups and add-ons are just a necessary evil.,"I've been buying cars for over 40 years and I'm still of the opinion that dealerships need to make a profit. The problem is when they get greedy with add-ons like extended warranties, maintenance plans, and accessories that you don't really need. It's all part of doing business but it can be frustrating. You have to negotiate around these things or just walk away if you're not comfortable with the price.",71,21.51,6,37.0,3.0,21.0,19.0,10.0,49.0,0.0,2.0,21.0,27.0,10.0,1.0
s26|r3|farming|llama3.1:8b,r3|farming|llama3.1:8b,26,farming,r/farming,4,llama3.1:8b,19.0,asking for a recommendation,calving season at night,a 30-year-old nurse working night shifts,"calving season at night, tips for a nurse's midnight checkins","I've got my family's small farm to tend to alongside my nursing job. Calving season is upon us and I'm struggling to balance my 12 hour night shifts with the need to be on call for newborn calves. Anyone else have experience with this? Looking for advice on how to manage the schedule, and what kind of equipment or tools would help me keep an eye on things at night without compromising patient care.",74,21.05,6,41.0,9.0,5.0,43.0,2.0,22.0,28.0,2.0,34.0,14.0,0.0,0.0
s26|r3|cooking|llama3.1:8b,r3|cooking|llama3.1:8b,26,cooking,r/cooking,4,llama3.1:8b,27.0,asking the community for advice,bread that will not rise,a 30-year-old nurse working night shifts,Bread that won't rise - any advice from experienced bakers?,"I'm at my wit's end with a bread recipe I found online. I've tried it three times and it just doesn't rise, no matter how long I let the dough sit or what temperature I use for proofing. I work night shifts as a nurse so baking is my hobby to unwind, but this is starting to get frustrating. Any suggestions would be greatly appreciated.",65,4.0,1,16.0,34.0,7.0,40.0,3.0,34.0,16.0,0.0,38.0,12.0,0.0,0.0
s26|r3|tech|llama3.1:8b,r3|tech|llama3.1:8b,26,tech,r/technology,4,llama3.1:8b,35.0,venting about something frustrating,a smart home setup that failed,a 19-year-old college student,Smart home setup that's driving me crazy!,"I just got a new smart speaker and thermostat thinking it would make my life easier but now I'm stuck dealing with connectivity issues. The thermostat won't turn on when I tell the speaker to, and the speaker keeps dropping Wi-Fi. It's been two weeks of trying to troubleshoot and I still can't get everything working together smoothly. Has anyone else had a similar experience?",65,27.65,8,43.0,0.0,12.0,33.0,5.0,21.0,5.0,4.0,30.0,16.0,7.0,24.0
s26|r4|farming|llama3.1:8b,r4|farming|llama3.1:8b,26,farming,r/farming,5,llama3.1:8b,21.0,sharing a personal story or experience,land prices near the city,a 70-year-old retired teacher,Land prices near the city are out of sight for small farmers.,"I've lived on a farm just outside the city limits my whole life. My father bought it back in '55 for $5,000 an acre. Now, with all the new development and whatnot, that land would be worth three times that. Problem is, those big city folks want to build their McMansions out here now, so the little guys like me can't afford to buy no more.",66,4.19,1,50.0,0.0,8.0,39.0,3.0,42.0,0.0,4.0,35.0,11.0,0.0,8.0
s26|r4|cooking|llama3.1:8b,r4|cooking|llama3.1:8b,26,cooking,r/cooking,5,llama3.1:8b,29.0,sharing a personal story or experience,spicy food tolerance,a 45-year-old small-town mechanic,Becoming a hot pepper aficionado at 45,"I've lived in this small town my whole life and never thought I could handle spicy food. That is, until my wife started making these ridiculous hot wings for our family gatherings. Now I'm the first one asking her to turn up the heat. I've even started growing my own ghost peppers in my backyard. My tolerance may be a result of too many years eating at the local diner's buffet, but hey, it's nice to have a new hobby.",80,18.12,5,38.0,10.0,0.0,43.0,7.0,42.0,6.0,0.0,37.0,13.0,2.0,2.0
s26|r4|tech|llama3.1:8b,r4|tech|llama3.1:8b,26,tech,r/technology,5,llama3.1:8b,37.0,asking the community for advice,repairing instead of replacing a device,a 30-year-old nurse working night shifts,Repairing my old laptop instead of buying a new one?,"I'm on night shifts as a nurse and I need a decent laptop for work. My current one is 5 years old, but it still runs fine except the screen's cracked and it's been slow lately. I've been thinking about throwing it away or getting a new one, but repair shops in my area seem to want an arm and a leg for the repairs. Can anyone suggest any cost-effective options? Should I just bite the bullet and get a new laptop?",82,4.54,1,49.0,1.0,16.0,29.0,5.0,47.0,3.0,6.0,29.0,15.0,0.0,0.0
s26|r0|personal_finance|gemma4:e2b,r0|personal_finance|gemma4:e2b,26,personal_finance,r/personalfinance,1,gemma4:e2b,2.0,venting about something frustrating,a side hustle that paid off,a 24-year-old in their first full-time job,Finally made some money from my side hustle,I am so incredibly frustrated with how much I thought I was going to make from my freelance writing gigs. I was working so many hours and feeling like I was just spinning my wheels. But then I actually landed a few solid clients and the income started coming in. It feels amazing to see that extra effort actually translate into real cash. It's definitely motivating to keep pushing forward now.,71,1.52,1,25.0,25.0,9.0,26.0,15.0,45.0,5.0,1.0,28.0,21.0,0.0,0.0
s26|r0|cars|gemma4:e2b,r0|cars|gemma4:e2b,26,cars,r/cars,1,gemma4:e2b,8.0,venting about something frustrating,buying a used truck with high mileage,a 35-year-old single dad,Used truck nightmare with high mileage,"I am so incredibly frustrated right now trying to buy a used truck. I found one that looks great on the outside but the mileage is absolutely insane. I feel like I'm just buying a ticking time bomb. The negotiation is a nightmare, and I'm worried about what hidden mechanical issues I'm going to face down the road. It just feels like a total headache trying to manage this purchase as a single dad.",74,1.55,1,44.0,2.0,16.0,28.0,6.0,27.0,4.0,3.0,27.0,20.0,4.0,19.0
s26|r0|farming|gemma4:e2b,r0|farming|gemma4:e2b,26,farming,r/farming,1,gemma4:e2b,16.0,sharing a personal story or experience,a good harvest after a rough spring,a 61-year-old close to retirement,Finally a good harvest after a brutal spring,"Man, what a season we had. That spring was just relentless, all mud and bad weather. I was starting to think we were done for before the summer even hit. But then, the rains finally came, and the corn really got going. We pulled in a much better yield than I expected, which feels pretty good after all that struggle. Time to just enjoy the fruits of the labor.",69,1.51,1,47.0,3.0,1.0,36.0,13.0,45.0,5.0,0.0,33.0,17.0,0.0,0.0
s26|r0|cooking|gemma4:e2b,r0|cooking|gemma4:e2b,26,cooking,r/cooking,1,gemma4:e2b,24.0,giving an opinion that some people will disagree with,meal prep for the week,a 27-year-old who moved to a new city,Meal prep is overrated for new city life,"I've been trying to stick to strict meal prepping for the week since moving here, but honestly, I think it's just too much effort right now. I'm still figuring out grocery store layouts and finding good local markets, so spending hours chopping and cooking feels counterproductive. I'm leaning towards just cooking what sounds good that day and letting things flow. It's less about perfect nutrition and more about surviving the unpacking chaos right now.",74,1.66,1,48.0,1.0,0.0,46.0,4.0,47.0,0.0,0.0,38.0,12.0,1.0,3.0
s26|r0|tech|gemma4:e2b,r0|tech|gemma4:e2b,26,tech,r/technology,1,gemma4:e2b,32.0,sharing a practical tip that worked,a phone battery that dies by noon,a 70-year-old retired teacher,My phone battery lasts much longer now,"I was really struggling with my phone battery these days. It would die by lunchtime every single day, which was just annoying. I found a trick that really helped me out. I started turning off all the background apps that I wasn't actively using. Also, I found that keeping the screen brightness lower made a big difference. It seems simple, but it makes a noticeable difference in how long the battery lasts.",72,1.53,1,25.0,21.0,5.0,39.0,6.0,42.0,3.0,3.0,30.0,17.0,4.0,5.0
s26|r1|personal_finance|gemma4:e2b,r1|personal_finance|gemma4:e2b,26,personal_finance,r/personalfinance,2,gemma4:e2b,4.0,sharing a practical tip that worked,helping aging parents with money,a 45-year-old small-town mechanic,"Helping parents with finances, here's what I did","Trying to figure out how to best help my folks with their money has been a headache. I started setting up a simple shared spreadsheet for utilities and regular expenses. It sounds basic, but it forces everyone to see exactly where the money is going. We just divide things up and track the big bills together. It stops the constant nagging and makes budgeting way less stressful for everyone involved. It’s been a big help.",75,1.6,1,42.0,8.0,3.0,40.0,7.0,49.0,1.0,1.0,33.0,16.0,0.0,0.0
s26|r1|cars|gemma4:e2b,r1|cars|gemma4:e2b,26,cars,r/cars,2,gemma4:e2b,10.0,sharing a personal story or experience,"winter tires, worth it or not",a 27-year-old who moved to a new city,Winter tires in the city: worth the hassle?,"Just moved to this city and I'm trying to figure out if winter tires are actually necessary here. I'm driving a midsize sedan and the temperatures aren't extreme, but I'm worried about unexpected snow or ice. I've heard the debate, and I'm trying to weigh the cost against the potential risk. Has anyone else made this switch in a less harsh climate? I'm open to any advice.",67,1.64,1,19.0,31.0,4.0,35.0,11.0,26.0,24.0,2.0,27.0,21.0,0.0,0.0
s26|r1|farming|gemma4:e2b,r1|farming|gemma4:e2b,26,farming,r/farming,2,gemma4:e2b,18.0,celebrating a small win,fencing a new pasture,a 30-year-old nurse working night shifts,Finally fenced the new pasture!,"I'm so tired from my night shifts, but I finally got the new pasture fenced yesterday. It took way longer than I expected, and I'm pretty sore, but seeing it all done feels amazing. It's going to be so much better for the animals now that they have a proper place to roam. I'm really looking forward to letting them out more often and watching them enjoy the space. Small victories, right?",72,1.59,1,38.0,12.0,1.0,35.0,14.0,43.0,7.0,1.0,33.0,16.0,0.0,0.0
s26|r1|cooking|gemma4:e2b,r1|cooking|gemma4:e2b,26,cooking,r/cooking,2,gemma4:e2b,26.0,sharing a practical tip that worked,cooking for a picky kid,a 27-year-old who moved to a new city,How I got my picky eater to eat vegetables,Hey everyone I just moved here and I am struggling with feeding my little one some healthy food. I tried everything from hiding purees to making funny shapes but nothing really stuck. What finally worked was introducing veggies as a fun game. I started making little veggie sticks with different dips like hummus and ranch. He loves the novelty and the dipping makes it less intimidating. It took a few tries but now he actually tries new things on his plate.,81,1.63,1,45.0,5.0,3.0,39.0,8.0,50.0,0.0,1.0,30.0,19.0,0.0,0.0
s26|r1|tech|gemma4:e2b,r1|tech|gemma4:e2b,26,tech,r/technology,2,gemma4:e2b,0.0,sharing a personal story or experience,backing up family photos,a 70-year-old retired teacher,Struggling to save old family photos safely,"I'm trying to back up all my old family photos, and it's proving more complicated than I thought. I have hundreds of physical albums and digital files scattered everywhere. Trying to figure out the best way to keep everything safe from a single bad event is a real headache. I'm looking into external hard drives and cloud storage but I feel a bit lost with all the technical jargon involved. Hoping someone has some solid, simple advice.",77,1.63,1,0.0,0.0,0.0,0.0,0.0,0.0,0.0,0.0,0.0,0.0,0.0,0.0
s26|r2|personal_finance|gemma4:e2b,r2|personal_finance|gemma4:e2b,26,personal_finance,r/personalfinance,3,gemma4:e2b,6.0,celebrating a small win,renting versus buying a first home,a 38-year-old parent of two,Finally renting a place feels good,"Just wanted to share a small win. After a lot of research and thinking, we decided to rent our first home instead of buying right now. It feels a bit less stressful financially, and we can save that money for bigger goals. It’s definitely a different path than I initially thought it would be. Still learning a ton about the market, but happy with the decision we made for our family right now.",73,1.52,1,50.0,0.0,0.0,32.0,18.0,50.0,0.0,0.0,33.0,17.0,0.0,0.0
s26|r2|cars|gemma4:e2b,r2|cars|gemma4:e2b,26,cars,r/cars,3,gemma4:e2b,12.0,sharing a personal story or experience,first road trip in a new car,a 41-year-old farmer,First road trip in a new truck,"Just got my new Ford F150 a couple of weeks ago and finally took it on a proper road trip. Felt a bit nervous at first, mostly about how it would handle the long haul. We drove from the farm to the coast and it just felt great. The handling is much smoother than my old rig, and the fuel economy is surprisingly decent. It's a real improvement for hauling feed and getting around the county.",76,1.59,1,45.0,5.0,11.0,27.0,12.0,43.0,5.0,1.0,26.0,23.0,0.0,2.0
s26|r2|farming|gemma4:e2b,r2|farming|gemma4:e2b,26,farming,r/farming,3,gemma4:e2b,0.0,celebrating a small win,fixing an old tractor instead of buying new,a 45-year-old small-town mechanic,"Old tractor back in action, saved some cash","Just spent the weekend finally getting that old John Deere back running after it seized up for good. Took a few stubborn parts to track down, but man, it's humming now. Saved a ton compared to shelling out for a brand new machine. It's not as smooth as new, but it pulls the weight just fine around the farm. Feels good to fix something up instead of just tossing it and buying something new.",74,1.61,1,0.0,0.0,0.0,0.0,0.0,0.0,0.0,0.0,0.0,0.0,0.0,0.0
s26|r2|cooking|gemma4:e2b,r2|cooking|gemma4:e2b,26,cooking,r/cooking,3,gemma4:e2b,0.0,asking for a recommendation,a weeknight dinner in 20 minutes,a 30-year-old nurse working night shifts,Quick weeknight dinner under twenty minutes,Hey everyone I'm always scrambling for dinner after my night shifts and I need some quick ideas. I'm looking for recipes that can actually be made in like twenty minutes with minimal fuss. I need something easy to prep and cook so I don't spend all my energy in the kitchen. Anything with chicken or pasta that is super fast would be amazing. I'm open to anything simple you guys have tried recently.,73,1.58,1,0.0,0.0,0.0,0.0,0.0,0.0,0.0,0.0,0.0,0.0,0.0,0.0
s26|r2|tech|gemma4:e2b,r2|tech|gemma4:e2b,26,tech,r/technology,3,gemma4:e2b,34.0,asking for a recommendation,setting up a home network,a 45-year-old small-town mechanic,Best home network setup advice needed,Hey guys I'm trying to get my home network sorted out and I'm completely lost. I have a decent amount of old wiring but I don't really know what router or mesh system will actually work well for my house. I'm looking for something reliable that can handle a few smart devices and streaming without constant glitches. Any recommendations for beginner friendly gear would be hugely appreciated. Thanks for any help you can offer.,74,1.57,1,28.0,22.0,19.0,24.0,7.0,37.0,13.0,5.0,25.0,20.0,0.0,0.0
s26|r3|personal_finance|gemma4:e2b,r3|personal_finance|gemma4:e2b,26,personal_finance,r/personalfinance,4,gemma4:e2b,0.0,sharing a practical tip that worked,building a first emergency fund,a 35-year-old single dad,My first emergency fund strategy worked,"Trying to build that first emergency fund as a single dad felt impossible at first. I started by setting a super small, achievable goal instead of aiming for a huge number right away. I focused on saving $100 a month consistently, no matter what. That small, steady amount built momentum for me. Now I have a solid starting base and I feel way more confident about tackling bigger financial goals.",70,1.49,1,0.0,0.0,0.0,0.0,0.0,0.0,0.0,0.0,0.0,0.0,0.0,0.0
s26|r3|cars|gemma4:e2b,r3|cars|gemma4:e2b,26,cars,r/cars,4,gemma4:e2b,14.0,giving an opinion that some people will disagree with,dealer markups and add-ons,a 61-year-old close to retirement,Dealer markups are just plain unfair.,"I've been driving trucks for forty years and I just don't get the dealer markup game anymore. They tack on these ridiculous fees and add-ons that seem completely arbitrary. You pay for the vehicle, not for the dealership's convenience or inflated profit margin. It feels like they're overcharging us for something that should be a simple transaction. It really makes you question the whole buying process.",66,1.56,1,33.0,0.0,26.0,21.0,3.0,46.0,0.0,3.0,26.0,21.0,17.0,4.0
s26|r3|farming|gemma4:e2b,r3|farming|gemma4:e2b,26,farming,r/farming,4,gemma4:e2b,20.0,asking for a recommendation,calving season at night,a 30-year-old nurse working night shifts,Calving season at night advice needed,Hey everyone I'm trying to figure out the best way to manage calving when it happens during the night shifts I work. I'm not sure if there are specific things ranchers do for nighttime births or if there are any common pitfalls I should watch out for. Has anyone dealt with this situation and found a really helpful routine or resource? Any tips would be greatly appreciated.,67,1.45,1,13.0,37.0,7.0,34.0,9.0,28.0,22.0,2.0,34.0,14.0,0.0,0.0
s26|r3|cooking|gemma4:e2b,r3|cooking|gemma4:e2b,26,cooking,r/cooking,4,gemma4:e2b,28.0,asking the community for advice,bread that will not rise,a 30-year-old nurse working night shifts,Why won't my bread rise at all?,Hey everyone I'm having a major baking disaster and I need some advice. I followed the recipe exactly for a sourdough loaf but it just stayed flat and dense. I used fresh yeast and the water temperature seemed fine. I'm worried something is wrong with my starter or the environment. Has anyone else experienced this issue with their bread? Any tips on troubleshooting this flat dough would be super helpful right now.,72,1.54,1,40.0,10.0,5.0,42.0,3.0,43.0,7.0,0.0,33.0,17.0,0.0,0.0
s26|r3|tech|gemma4:e2b,r3|tech|gemma4:e2b,26,tech,r/technology,4,gemma4:e2b,36.0,venting about something frustrating,a smart home setup that failed,a 19-year-old college student,My smart home setup is driving me insane,"I am so done with this whole smart home thing. I spent way too much money setting up all these devices, and now nothing works together. The hub constantly disconnects, the routines just fail randomly, and I spend more time troubleshooting than actually using the gadgets. It's incredibly frustrating trying to make a simple home system actually function correctly. I just want things to work as they are supposed to.",70,1.52,1,49.0,0.0,21.0,29.0,0.0,34.0,0.0,6.0,38.0,6.0,1.0,16.0
s26|r4|personal_finance|gemma4:e2b,r4|personal_finance|gemma4:e2b,26,personal_finance,r/personalfinance,5,gemma4:e2b,0.0,celebrating a small win,starting to invest with a small amount,a 24-year-old in their first full-time job,"Finally started investing, small steps!","Hey everyone, just wanted to share a little win. I finally managed to set up an automatic transfer to start investing a small amount into a brokerage account. It feels kind of exciting to actually be doing something proactive with my money instead of just letting it sit there. It's not a huge amount yet, but getting that first step done feels really good. Hoping to keep the momentum going and learn more about the process.",76,1.55,1,0.0,0.0,0.0,0.0,0.0,0.0,0.0,0.0,0.0,0.0,0.0,0.0
s26|r4|cars|gemma4:e2b,r4|cars|gemma4:e2b,26,cars,r/cars,5,gemma4:e2b,0.0,celebrating a small win,insurance going up for no reason,a 27-year-old who moved to a new city,Insurance hike in my new city is wild,"Just moved to this new place and I am completely baffled by my insurance rates. I checked everything, my car is the same, and I haven't made any changes to my driving habits or coverage. It feels like they just decided to hike everything up without any real justification. Trying to figure out what the local market is doing or if I missed something obvious. Anyone else dealing with this nonsense?",71,1.52,1,0.0,0.0,0.0,0.0,0.0,0.0,0.0,0.0,0.0,0.0,0.0,0.0
s26|r4|farming|gemma4:e2b,r4|farming|gemma4:e2b,26,farming,r/farming,5,gemma4:e2b,22.0,sharing a personal story or experience,land prices near the city,a 70-year-old retired teacher,Land prices near the city are crazy now,"Been watching the land prices around here lately, and honestly, it’s getting ridiculous. I remember when a decent acreage was affordable for a family. Now, you look at the listings and it feels like you need a million dollars just to look at a parcel outside the immediate sprawl. It makes you wonder what the future holds for folks who actually want to stay and work the land instead of just chasing the next big city development.",77,1.59,1,50.0,0.0,2.0,40.0,8.0,44.0,0.0,4.0,29.0,17.0,0.0,6.0
s26|r4|cooking|gemma4:e2b,r4|cooking|gemma4:e2b,26,cooking,r/cooking,5,gemma4:e2b,30.0,sharing a personal story or experience,spicy food tolerance,a 45-year-old small-town mechanic,My spicy food tolerance story,"Man, I used to think I could handle anything. I'm a guy from down in the sticks, mostly grease and wrenches, so I figured I was tough. But when I started trying those super hot peppers, man, it was a shock to the system. My mouth would just burn and I'd start sweating buckets. Now I can handle a little heat, but those ghost peppers still make me reconsider my life choices sometimes.",73,1.57,1,35.0,13.0,5.0,26.0,19.0,29.0,14.0,0.0,34.0,16.0,2.0,7.0
s26|r4|tech|gemma4:e2b,r4|tech|gemma4:e2b,26,tech,r/technology,5,gemma4:e2b,38.0,asking the community for advice,repairing instead of replacing a device,a 30-year-old nurse working night shifts,Tips for repairing tech instead of buying new,Hey everyone I'm a nurse working mostly night shifts and I'm trying to be more mindful about tech waste. I've got a few broken gadgets and I'm really trying to find ways to fix them instead of just throwing them out and buying new ones. Has anyone here done a lot of DIY repairs on things like laptops or phones? I'm not super technical but I want to learn some basic troubleshooting steps. Any advice on where to find good repair guides would be super helpful.,86,1.76,1,43.0,7.0,5.0,43.0,2.0,39.0,11.0,4.0,33.0,13.0,0.0,0.0
