round,seed,slot_in_topic,topic,author,key,ok,brief,title,body,words,attempts,latency_s,eval_tokens
1,201,0,personal_finance,gemma4:e2b,r0|personal_finance|gemma4:e2b,True,"{'angle': 'cancelling subscriptions and what it saved', 'ptype': 'sharing a personal story or experience', 'voice': 'a 52-year-old who just got divorced'}",Finally cutting the cord on subscriptions - some real savings!,"Hey everyone, I've been in the thick of it for a while now. Just got divorced, and honestly, the financial stress has been a lot to handle. One of the things I've been trying to tackle is cutting down on unnecessary spending, and I've actually found some pretty significant wins by tackling my subscriptions. 

I had a whole laundry list of services I was paying for that I barely used anymore—streaming services, fitness apps I never used, and a few software subscriptions I forgot I even had. I went through and cancelled almost everything. It felt a little weird at first, like I was missing out on things, but once I started tracking where that money was actually going, it was a huge relief.

I was paying about $80-$100 a month for these things, and now that I've cut them, I've freed up that money. I'm putting it towards some actual savings goals, like building up an emergency fund a bit more robustly and looking at some investment options. It's not a massive windfall, but seeing that money go towards tangible goals instead of just disappearing into monthly bills makes a big difference. 

Has anyone else done this? Any tips on how you managed the cancellation process or what services you found were surprisingly easy to ditch? Looking for shared experiences!",221,1,4.13,301
1,201,0,cars,gemma4:e2b,r0|cars|gemma4:e2b,True,"{'angle': 'a DIY brake job', 'ptype': 'celebrating a small win', 'voice': 'a 35-year-old single dad'}",Survived the brake job. Small victory for the man.,"Hey everyone, just wanted to share a little win from the garage today. I finally tackled that brake job I've been putting off for ages on the truck. It turned out to be a bit of a headache—some stubborn corrosion and a few rusty lines—but I managed to get it sorted out myself. Took way longer than I expected, and I definitely learned a few things the hard way about dealing with old metal and fluids. But man, seeing it all working perfectly again feels pretty good. Nothing beats that feeling of a job done right by your own hands, even if it took a few frustrating hours. Time to go put the tools away and enjoy a quiet evening. Anyone else got a recent DIY win they're happy about?",130,1,2.45,171
1,201,0,farming,gemma4:e2b,r0|farming|gemma4:e2b,True,"{'angle': 'calving season at night', 'ptype': 'celebrating a small win', 'voice': 'a 70-year-old retired teacher'}",Calving Season: A Nighttime Miracle!,"Well now, I just wanted to share a little something that made my heart swell this week. You know how the calving season always brings a certain kind of anxiety, especially when you're older and the nights feel longer? Well, the cows started birthing a few of their calves out in the middle of the night. I was up, minding my own business, and I heard the sounds. It wasn't a roar, just soft, earnest bleats, but it was unmistakable. It felt like a real, quiet miracle, seeing that work being done when everyone else is asleep. It just reminds you that even in retirement, there’s still a rhythm to follow out here, and the land still gives. Feeling pretty grateful for the peace of mind that comes with knowing everything is moving forward. Hope everyone else is having some smoother nights!",142,1,2.69,191
1,201,0,cooking,gemma4:e2b,r0|cooking|gemma4:e2b,True,"{'angle': 'cast iron care', 'ptype': 'venting about something frustrating', 'voice': 'a 70-year-old retired teacher'}",This Cast Iron Care is Giving Me a Headache!,"Honestly, I'm starting to lose faith in all this fancy cast iron advice. I've been using my old skillet for decades, and it just seems like a constant battle. You spend all this time worrying about seasoning, about the right heat, about the oil—and then you manage to burn it, or it sticks to the pan when you least expect it. It feels like I need a degree in metallurgy just to cook dinner! I just want to make a good meal, not spend half my time agonizing over whether my pan is 'perfectly seasoned.' It's frustrating, plain and simple. Anyone else feeling this way? I just want to cook without the constant anxiety about ruining an expensive piece of cookware.",121,1,2.35,166
1,201,0,tech,gemma4:e2b,r0|tech|gemma4:e2b,True,"{'angle': 'privacy settings everyone should change', 'ptype': 'sharing a practical tip that worked', 'voice': 'a 30-year-old nurse working night shifts'}",Privacy Settings Everyone Should Seriously Review (Especially When You're Tired),"Hey everyone, long shift survivor here. I know, I know, we're all just trying to get through the day, but I wanted to share something that actually made me pause and think about my digital footprint, especially since I'm constantly on my phone and laptop. 

I was going through my phone settings the other day and realized a bunch of default privacy settings are just way too open. I spent a good hour going through the settings on my main social media apps and even some of the built-in phone settings, and I finally tightened things up. 

Here are the absolute must-dos I focused on:

1. **Location Services:** Turn off location tracking for apps that don't *absolutely* need it 24/7. Seriously, why does my fitness tracker need access to my home address constantly? Turn it off unless you're actively using it.
2. **App Permissions:** Go into your settings and manually review what apps have access to your microphone, camera, and contacts. A lot of apps ask for more than they need. Be ruthless.
3. **Ad Personalization:** Find the settings where they customize your ads and switch those off or to the least intrusive setting possible. It feels way less creepy when you realize you aren't being constantly tracked for shopping habits.
4. **Third-Party Access:** Check which third-party services are linked to your accounts. It’s easy to forget about old sign-ups that still have access.

It felt a little weird changing these defaults, but now I feel way more in control of what data is floating around. Hope this helps someone else feel a bit more secure out there! Stay safe and get some rest tonight.

Cheers.",276,1,5.23,390
1,201,1,personal_finance,gemma4:e2b,r1|personal_finance|gemma4:e2b,True,"{'angle': 'splitting finances with a partner', 'ptype': 'sharing a practical tip that worked', 'voice': 'a 30-year-old nurse working night shifts'}",Night shift life and splitting bills with my partner - a little strategy that helped,"Hey everyone, just wanted to share a small thing that has actually made splitting finances with my partner a lot smoother, especially with my night shift schedule. Being a nurse working nights means our schedules are super different, and trying to do the traditional 50/50 split can get a little messy with who's responsible for what bills when. 

We ended up setting up a system where we each manage our own 'personal' accounts for our shared expenses (rent, utilities, groceries), and then we set up a separate joint account for bigger, shared things like insurance premiums and the mortgage. 

For day-to-day spending, we agreed to use a simple app where we manually log what we spend from our personal pots into the joint account, and then we just periodically reconcile. It sounds a bit tedious at first, but it stops those awkward conversations about who paid for what and makes tracking way clearer. 

It forces us to be really aware of where the money is going, which is honestly way better than just assuming things are even. Hope this helps anyone else navigating the split! 

Cheers!",186,1,3.57,261
1,201,1,cars,gemma4:e2b,r1|cars|gemma4:e2b,True,"{'angle': 'first road trip in a new car', 'ptype': 'venting about something frustrating', 'voice': 'a 45-year-old small-town mechanic'}",First road trip in the new whip is a nightmare.,"Well, I finally got my hands on that new truck last week, and I was so hyped for the open road. Turns out, the open road is just a series of headaches. We hit a little bump in the middle of nowhere, and I swear, the suspension started making a noise that sounded like it was about to fall off. Took me three hours to figure out it was nothing major, but the anxiety was real. And don't even get me started on the gas mileage. I was expecting some highway cruising, but it feels like I'm constantly watching the gauge like a hawk. It's one thing to fix a busted alternator in the shop, it's another thing entirely to worry about whether I'm gonna run out of gas before I hit the next town. Just trying to enjoy the drive, you know? But it feels more like a constant battle against the machine. Anyone else had this kind of experience? Just trying to keep my temper from snapping.",169,1,3.07,220
1,201,1,farming,gemma4:e2b,r1|farming|gemma4:e2b,True,"{'angle': 'raising backyard chickens', 'ptype': 'sharing a personal story or experience', 'voice': 'a 33-year-old software tester'}",From Bug Testing to Egg Testing: My Backyard Flock Journey,"Hey everyone, I know this is a bit outside the usual realm of feed and soil, but I wanted to share something I've been doing for the last year or so. I'm a 33-year-old software tester by trade, and I've decided to try raising a few backyard chickens. I always thought, 'I understand systems, I understand data, I just don't understand actual, tangible biological systems!' 

So, I started small, just a few hens. At first, I was super meticulous. I tried to treat it like a complex system. I tracked feed ratios, water intake, litter moisture levels, and even documented the daily output in a spreadsheet. I was so focused on finding the 'bug'—why the laying rate suddenly dropped or why the droppings changed color—that I was probably overthinking it.

Turns out, the bugs are usually just simple things: maybe the water was slightly too warm one day, or maybe the flock just needed a little more space than I initially allotted. It's a completely different kind of testing, honestly. There's no immediate debugging; you just have to live with the results and adapt.

The best part is the connection to the land. Watching them scratch and forage is incredibly grounding after staring at lines of code all day. It's a slow-burn learning curve, much slower than a sprint cycle, but the satisfaction when you get that first fresh egg from your own coop is unmatched. Has anyone else done this? Any survival tips for beginners, especially regarding coop design or pest management? Looking forward to hearing what you all have experienced!",262,1,4.84,363
1,201,1,cooking,gemma4:e2b,r1|cooking|gemma4:e2b,True,"{'angle': 'learning to cook rice properly', 'ptype': 'giving an opinion that some people will disagree with', 'voice': 'a 27-year-old who moved to a new city'}",Is the 'absorption method' actually the *right* way to cook rice?,"Hey everyone, I just moved to this city and I'm trying to nail down the art of cooking, which means tackling rice. I've been trying different methods, but I'm getting so much conflicting advice. Most of the time, people tell you to just use a specific water-to-rice ratio, but I'm getting the feeling that there's a bigger deal to the *method* itself. 

I've been experimenting with the absorption method—basically, putting the rice and water in a pot, bringing it to a boil, and then letting it simmer on low heat until all the water is absorbed. It sounds simple enough, right? I'm finding that when I do this, the texture is amazing, fluffy, and the grains are perfectly separate. 

However, I've seen others advocate for the 'absorption/steam' method where you cook it in a rice cooker or by steaming it, and I can't seem to get the same result from those methods. I feel like if you don't let the water fully absorb *before* the final simmer, you end up with gummy, sticky rice. 

I know this might sound basic, but I'm starting to think that the physical process of letting the starch release and absorb the water is the most crucial step, rather than just relying on the appliance. Am I missing something obvious, or is there a fundamental flaw in how we approach this? Curious to hear what the seasoned cooks out there think! 😄",237,1,4.59,341
1,201,1,tech,gemma4:e2b,r1|tech|gemma4:e2b,True,"{'angle': 'backing up family photos', 'ptype': 'asking the community for advice', 'voice': 'a 41-year-old farmer'}","Need some solid advice on backing up family photos, folks","Hey everyone, I'm trying to get my family's photos properly backed up, and I'm feeling a bit lost. We've got thousands of pictures scattered across old hard drives and my phone is getting full fast. I'm trying to figure out the best way to make sure we don't lose anything important. I've looked into external hard drives, cloud storage options, and things like RAID setups, but I'm not sure what makes the most sense for someone who just needs reliable, long-term storage without needing a tech degree. Has anyone here used a specific setup for family photos? Are there any storage solutions you've found really reliable and easy to manage? Any recommendations for where I should put my trust? Thanks for any wisdom you can share.",126,1,2.53,182
1,201,2,personal_finance,gemma4:e2b,r2|personal_finance|gemma4:e2b,True,"{'angle': 'paying off credit card debt', 'ptype': 'venting about something frustrating', 'voice': 'a 52-year-old who just got divorced'}","Seriously, the endless grind of credit card debt post-divorce is soul-crushing.","I just need to vent for a minute because I feel like I'm drowning. Getting divorced was rough enough, but now I'm staring down this mountain of credit card debt, and it just feels impossible. Every extra dollar I try to put toward the principal feels like it's immediately eaten up by unexpected expenses or just... not enough. I'm making the payments, I'm trying to be disciplined, but it feels like I'm just treading water. The psychological weight of knowing I have this massive debt hanging over me, especially right now, is exhausting. I keep looking at the statements and just feel this wave of sheer frustration. Anyone else feel like they're stuck in this cycle, trying to claw their way out of something that feels completely out of control?",130,1,2.7,189
1,201,2,cars,gemma4:e2b,r2|cars|gemma4:e2b,True,"{'angle': 'manual transmissions dying out', 'ptype': 'asking for a recommendation', 'voice': 'a 45-year-old small-town mechanic'}",Manual transmissions dying out - need some advice!,"Hey guys, been wrenching on these old iron machines for a while now. Been dealing with some real headaches lately, and I'm hitting a wall with manual transmissions. Not the clutch, not the shifter, but the whole system seems to be wearing out faster than I can fix it. I'm looking at a few different setups, and I'm not sure where to focus my energy for the best long-term reliability and performance. Any seasoned folks out there who've been through the trenches with specific transmissions or setups? I'm open to anything, from specific gearboxes to rebuild strategies. Trying to figure out what the smart play is before I pull another one apart.",112,1,2.25,158
1,201,2,farming,gemma4:e2b,r2|farming|gemma4:e2b,True,"{'angle': 'a good harvest after a rough spring', 'ptype': 'celebrating a small win', 'voice': 'a 33-year-old software tester'}",We actually pulled it off! A bit of a late harvest after a brutal spring.,"Man, I'm still buzzing a little. After that spring—honestly, it felt like we were fighting a losing battle with the soil and the weather—we finally got a decent haul in. It wasn't the bumper crop we dreamed about, but it's definitely a win. Seeing those rows actually filled up with something we grew ourselves, knowing we put in the sweat equity... it just hits different. Time to sit back and let the good feelings settle in before we tackle the next thing. Anyone else feeling that post-harvest relief?",88,1,2.08,139
1,201,2,cooking,gemma4:e2b,r2|cooking|gemma4:e2b,True,"{'angle': 'the best cheap kitchen tool', 'ptype': 'celebrating a small win', 'voice': 'a 19-year-old college student'}",PSA: The best cheap kitchen tool you can buy right now is the vegetable peeler.,"Okay, seriously, I just realized how much I use this thing now. I was like, 'I need to find the absolute *best* cheap kitchen tool to buy,' and honestly, I landed on the vegetable peeler. I was expecting something fancier, like a fancy whisk or a weird gadget, but this thing is a game-changer for me. It's ridiculously cheap, and I can peel potatoes, carrots, cucumbers—you name it—in like two seconds flat. Before, I was just awkwardly trying to slice things with a dull knife, and it was so annoying. Now I can actually get decent veggies into my meals without wasting time or getting frustrated. Anyone else have a 'hidden gem' cheap tool they swear by? I need more hacks for my dorm kitchen!",125,1,2.63,188
1,201,2,tech,gemma4:e2b,r2|tech|gemma4:e2b,True,"{'angle': 'repairing instead of replacing a device', 'ptype': 'venting about something frustrating', 'voice': 'a 41-year-old farmer'}",The endless cycle of 'repair or replace' with these new gadgets is driving me nuts.,"I just spent three hours trying to figure out how to fix a screen on this new tablet I bought. It’s not broken beyond repair, but it’s definitely not a simple screw-and-screwdriver job. The instruction manuals are useless, and the parts they sell are either way too expensive or completely incompatible. You spend all that money on a device, hoping it lasts, and when it inevitably has a tiny fault, you're hit with this wall of 'send it in' or 'buy a new one.' I’m not a tech engineer, I’m a guy who works with dirt and machinery, not micro-soldering. It feels like they just want to push us into the replacement trap. I just want something that actually works without me having to become a full-time repair shop owner just to keep my stuff running. It’s incredibly frustrating when the simple answer is 'break it, buy new,' instead of 'fix it, keep it running.'",155,1,3.14,227
1,201,3,personal_finance,gemma4:e2b,r3|personal_finance|gemma4:e2b,True,"{'angle': 'getting a raise and avoiding lifestyle creep', 'ptype': 'sharing a personal story or experience', 'voice': 'a 38-year-old parent of two'}",How I Got a Raise and Managed Not to Immediately Upgrade My Lifestyle,"Hey everyone, I wanted to share a little experience that's been on my mind lately. I'm 38, married with two kids, and I've been working at the same company for a while now. Recently, I got a solid raise—definitely a nice bump, enough to feel good about the increase. 

Now, the instinct kicked in immediately. You know the feeling, right? That little voice screaming, 'Time to upgrade!' I looked around at what I was spending, and I started thinking about nicer dinners, maybe a slightly bigger car, or just generally chasing that feeling of 'more' that I think comes with more money.

But I tried to pause. I actually took a few weeks before making any big changes. I sat down and looked at my budget, not just the new income, but where the old money was going. I realized how much of my previous spending was tied to habit rather than actual need. 

So, I made a conscious decision to treat the raise as extra fuel for my long-term goals, not an instant ticket to a bigger lifestyle. I put a good chunk of that raise directly into increasing my emergency fund and accelerating my mortgage payoff, instead of immediately inflating my discretionary spending. 

It’s been a slow grind, but I feel way better about the money now. I still enjoy life, but I’m much more intentional about where my money goes. Has anyone else dealt with this 'raise and lifestyle creep' trap? How do you keep that impulse in check when you get a financial boost?",258,1,4.71,354
1,201,3,cars,gemma4:e2b,r3|cars|gemma4:e2b,True,"{'angle': 'restoring an old project car', 'ptype': 'venting about something frustrating', 'voice': 'a 52-year-old who just got divorced'}",The Saga of the Rust Bucket: A Divorce Soundtrack,"So, I've been trying to bring back this old project car for years. It's supposed to be a nice, manageable hobby, you know? A way to de-stress. But lately, it just feels like the most infuriating thing in the world. Every time I sit down to work on it, every time I get a weekend free, it just reminds me of… well, everything. I keep staring at the rust spots, thinking about all the time and money I've poured into this, and it just feels pointless now. It’s like the car is mocking me with its slow decay while I’m supposed to be moving forward. It’s frustrating how something tangible can feel so emotionally heavy when you’re trying to find some peace. Anyone else feel like hobbies just become a cruel reminder of what’s gone wrong?",136,1,2.72,195
1,201,3,farming,gemma4:e2b,r3|farming|gemma4:e2b,True,"{'angle': 'getting young people into farming', 'ptype': 'celebrating a small win', 'voice': 'a 45-year-old small-town mechanic'}",Seeing some fresh faces come into the farm door,"Been tinkering with old engines and fixing things around here for a while now. You see the world change, and sometimes it feels like the next generation just doesn't want to stick around in the dirt. But I've been seeing some real potential lately. A few of the younger folks, they're starting to get interested in the hands-on side of things, not just the idea of it. I've been chatting with some of them about how much real knowledge you gain just by getting your hands dirty, about the mechanics of the land, and how everything connects. It’s not just about putting food on the table anymore; there’s a real appreciation for the whole cycle. It’s slow going, but seeing that spark—that desire to actually *do* the work and understand where the food comes from—it’s pretty rewarding. Hope we can keep those conversations going and find ways to make it a viable future for the next generation of farmers around here.",161,1,3.09,220
1,201,3,cooking,gemma4:e2b,r3|cooking|gemma4:e2b,True,"{'angle': 'spicy food tolerance', 'ptype': 'sharing a practical tip that worked', 'voice': 'a 30-year-old nurse working night shifts'}",Night shift survival guide: How I handle the spice when I'm running on fumes 🌶️,"Hey everyone, been in the trenches of night shifts for a while now and wanted to share a little survival tip, especially when it comes to spicy food. Being tired definitely messes with your taste buds and tolerance! I've found that if I'm heading into a long night and know I'm going to eat something spicy, I preemptively hydrate *before* I start eating. A big glass of water, maybe with a little bit of plain, room-temperature water, just to get the system moving. It sounds simple, but sometimes that extra hydration really helps buffer the initial shock of the heat and keeps the nausea at bay while I'm trying to focus on work. Also, I try to eat smaller amounts of the really intense stuff early on, and save the really fiery stuff for later when I'm more settled. Anyone else have tricks for managing spice when you're running on fumes? Trying to figure out how to enjoy the food without it turning into a full-blown sweating session! 😂",169,1,3.26,236
1,201,3,tech,gemma4:e2b,r3|tech|gemma4:e2b,True,"{'angle': 'whether a new laptop is worth it', 'ptype': 'giving an opinion that some people will disagree with', 'voice': 'a 52-year-old who just got divorced'}",Should I actually upgrade my laptop right now?,"So, I'm sitting here staring at this shiny new marketing for the latest laptop, and I have to ask: is this really worth the money? I'm 52, I've got a mortgage, and frankly, I don't know if I need the bleeding edge tech anymore. I'm not a gamer, I don't edit 4K video, and I mostly use it for email, browsing the news, watching TV, and maybe doing some light photo organizing. 

I've been told that everything is getting faster and more powerful, and I see the ads suggesting that if you don't have the newest machine, you're falling behind. But honestly, I feel like I'm hitting a wall. My current machine still gets the job done, it’s fine, it’s reliable. The question is, is the extra $1000 or $1200 a year really worth the headache of learning a new operating system, dealing with all the new ports and specs, and worrying about it breaking down in three years when I'm not even sure I'll stick with it? 

I'm skeptical. I'm leaning towards just sticking with what works, unless someone can convince me that the productivity boost I'd get is significant enough to justify the expense for someone in my situation. What do you guys think? Am I being stubborn, or am I just being sensible about spending money?",219,1,4.33,324
1,201,4,personal_finance,gemma4:e2b,r4|personal_finance|gemma4:e2b,True,"{'angle': 'a monthly budget that finally worked', 'ptype': 'celebrating a small win', 'voice': 'a 33-year-old software tester'}",Finally nailed a monthly budget! 🎉,"Hey everyone, just wanted to share a little win from my end. After wrestling with spreadsheets and trying (and failing) to stick to whatever system I tried before, I finally got a monthly budget that actually works for me. It's not some super strict, painful zero-based budget, but it's a system where I can actually see where my money is going and feel a bit more in control. I'm tracking my spending much more closely now, and I'm actually starting to see a little more breathing room at the end of the month. Small wins, right? Feeling a bit more confident about where my paycheck goes. Anyone else have a budgeting method that's actually sticking for you? Looking for some solid, real-world advice!",123,1,2.52,172
1,201,4,cars,gemma4:e2b,r4|cars|gemma4:e2b,True,"{'angle': 'dealer markups and add-ons', 'ptype': 'asking the community for advice', 'voice': 'a 45-year-old small-town mechanic'}",Dealer Markups and Add-ons - Where are we at?,"Hey guys, been wrenching on these things for a while now, and I'm trying to get a better read on what's going on with the dealership side of things. I've got a few questions about the markups they throw in on parts and those optional add-ons. It feels like sometimes you pay a premium just to have the 'dealer' package, and I'm not sure if that's actually worth the extra cash compared to sourcing things myself or going to a different shop. Anyone else seeing crazy markups on certain items lately, or got any solid advice on how to navigate that without overpaying? Just looking to keep things straight.",109,1,2.27,159
1,201,4,farming,gemma4:e2b,r4|farming|gemma4:e2b,True,"{'angle': 'crop insurance paperwork', 'ptype': 'giving an opinion that some people will disagree with', 'voice': 'a 70-year-old retired teacher'}",A little wisdom on that crop insurance paperwork nonsense,"Well, I've been around the block a few times, and I've seen a fair bit of this crop insurance business over the years. I just gotta say, the sheer volume of paperwork involved in applying for and managing those policies these days is just absurd. It feels like they're more interested in making sure everyone fills out the right boxes than actually helping the farmer manage the actual risks on the ground. Back in my day, things were simpler. You had a good relationship with your agent, and the paperwork was more straightforward. Now it feels like a bureaucratic maze designed to confuse folks. I worry that some of the folks pushing this stuff just want to shuffle forms around rather than genuinely support the agricultural community. It's a fine thing, of course, but sometimes I just wish they'd take a step back and remember what it's like to just focus on the land and the harvest without all this administrative headache.",162,1,2.91,209
1,201,4,cooking,gemma4:e2b,r4|cooking|gemma4:e2b,True,"{'angle': 'a failed dinner party dish', 'ptype': 'venting about something frustrating', 'voice': 'a 52-year-old who just got divorced'}","My attempt at a dinner party was a complete trainwreck, and I'm so over it.","Ugh. I just tried to host a small dinner party for a few friends last night, feeling all fancy and sophisticated. I spent hours prepping this complicated roast chicken with a fancy herb crust and a side of homemade gravy. I thought, 'Finally, I'm cooking like a real host!' 

Spoiler alert: It was a disaster. The chicken was dry, the gravy was grainy, and the crust just collapsed into inedible charcoal. My guests were polite, but I could feel the tension in the air. I ended up just microwaving some frozen fish and ordering pizza to salvage the evening. 

It's just so frustrating when you put so much effort into something, hoping for a certain result, and it just falls apart. It makes you question everything, doesn't it? I just want a simple, edible meal without the added stress of performance. Anyone else feel like their cooking is just a source of anxiety lately?",154,1,3.09,225
1,201,4,tech,gemma4:e2b,r4|tech|gemma4:e2b,True,"{'angle': 'switching from Windows to Mac', 'ptype': 'sharing a personal story or experience', 'voice': 'a 35-year-old single dad'}",Finally made the jump from Windows to Mac - worth it?,"Hey everyone, been wrestling with this for a while now and I finally made the switch from Windows to macOS. I've been a Windows machine for ages, and honestly, the frustration with the updates, the constant tinkering, just wearing down on me. I'm a 35-year-old single dad, so I value things that are straightforward and actually *work* without me having to spend hours troubleshooting. 

The transition wasn't totally seamless. There were a few initial hiccups figuring out the ecosystem, and there were some specific software things that weren't directly available or didn't work the same way. But once you get past that learning curve, the difference is noticeable. The workflow feels cleaner, the stability is way better, and honestly, the design aesthetic is just nicer to look at. 

I'm still getting used to it, of course, but I'm really happy with the experience overall. Has anyone else made this switch? What were your biggest pain points during the transition, and what are the biggest wins you've seen? Curious to hear some real-world experiences from people who've made the jump.",179,1,3.71,262
1,201,0,personal_finance,gemma3:1b,r0|personal_finance|gemma3:1b,True,"{'angle': 'cancelling subscriptions and what it saved', 'ptype': 'sharing a personal story or experience', 'voice': 'a 52-year-old who just got divorced'}","The Quiet Savings – It Wasn't a Big Sum, But It Felt Like a Mountain","Okay, so this is a bit of a long-form thing, but I wanted to share a little about what’s been going on with me lately. It’s been… a lot. My divorce was a shock, and honestly, the initial panic was pretty overwhelming. I felt like I’d lost a part of myself, and the financial aspect of that just compounded that feeling.  I’ve been spending a lot of time thinking about where my money was going, and it’s been surprisingly humbling.

I realized, after a while, that I’d accumulated a *lot* of subscriptions. Streaming services, online courses, newsletters… it all felt like a constant, low-level maintenance. I used to think it was ‘fun money’ – a way to relax. But now, looking back, it was a significant drain.  I spent so much time scrolling and clicking, and frankly, it wasn’t bringing me joy. It was just… occupying space.

So, I started small.  I cancelled a few.  I started with things I wasn’t actively using, and then I cut back on the ones I really didn’t need.  It wasn't a huge sum of money, but the cumulative effect of those cancellations has been noticeable.  I'm actually feeling a little less stressed about bills, and a little more… in control.  It's like a quiet, steady savings, and it feels really good.

It’s not about being frugal; it’s about being intentional.  Knowing where your money goes and prioritizing what truly matters.  It's a small victory, really, but it’s a victory nonetheless.  Anyone else feel this way?  I’d love to hear your thoughts.  Maybe it’s worth a quick chat about streamlining those subscriptions… just a thought.",271,1,4.02,419
1,201,0,cars,gemma3:1b,r0|cars|gemma3:1b,True,"{'angle': 'a DIY brake job', 'ptype': 'celebrating a small win', 'voice': 'a 35-year-old single dad'}",Finally Sorted!,"Okay, so this is a bit of a long story, but I finally tackled the brake job on the Mustang. Seriously, it’d been a week of frantic calls to the mechanic and a growing sense of impending doom. I’ve watched a *ton* of YouTube videos, and honestly, it’s actually not as bad as I’d initially thought. Took a couple of hours, definitely a bit messy, but the pedal feels much better now. Felt like a huge win – just a small one, but it’s a win nonetheless.  Definitely going to take a break and just cruise around for a while.  Small victories, you know?  Anyone else been through a similar situation with their car?  Any tips you’ve learned that I should definitely know about?  Cheers!",125,1,1.71,176
1,201,0,farming,gemma3:1b,r0|farming|gemma3:1b,True,"{'angle': 'calving season at night', 'ptype': 'celebrating a small win', 'voice': 'a 70-year-old retired teacher'}","Well, that was a bit of a surprise, actually.","Right then. It’s late, the moon’s a bit shy, and the air’s a bit chilly. I’ve been watching the little ones, you see, and the calf was… well, it was a bit of a spectacle. A tiny, pink, and remarkably insistent wiggle.  It took a bit of coaxing, of course, but eventually, she settled in.  It’s not a grand display, mind you, just a quiet, steady presence.  Makes you think, doesn’t it?  A small victory, really.  A reminder that even after all these years, there’s still a certain magic to be found in the simple rhythm of life.  Just a little nudge from the earth, you know?  It’s a good feeling, that.",112,1,2.05,188
1,201,0,cooking,gemma3:1b,r0|cooking|gemma3:1b,True,"{'angle': 'cast iron care', 'ptype': 'venting about something frustrating', 'voice': 'a 70-year-old retired teacher'}",Cast Iron – My New Nightmare,"Right, so, let me tell you, I’ve spent a lifetime in the kitchen, you know? A good chunk of it, really. I’ve taught history, I’ve taught kids, I’ve seen a lot of things. And now, this cast iron… it’s driving me absolutely bonkers. I’ve had a few decent pans, simple things, really. But this… this thing. It’s a battlefield. 

I’ve got a lovely, well-worn one, a bit of a relic from my grandfather. It’s been through it all – searing steaks, making gravy, even a few delicate pastries. But now, it just… it *hates* me. It’s got this weird, dark spot that just seems to appear overnight, regardless of how carefully I’m cleaning. And the smell! It’s a persistent, slightly acrid smell that clings to everything. 

I’ve watched all the YouTube videos, read the forums, even consulted a few experts. Nothing seems to be working. It’s supposed to be a ‘forever’ pan, but it feels like it’s actively resisting my efforts. I’ve tried everything – oven cleaner, gentle scrubbing, even whispering sweet nothings to it. Nothing helps. It just sits there, a grumpy, blackened lump. Honestly, it’s a huge drain on my time and my sanity. I’m starting to think I’m just going to invest in some new ones. It’s a bit of a shame, really, because it *could* be a really beautiful pan. But right now, it’s just a source of constant frustration. Anyone else wrestling with this beast?",240,1,3.53,378
1,201,0,tech,gemma3:1b,r0|tech|gemma3:1b,True,"{'angle': 'privacy settings everyone should change', 'ptype': 'sharing a practical tip that worked', 'voice': 'a 30-year-old nurse working night shifts'}","Seriously, Rethink Your Privacy Settings","Okay, so I’ve been wrestling with this whole privacy thing lately, especially with all the apps and stuff we’re using these days. I’m a nurse, so I’m constantly on my phone – and that means a LOT of data. I’ve been doing some serious research, and it’s honestly exhausting.  Don’t think of it as a 'set it and forget it' situation. It’s a constant battle.

I’ve realized that even things I *think* are harmless – like notifications – are collecting data.  And it’s not just the apps themselves, it’s the way they’re designed.  I’ve found that adjusting those privacy settings on everything – across different platforms – really makes a difference.  Start with the basics – limiting location tracking, reviewing what permissions you’re granting, and really understanding what data they’re collecting.

Seriously, take a deep breath and go through each one of those settings. It’s a small investment of time that’ll save you a ton of headaches down the line.  And honestly, it’s a good reminder that your data is valuable, and you have a right to control it.  Just… be mindful.

Anyone else feel this way? Any tips you’ve found useful?",192,1,2.93,295
1,201,1,personal_finance,gemma3:1b,r1|personal_finance|gemma3:1b,True,"{'angle': 'splitting finances with a partner', 'ptype': 'sharing a practical tip that worked', 'voice': 'a 30-year-old nurse working night shifts'}",The ‘Fairness First’ Approach - It’s Actually Easier Than You Think,"Okay, so we’ve all been there, right? That feeling when you’re managing money and you just… don’t *feel* like it’s fair. It’s a really common struggle, and honestly, it’s often more manageable when we approach it with a little more intentionality than just letting things happen organically. I’ve been thinking a lot lately about splitting finances with my partner, and I’ve realized that sometimes the biggest friction isn’t about *how much* we each earn, but *how* we handle the allocation of resources. 

I’ve found that sticking to a ‘fairness first’ approach really helps. It’s not about splitting everything 50/50, that’s unrealistic. But it’s about establishing a framework where we’re both comfortable with the *direction* of spending.  Instead of arguing about every single bill, we create a shared spreadsheet where we list everything – rent, utilities, groceries, debt payments, etc. - and then we *agree* on a percentage split for each category.  It’s not a rigid rulebook, but a guideline. 

What I’ve noticed is that when we consistently apply this, it reduces resentment and makes us both feel like we’re both contributing to the household’s well-being.  It’s a bit of a mindset shift – it’s about prioritizing shared goals and understanding each other’s needs.  It’s also helped me to be more transparent about my own spending habits.  Honestly, it's been a surprisingly effective strategy for us.  Any tips you've used that work for you?  I’m open to anything – budgeting apps, dedicated budgeting tools, just a general sense of how to navigate this kind of dynamic.",255,1,4.06,405
1,201,1,cars,gemma3:1b,r1|cars|gemma3:1b,True,"{'angle': 'first road trip in a new car', 'ptype': 'venting about something frustrating', 'voice': 'a 45-year-old small-town mechanic'}","Seriously, this thing’s a joke.","Alright folks, let me tell you about this new 'Genesis' I just got. Spent six months chasing it down, finally snagged it, and…well, it’s not *right*. Seriously, it’s like a slightly unsettling imitation of a sports car.  I’ve been wrenching on engines for forty-five years, seen enough of the wrong stuff to know a bad car’s gonna bite. This thing’s got this weird, almost unsettling responsiveness.  It’s not *smooth*, not even close.  I’ve been running diagnostics, checking fluids, tightening bolts – the whole nine yards – and it still feels like it’s fighting me.  It’s like it’s deliberately trying to make me miserable.  I had a guy at the dealership tell me it’s ‘inspired by a younger model’ – which, let’s be honest, is a bit of a stretch.  I’m starting to think this thing’s more interested in showing off than driving.  I’m gonna try to get it sorted out, but honestly, it’s starting to feel more like a headache than a joy.  Anyone else had a similar experience with a new car?  Maybe we can commiserate over coffee – or maybe I’ll just spend the next few weeks wrestling with it.  Seriously, give me a break, you magnificent machines.",200,2,20.94,2307
1,201,1,farming,gemma3:1b,r1|farming|gemma3:1b,True,"{'angle': 'raising backyard chickens', 'ptype': 'sharing a personal story or experience', 'voice': 'a 33-year-old software tester'}",The Quiet Chaos of a Flock of Pebbles,"Okay, so I’ve been doing this for… well, let’s just say a good few years now. It started with a really, *really* simple desire: a little bit of fresh eggs, a bit of companionship. My dad always had chickens, and I was a kid and thought, ‘Why not?’

I didn’t think it would ever really take over my life, honestly. I pictured a couple of chickens, maybe a little coop, and a lot of feathers.  It’s turned into… well, it’s a lot.  There’s a definite level of contained chaos.  They’re *loud*. Seriously, they’re loud.  A cluck, a gobble, a frantic strut – it's a symphony of little noises that I'm still trying to decipher.

My biggest challenge? Keeping them from escaping. I've invested in a really robust coop, reinforced the fencing, and I’ve gotten pretty good at monitoring them. But they *do* have a knack for finding their way out.  It’s a constant game of ‘where’ and ‘when.’  Yesterday, I swear I saw a tiny, indignant little chicken trying to squeeze through a gap in the fence.

It’s not glamorous, no.  It’s more… persistent.  It’s a little frustrating, definitely.  But there’s a real satisfaction to watching them forage, to knowing they’re getting enough exercise, to seeing them interact with each other.  It’s a slow, steady rhythm of routine.  Plus, the eggs are amazing.  Seriously, the yolks are the best.  Makes me feel… grounded, I guess.

It’s not just about the eggs, though.  It’s about the connection.  It's about being present in a small way.  I’ve started spending a little more time just watching them – observing their behavior, knowing their needs.  It's a small pocket of peace in a really busy world.

Anyway, it’s a messy, slightly overwhelming, but ultimately rewarding process.  Anyone else have chickens?  I'd love to hear about your experiences, even if it’s just a little bit about the constant squawking.

- Alex",316,1,4.81,510
1,201,1,cooking,gemma3:1b,r1|cooking|gemma3:1b,True,"{'angle': 'learning to cook rice properly', 'ptype': 'giving an opinion that some people will disagree with', 'voice': 'a 27-year-old who moved to a new city'}","Rice: Seriously, Don’t Overcook It","Okay, so I’ve been trying to master the art of perfectly cooked rice for like, a few weeks now. It’s genuinely frustrating. I’ve watched a bunch of YouTube videos, read a few articles, and I think I’ve gotten a decent handle on it, but there’s still a certain… stiffness. It’s always a little too hard, even when I follow the timings exactly.  I’ve noticed a recurring pattern where it’s just… not fluffy enough.  Seriously, people seem to think a little bit of water is the key, but it’s more about the water-to-rice ratio. It’s almost like the rice has a personality and wants to remain stubbornly firm.  I’ve tried adding a *tiny* bit more water, but then it’s just lukewarm and sad.  I'm starting to think it's a fundamental flaw in the recipe, and maybe it’s just a personal preference.  Anyone else feel this way?  Do you have any secret tips that actually *work*?  I’m pretty lost in the rice department.

- [Your Name]",164,1,2.63,261
1,201,1,tech,gemma3:1b,r1|tech|gemma3:1b,True,"{'angle': 'backing up family photos', 'ptype': 'asking the community for advice', 'voice': 'a 41-year-old farmer'}","Dusty Memories, Digital Ghosts","Well, this is a bit of a pickle, isn’t it? My grandkids are getting restless, and I’ve realized… my family photos are starting to look a little… scattered. Like a field after a long, dry spell. They’re precious, you know? Pictures of my wife, my kids growing up, even the old tractor – it’s all there. But I’ve got a whole digital world, and I’m worried about losing it all. My old computer’s a bit temperamental, and I’ve been thinking about a backup system.  I’ve been looking into cloud storage, but I’m a little hesitant – it feels a bit impersonal, doesn’t it?  I’d really appreciate any tips you’ve got.  Do you guys use something like that? Any recommendations for a system that’s reliable enough for a lifetime of memories?  Don’t want to lose anything, and honestly, just want to feel secure knowing my family’s stories are safe, even if they’re stored somewhere else.  Any wisdom you can share, please.  It’s a big responsibility, really.",165,3,23.95,2257
1,201,2,personal_finance,gemma3:1b,r2|personal_finance|gemma3:1b,True,"{'angle': 'paying off credit card debt', 'ptype': 'venting about something frustrating', 'voice': 'a 52-year-old who just got divorced'}","Seriously, where is it even going?","Okay, let’s just… unpack this. I’m officially drowning in a sea of credit card statements. It’s been… well, it’s been a while. And it’s not just the money, it’s the *feeling*. Like, I’m constantly reminded of what I lost, and it’s a weird kind of grief. I thought, ‘Okay, I’ll just pay it off,’ and now I’m staring at a mountain of interest and a whole lot of useless plastic. It’s not that I *want* to be debt-ridden, but it feels… symbolic. Like a tiny, constant reminder of a chapter in my life that’s closed.  I’ve been trying to stick to the plan – the debt snowball – but it's just… slow. And the guilt keeps creeping in. It’s exhausting. I’m starting to feel like I’m just going through the motions, not actually *doing* anything about it.  Anyone else have a similar experience? Seriously, any advice would be appreciated. I feel like I'm trapped in a cycle of anxiety and obligation, and it’s getting to me.

Seriously, I need a miracle.",171,2,21.17,2275
1,201,2,cars,gemma3:1b,r2|cars|gemma3:1b,True,"{'angle': 'manual transmissions dying out', 'ptype': 'asking for a recommendation', 'voice': 'a 45-year-old small-town mechanic'}","Manual Transmissions – A Bit of a Concern, Don’t You Think?","Right, so I’ve been thinking about this lately, and it’s got me scratching my head. Seems like these automatic transmissions are really taking over, and folks are opting for them more and more. It’s a shame, really, because there’s something… satisfying about a really good, crisp shift. You feel the car, you understand its responsiveness.

I’ve spent a good chunk of my life keeping these old clunkers running – mostly tractors and pickup trucks – and I’ve learned a thing or two about how a transmission *really* works.  The feel, the engagement… it’s a completely different experience.  I've been seeing fewer and fewer of these older, manual designs out there, and it’s got me wondering if there’s a real shift happening.  

I’m not suggesting it’s going to vanish overnight, mind you. But I’m wondering if anyone has any recommendations for a newer car – maybe a small SUV or something – that still retains that ‘feeling’ of a manual?  I’m looking for something that’s genuinely enjoyable to drive, not just comfortable.  Any advice would be greatly appreciated.

Cheers,
Old Man Hemlock (Mechanic - Small Town, Iowa)",186,1,2.9,295
1,201,2,farming,gemma3:1b,r2|farming|gemma3:1b,True,"{'angle': 'a good harvest after a rough spring', 'ptype': 'celebrating a small win', 'voice': 'a 33-year-old software tester'}",Sunshine and Squash,"Okay, okay, I’m officially feeling a little bit of a warm glow. Seriously, after that crazy spring, the harvest is actually… good. Like, really good. I spent a good chunk of the last few weeks wrestling with bugs in the tomato patch, and honestly, it felt like a monumental failure. Spent half the time just chasing them. But this year, the yield looks… promising. A decent amount of squash, a few decent peppers, and enough zucchini to fill a small picnic basket. It’s not a massive glut, but it’s a tangible result of all that effort. Makes me think, you know, that a little persistence pays off. Makes me want to grab a cold one later and just… breathe. Small wins, you know? It’s a good reminder that even when things seem bleak, there’s always something to celebrate. Cheers to a sunny afternoon and a full belly.

- [My Name]",150,2,21.27,2210
1,201,2,cooking,gemma3:1b,r2|cooking|gemma3:1b,True,"{'angle': 'the best cheap kitchen tool', 'ptype': 'celebrating a small win', 'voice': 'a 19-year-old college student'}","Okay, seriously, the humble whisk is a game-changer.","I know, I know, it’s a *little* obvious, but seriously, the whisk is the BEST cheap kitchen tool I’ve found. Like, I’ve been using it for weeks now, and it’s making my scrambled eggs so much smoother and easier to incorporate into a batch. Plus, it’s so much faster than using a spatula for anything that needs a little extra fluff. I was stressing about getting my eggs perfectly mixed, and now I can actually do it without completely ruining the whole thing. It’s seriously a win for my sanity. Anyone else obsessed with whisking? Bonus points if you use it for making sauces – that’s where it really shines, honestly. Worth the money, I think. Just a really simple thing that makes a big difference.

- [Your Name]”} सेटాడే: [Your Name]  – [Date]  – [Location (optional)] 🚀 ☕️ 🌿 🍽️ 🛒 🧘‍♀️ 🌟",144,2,20.84,2234
1,201,2,tech,gemma3:1b,r2|tech|gemma3:1b,True,"{'angle': 'repairing instead of replacing a device', 'ptype': 'venting about something frustrating', 'voice': 'a 41-year-old farmer'}",The Pixel's Lament,"Right. So, I’ve been wrestling with this thing – a new smart fridge, to be precise – and it’s driving me absolutely bonkers. It’s supposed to be ‘intelligent’ – you know, track my food, optimize for energy, the whole nine yards. Sounds good, right? Except… it’s just… malfunctioning.  It keeps freezing over, randomly turning on the oven, and the damn thing’s got this weird, persistent buzzing sound that’s starting to get to me.  I’ve tried everything – wiping it down, resetting it, even walking it around a bit to see if it’s just a localized issue. Nothing. It’s like it’s deliberately trying to frustrate me. 41 years, you know?  I’ve spent my life watching the seasons, feeling the sun and rain, and now this thing is acting like a grumpy old mule.  I swear, I’m starting to think it’s deliberately trying to make me miserable.  I’ve got a perfectly good fridge, a good stove, and a decent garden.  Honestly, replacing it would be a *massive* hassle.  It’s just… wasteful.  I’d rather spend my time tending to things that actually *work* than dealing with a malfunctioning appliance.  Anyone else dealing with this?  Maybe we can just… fix it?  I’m starting to think this thing is a deliberate prank.",207,4,45.18,4626
1,201,3,personal_finance,gemma3:1b,r3|personal_finance|gemma3:1b,True,"{'angle': 'getting a raise and avoiding lifestyle creep', 'ptype': 'sharing a personal story or experience', 'voice': 'a 38-year-old parent of two'}",The Spreadsheet That Almost Stopped Me,"Okay, so I’ve been thinking a lot lately about this whole ‘getting a raise’ thing, and honestly, it’s been more complicated than I initially anticipated. I’m 38, married to [Partner’s Name], and we’ve got two little tornadoes – Leo (6) and Maya (4). My life feels…well, balanced, but also incredibly tight. We’ve been working really hard, and it’s fantastic, but it’s also starting to feel like I’m perpetually playing a game of catch-up. And that’s when the lifestyle creep started to creep in, subtly at first. Like, that extra coffee, the slightly nicer takeout, the new gadget I *need*…it all adds up, doesn’t it? I remember a time when a small, achievable raise felt like a huge victory. Now, it’s like…it’s a constant, low-level pressure. </b>

I actually created a spreadsheet – a *really* detailed one – to track everything. It’s not about obsessing, just being brutally honest about where my money is going. I’ve started to allocate a specific amount each month, and then *actively* look for ways to reduce spending in areas that are less critical. It’s not easy, believe me. There are still days when I’m tempted to splurge. But the act of seeing it all laid out, of consciously choosing to prioritize, it’s…surprisingly effective. </b>

I realized that a raise isn’t just about the money itself, it’s about the *control* it gives me. It’s about feeling like I’m building a future where I can feel secure and comfortable, not just surviving. It’s a process, a constant adjustment, and honestly, it’s a little daunting, but it’s also… empowering.  What are your strategies for combating lifestyle creep?  I’d love to hear any advice – even just a gentle reminder of what *didn’t* work for me.  Maybe we can all learn from each other.

Cheers,
[Your Name]",298,5,61.17,6469
1,201,3,cars,gemma3:1b,r3|cars|gemma3:1b,True,"{'angle': 'restoring an old project car', 'ptype': 'venting about something frustrating', 'voice': 'a 52-year-old who just got divorced'}","Seriously, the rust is relentless, isn’t it?","Okay, I need to vent. It’s just… this project car, the ‘Bluebird’ as it’s officially called, is driving me insane. I’ve been restoring it for six months now, and it’s just… a slow, agonizing decline. It started out with a genuine thrill, you know? Building something with your own hands, a little piece of history. Now? It feels like battling a tiny, persistent monster. 

The rust is a joke. Seriously. It’s not just a little bit; it’s a persistent, creeping thing. I’ve spent hours scrubbing, sanding, and applying sealant, and it still looks like it’s trying to swallow it whole. And the paint? Don’t even get me started. It’s chipping and peeling like a badly aged postcard. I’ve considered just… stopping. Letting it sit for a while. It feels like admitting defeat, you know? Like admitting I’m not good at something I used to love.

It’s also getting really frustrating. Every little thing is a battle. The wiring is a nightmare, the carburetor is a total mystery, and I swear the steering wheel is actively trying to escape. I’ve got blisters on my hands and a perpetually grumpy face.  Honestly, sometimes I just want to throw the whole thing in the dumpster and start over.  It’s a reminder of a past I’m trying to move on from, and it’s a really, really stubborn thing to move on from.

Anyone else dealing with this kind of slow, frustrating decline? Any tips? Maybe a good, slightly cynical, ‘don’t give up’ kind of advice? Seriously, I’m at my wit’s end.",257,2,22.51,2393
1,201,3,farming,gemma3:1b,r3|farming|gemma3:1b,True,"{'angle': 'getting young people into farming', 'ptype': 'celebrating a small win', 'voice': 'a 45-year-old small-town mechanic'}",Dusty Roads and a Little Bit of Sunshine,"Well, I’ve been thinking about it lately, you know? This whole ‘farming’ thing, it’s more than just a job for me; it’s a part of who I am. Forty-five years, and I’ve seen a lot of change in this town, and frankly, it’s been a little disheartening to watch the young folks drift away. They’re all chasing bigger cities and fancy careers, and it leaves a real hole in our community.  I spent a good hour this afternoon, just watching old man Johnson fix his tractor, and it got me thinking about the simple beauty of it all.  It’s not just about the land, you see. It’s about the connection, the hard work, the feeling of knowing you’re building something real.  It’s about passing down a legacy, even if that legacy is just a few rows of corn.  I’ve seen some kids come in and help with the harvest this year, just learning the ropes. It’s a small win, really, but it’s a start.  Maybe we need to do something to remind them of that.  A little workshop, maybe?  Or a weekend working with the land?  Just… a little nudge in the right direction.  It's not about changing the world, just about keeping this town alive, you know?  Let’s keep the spirit of the land alive, alright?

Cheers,
Silas Harding",220,3,39.62,4330
1,201,3,cooking,gemma3:1b,r3|cooking|gemma3:1b,True,"{'angle': 'spicy food tolerance', 'ptype': 'sharing a practical tip that worked', 'voice': 'a 30-year-old nurse working night shifts'}",Spice Tolerance - It's Not Just About the Heat,"Okay, so I’ve been wrestling with this for a while now, and honestly, it’s surprisingly simple. I’m a nurse – long shifts, sleep-deprived, constantly battling fatigue – so I’ve learned to really dial down the spice. Don’t go overboard, seriously. It’s a habit, and it’s a *really* good habit. 

I used to be a total meltdown when things got spicy. My mouth would start watering, my skin would flush, and I’d be completely overwhelmed. But after experimenting, I realized it wasn't about *stopping* the heat; it was about managing it. 

Start with small amounts. Seriously, just a tiny bit of chili flakes or a dollop of harissa paste.  The key is to really *taste* as you go.  Don’t just blindly add more.  Let the flavors build.  

I’ve found that layering flavors is key.  A little bit of cumin, a pinch of smoked paprika, and a tiny bit of lime juice – it’s so much better than just a massive hit of heat.  And, honestly, sometimes just a *tiny* bit of chili powder blended into a sauce makes a huge difference.  It’s a subtle, but effective way to tame the flames.

It’s not a magical cure, but it’s been working for me.  Don’t feel like you need to become a culinary ninja. Just be smart about it.

Anyone else have a similar experience with spice? Any tips you’d share?”}”}```json",228,1,3.79,369
1,201,3,tech,gemma3:1b,r3|tech|gemma3:1b,True,"{'angle': 'whether a new laptop is worth it', 'ptype': 'giving an opinion that some people will disagree with', 'voice': 'a 52-year-old who just got divorced'}",The 'Worth It' Question – A Bit of Reflection,"Okay, let’s talk about this whole laptop thing. I’ve been thinking a lot lately about whether a new one is really worth the investment, especially after… well, after everything. Honestly, it’s a tricky thing for me. I’ve spent the last few years really focusing on comfort and practicality, and a new laptop feels like a significant shift in that.  It’s not about *wanting* a shiny new thing; it’s about easing back into a routine.  I used to be a bit restless, you know? Always needing to be ‘doing’ something.  This feels like a gentle nudge to just… be.  

But, I’ve also noticed a lot of people seem to think a new laptop is a necessity.  They’re always talking about productivity, staying connected, that whole digital thing.  And I get it – it’s valuable. But for me, the biggest benefit isn’t *just* the software. It’s the feeling of a space that feels… organized.  A place where I can actually *focus* without the constant pull of notifications.  It’s a small thing, really, but it’s a small thing that feels important.  

I’m not saying it’s a *bad* investment.  But I think it’s more about prioritizing a bit of peace and quiet, and allowing myself to just… exist, rather than constantly striving for something more.  Maybe it’s not worth it, but I think it’s worth considering if you’re feeling overwhelmed by the constant demands of technology. It’s a personal thing, though.  Don’t take it personally if someone else feels it’s absolutely essential.",248,1,3.66,386
1,201,4,personal_finance,gemma3:1b,r4|personal_finance|gemma3:1b,True,"{'angle': 'a monthly budget that finally worked', 'ptype': 'celebrating a small win', 'voice': 'a 33-year-old software tester'}",Finally Cracking the Code – A Budget That Actually Works!,"Okay, I’m officially declaring a small victory. I’ve been wrestling with budgeting for ages – it’s a constant battle against impulse buys and the siren song of ‘just one more thing.’ For the longest time, I felt like I was constantly playing catch-up, and honestly, it was exhausting. But this month… this month feels different.

I implemented a really simple budget. It’s not some elaborate spreadsheet with charts and graphs, it’s just… tracking my income and expenses. I’ve been using a spreadsheet for now, but I’m seriously considering switching to a budgeting app. It’s not perfect, and I’m sure I’ll still have some tweaks, but the key thing is that I’ve actually *consistently* stuck to it.  I’ve identified a few areas where I can cut back – coffee, subscriptions I don’t use, eating out a little less.

It’s not about being lavish, it’s about being intentional with my money.  It feels… good to know I’m in control, even if it’s just a little bit.  It’s a small win, but it’s a really important win, and it's given me a sense of accomplishment I haven’t felt in a while.  Seriously, give it a shot – even just a few days of tracking can be eye-opening.

Anyone else experience this kind of breakthrough?  Any tips for staying on track?  Let’s share some strategies!”}”}```python4242424242424242424242424242424```",221,1,4.22,387
1,201,4,cars,gemma3:1b,r4|cars|gemma3:1b,True,"{'angle': 'dealer markups and add-ons', 'ptype': 'asking the community for advice', 'voice': 'a 45-year-old small-town mechanic'}",Dealer Markups & Add-ons – Let’s Talk,"Alright folks, gotta be honest – I’ve been seeing some things lately that are starting to raise a bit of a simmer here at the shop. It’s not just the price of the cars themselves, it’s the… well, the add-ons.  I’ve been noticing a lot of dealers pushing these little extras – those tinted windows, those fancy sound systems, those little ‘safety’ features that don’t really *do* anything.  Honestly, it feels like they’re trying to convince you to spend more money than you need to.  I’ve had a few customers mention it, and it’s starting to impact the real value of a car.  I’ve been sticking to the basics – good maintenance, honest work – and I’m trying to avoid the extra polish.  Any of you folks who’ve had similar experiences?  Any tips on how to navigate these situations without completely losing your shirt?  Just trying to keep things fair and honest, you know?  Let’s hear your thoughts.  Cheers.",159,1,2.41,242
1,201,4,farming,gemma3:1b,r4|farming|gemma3:1b,True,"{'angle': 'crop insurance paperwork', 'ptype': 'giving an opinion that some people will disagree with', 'voice': 'a 70-year-old retired teacher'}","Crop Insurance - A Bit of a Headache, I’m Inclined to Say","Well, I’ve been wading through this crop insurance paperwork lately, and frankly, it’s a bit of a headache, even after all these years. It’s become a real… burden, really. You see, back in my day, we relied on a bit of luck, a little bit of foresight, and a lot of hard work. Now, it’s all about meticulously documenting everything. Every single frost, every single pest, every single rain delay. It’s a whole lot more than just checking the weather forecast, you know?  It’s about quantifying risk. And frankly, it feels like it’s creating more problems than it solves.  I’ve spent countless hours filling out forms, chasing down adjuster calls… it’s a slow process, and the potential for errors is significant.  I worry it encourages a focus on minimizing output rather than truly *growing* the crop.  It’s a nice thought, certainly, but it feels a bit… sterile, somehow.  I'd prefer a system that acknowledges the inherent unpredictability of nature, and allows for some leeway.  It’s a significant shift, I’ll admit, but I’m not convinced it’s the best approach.  Perhaps a more flexible, risk-based system would be better – one that rewards responsible practices without overwhelming the farmer with unnecessary bureaucracy.",200,1,2.89,311
1,201,4,cooking,gemma3:1b,r4|cooking|gemma3:1b,True,"{'angle': 'a failed dinner party dish', 'ptype': 'venting about something frustrating', 'voice': 'a 52-year-old who just got divorced'}","Seriously, the Brussels sprouts?","Okay, so, I’m at a ridiculous level of frustration right now. It’s a Sunday, and I’ve been attempting a simple roasted Brussels sprout dish – really, *simple* – for the last hour. I’ve got these little sprouts, some olive oil, salt, and pepper. I’ve basically just tossed them in a pan with a little bit of olive oil and let them get a bit browned. That’s it. That’s the whole thing.

And they’re… flat. Like, completely flat. Like they’ve lost all their personality and are just… sad. They’re so limp and won’t hold their shape. I’ve tried to flip them, but they just flop over. It’s honestly depressing. I spent so much time trying to get them to brown properly, thinking maybe a little bit of heat would help. Nothing. It’s like they’re actively resisting the process.

I’m starting to think I’ve ruined them. I’ve even started to feel a little guilty. I was hoping for a nice, slightly charred, earthy flavour, you know? But all I get is… flatness. It’s just… a really disappointing experience. Anyone else had a similar disaster with vegetables? Maybe we should all just order pizza. Seriously.  I feel like I’m going to cry.

Anyone got any tips for reviving these things?  I’m seriously considering just throwing them in the bin.",216,1,3.13,332
1,201,4,tech,gemma3:1b,r4|tech|gemma3:1b,True,"{'angle': 'switching from Windows to Mac', 'ptype': 'sharing a personal story or experience', 'voice': 'a 35-year-old single dad'}",The Quiet Struggle of a Digital Home,"Okay, so here’s the thing. I’ve been doing this for… well, a long time. My dad was a computer guy, really. He built everything from scratch, knew every little detail. He’d spend hours tweaking his setup, tweaking his software, just… understanding it. He loved Windows. It was stable, it was familiar, it felt like *his* thing. And for a long time, I appreciated that. I really did. I’ve always been a little cautious about change, you know? It feels like a loss of control sometimes.

But recently, I’ve started seriously considering a move to macOS. It’s not a dramatic decision, not a complete upheaval, but it’s a quiet, persistent feeling of… well, of being *more* streamlined.  I’ve been wrestling with it for a few weeks now, trying to wrap my head around how it just… works.  The interface is so clean, so minimalist.  It feels less cluttered, somehow.  And the software ecosystem is just… polished.  

I've been using a Mac for a few years now, mostly for work, but it’s been a bit of a learning curve.  There’s a certain elegance to it, a focus on aesthetics that I really appreciate.  But honestly, the biggest hurdle has been the sheer amount of learning.  I’m getting used to things like Finder and Spotlight – it’s a whole new world.  And it’s weird, but I’m finding myself spending less time tweaking settings and more time *doing* things.  It’s not about the hardware, really. It’s about the experience of using it.

It’s a strange feeling, this transition.  It’s not about the gadgets themselves, it’s about the way I *feel* about my digital space.  It feels… lighter.  Maybe it’s a small thing, but it’s a reminder that sometimes, the most important thing isn’t the newest technology, but the way it makes you feel.

Anyone else feeling this way?  Just thought I’d share a bit of the mess.",313,1,4.71,481
2,202,0,personal_finance,gemma4:e2b,r0|personal_finance|gemma4:e2b,True,"{'angle': 'a car loan that turned out to be a mistake', 'ptype': 'sharing a practical tip that worked', 'voice': 'a 33-year-old software tester'}",Just got out of a car loan that turned out to be a mistake - lesson learned!,"Hey everyone, wanted to share a recent experience because I think it's a valuable lesson for anyone considering a car loan. I was looking to finance a used car, and the initial offers seemed pretty good, so I just went with the first one I found. I thought I was being smart by getting the loan sorted quickly.

Fast forward a few months, and I started looking at my budget more closely. I realized the monthly payment was significantly higher than I anticipated, and the total interest paid was way more than I budgeted for. It felt like a real financial shock when I looked at the actual numbers.

What I learned is that just because a loan is available and you take it, doesn't automatically mean it's the *best* deal for you. I spent some time digging around, comparing rates from different lenders, and understanding the full breakdown before signing anything. It took a few extra hours, but saving a chunk of money on that loan was worth the effort.

If anyone is in the market for a car loan, I highly recommend taking the time to shop around and really scrutinize the total cost, not just the monthly payment. It's a game-changer.

Has anyone else had a similar experience? What were your tips for getting a better deal?",220,1,3.82,298
2,202,0,cars,gemma4:e2b,r0|cars|gemma4:e2b,True,"{'angle': 'buying a used truck with high mileage', 'ptype': 'venting about something frustrating', 'voice': 'a 24-year-old in their first full-time job'}",Seriously regretting buying this high-mileage truck.,"Okay, I need to vent about this. I just bought a used truck because I desperately needed one for work, and honestly, I feel like an idiot right now. It's got like 150k miles on it, and the maintenance history is... well, it's sketchy. I was hoping for something reliable, something that wouldn't constantly break down or cost me a fortune in repairs. Instead, I'm already staring at the service manual wondering what's next. Every time I start driving it, there’s that nagging feeling that something is going to go wrong soon. I feel like I just traded a headache for a much bigger, more expensive one. Anyone else feel completely ripped off when buying used, especially when the mileage is this high? I just want to feel like I made a smart financial decision, but right now, I just feel stressed about the next repair bill.",147,1,2.77,206
2,202,0,farming,gemma4:e2b,r0|farming|gemma4:e2b,True,"{'angle': 'fixing an old tractor instead of buying new', 'ptype': 'celebrating a small win', 'voice': 'a 35-year-old single dad'}",Just managed to resurrect the old John Deere without emptying the savings account (almost).,"Man, I'm still buzzing from this one. You know how much I've been putting off replacing the old tractor? It was getting old, making more noise than sense, and honestly, the thought of sinking another chunk of cash into a brand-new machine felt impossible. But I finally dove in and managed to sort out those sputtering engine parts and that busted transmission. It was a total headache, way more work than I anticipated, and I spent way more time cursing than I was actually happy, but... it runs. It actually runs! I'm running it now, hauling hay and getting the job done. It feels incredible to look at something that was just sitting there gathering dust and actually be able to put it to work again without taking on massive debt. Small wins, right? Time to enjoy the ride (and the slightly louder engine).",144,1,2.67,200
2,202,0,cooking,gemma4:e2b,r0|cooking|gemma4:e2b,True,"{'angle': 'cooking for a picky kid', 'ptype': 'venting about something frustrating', 'voice': 'a 33-year-old software tester'}",The eternal struggle of cooking for a picky eater,"Seriously, I am at my absolute breaking point with dinner time. I'm a software tester, I deal with bugs and logic all day, and yet, the moment I try to cook something for my kid, it turns into an Olympic-level performance art piece involving staring contests and dramatic sighs. I spent an hour making something that looked perfect, followed by 30 minutes of relentless, silent, dramatic refusal. I swear, the emotional labor involved in trying to get a toddler to eat anything that isn't pureed or plain white rice is exhausting. I just want to make something edible, not win a psychological battle against my offspring. Has anyone else hit this wall? What are your secret weapon strategies for picky eaters? I need some solidarity!",125,1,2.35,172
2,202,0,tech,gemma4:e2b,r0|tech|gemma4:e2b,True,"{'angle': 'setting up a home network', 'ptype': 'asking for a recommendation', 'voice': 'a 38-year-old parent of two'}","Help! Trying to set up a decent home network, need some advice.","Hey everyone, I'm staring down the barrel of setting up a proper home network, and I'm feeling completely overwhelmed. I have a mix of older and newer gear, and I'm trying to figure out the best way to connect everything—Wi-Fi coverage, wired connections, managing bandwidth, etc. I've looked at a few options, but I'm not sure which path to take. I'm hoping for some real-world advice from people who have actually done this. Are there any specific routers, mesh systems, or network hardware setups you've found really reliable and easy to manage? I'm trying to avoid a headache down the line. Any recommendations or war stories would be hugely appreciated!",110,1,2.37,173
2,202,1,personal_finance,gemma4:e2b,r1|personal_finance|gemma4:e2b,True,"{'angle': 'student loan repayment strategy', 'ptype': 'sharing a personal story or experience', 'voice': 'a 24-year-old in their first full-time job'}",First full-time job and the student loan stress: Where should I focus my repayment energy?,"Hey everyone, trying to get some advice here because I'm feeling a bit overwhelmed right now. I just started my first full-time job, and while I'm excited about the experience, the reality of managing my finances is hitting me hard, especially with the student loans looming. I'm in my early twenties, just starting out, and I'm trying to figure out the best strategy for repayment. 

Right now, I'm juggling budgeting for rent, groceries, transportation, and trying to save for an emergency fund (which feels impossible right now!). I know I need to start tackling the loans, but I'm torn between the Avalanche method (paying highest interest first) and the Snowball method (paying smallest balance first). 

I'm naturally drawn to the psychological boost of paying off a loan quickly, so the Snowball method seems appealing. But mathematically, the Avalanche method saves the most money in interest. Does anyone have experience navigating this transition from student life to full-time earning? Are there specific things I should prioritize right now—like aggressively saving or just throwing extra money at the principal? 

Any real-world tips or war stories would be super appreciated! Thanks in advance for reading.",192,1,3.68,285
2,202,1,cars,gemma4:e2b,r1|cars|gemma4:e2b,True,"{'angle': 'winter tires, worth it or not', 'ptype': 'sharing a practical tip that worked', 'voice': 'a 33-year-old software tester'}",Winter Tires: Worth the Hype or Just a Winter Headache?,"Hey everyone, been wrestling with this for a while now and wanted to share what I've learned, especially since we're heading into colder weather. I'm 33, work in software testing, so I approach things a bit logically—I like data and proven methods. 

I've been debating the whole winter tire thing. Some folks swear by them, others say it's overkill, or that the cost isn't worth the marginal gain for their specific driving style. I've been driving mostly on dry pavement, so I wasn't convinced immediately.

But I've been driving in areas that experience real, sustained cold snaps, and I've definitely noticed a difference. The primary thing that really sold me was the sheer confidence boost. Driving on those specialized compounds, especially when the temps drop below freezing, feels fundamentally different. The grip level on ice and packed snow is noticeably superior, and the braking distances feel much more predictable and controlled. 

My practical tip is this: If you live somewhere that gets significant, sustained winter weather, or if you frequently drive on roads where ice is a real possibility (even just black ice patches), I think it's worth the investment for peace of mind. It's not just about shaving a few seconds off a trip; it's about safety, plain and simple. Don't skimp on that when you're on the road. 

Has anyone else made the switch recently? What are your experiences? Any specific tire brands you've found really reliable?

Cheers!",240,1,4.62,353
2,202,1,farming,gemma4:e2b,r1|farming|gemma4:e2b,True,"{'angle': 'fencing a new pasture', 'ptype': 'asking the community for advice', 'voice': 'a 19-year-old college student'}",Help! Trying to fence a new pasture and totally overwhelmed. Any advice?,"Hey everyone, I'm a college student and I've just bought a couple of acres that I'm planning to turn into pasture. I've done some research, but now I'm staring at the actual fencing plans and I feel completely lost. I'm not sure where to even start with the actual construction. I'm thinking about wire, post placement, and what kind of wire to use, but I have zero practical experience with this stuff. Has anyone here done a full pasture fence build? I'm looking for advice on materials, techniques, dealing with local regulations (if any), and just general sanity checks. Any seasoned farmers or people who have done this in their own land, please throw some tips my way! Thanks in advance!",121,1,2.5,180
2,202,1,cooking,gemma4:e2b,r1|cooking|gemma4:e2b,True,"{'angle': 'grilling a steak right', 'ptype': 'venting about something frustrating', 'voice': 'a 38-year-old parent of two'}",The eternal struggle of grilling a perfect steak,"Seriously, I am about to lose it. We're having a backyard BBQ this weekend, and I've spent the last hour just trying to get a decent sear on a 1.5-inch ribeye. I followed every recipe, preheated the grill, used the right temp... and what do I get? Either a grey, chewy mess or a steak that's cooked on the outside but still feels underdone in the middle. It's such a simple thing, yet it feels like a high-stakes science experiment every single time. I just want a perfectly cooked steak without having to consult a 40-page grilling manual. Anyone else feel like grilling is a constant battle against the smoke, the temperature, and the sheer unpredictability of the meat?! Help me find the magic touch! 😩",126,1,2.59,186
2,202,1,tech,gemma4:e2b,r1|tech|gemma4:e2b,True,"{'angle': 'a smart home setup that failed', 'ptype': 'sharing a practical tip that worked', 'voice': 'a 35-year-old single dad'}",My Smart Home Setup That Ended in a Frustration Spiral (And What I Learned),"Hey everyone, been wrestling with smart home stuff for a while now, trying to get everything integrated smoothly. I recently tried to go all-in on a specific ecosystem—lots of different hubs, different protocols, trying to make everything talk to each other seamlessly. Sounded great on paper, right? 

Well, it just didn't work. 

I ended up with three different apps just to manage the lights, different voice commands for the thermostat, and the security system kept giving me conflicting alerts. It was more of a headache than a convenience. I spent way more time troubleshooting connectivity issues than actually enjoying the automation.

So, I finally took a step back and simplified. I ditched the overly complex multi-hub approach and went back to a single, reliable platform for the core stuff. It's simpler, slower sometimes, but now the actual automation actually *works* without me needing to be a full-time IT guy to manage the integration layer. 

Lesson learned: Don't fall for the 'more devices equals more control' trap. Start small, pick one reliable system, and make sure you understand the actual communication between the pieces before you commit to a massive overhaul. Anyone else experienced a similar setup nightmare?",197,1,3.92,287
2,202,2,personal_finance,gemma4:e2b,r2|personal_finance|gemma4:e2b,True,"{'angle': 'helping aging parents with money', 'ptype': 'asking the community for advice', 'voice': 'a 19-year-old college student'}",Help! Trying to figure out how to help my aging parents with their finances 😥,"Hey everyone, I'm a 19-year-old college student and I'm feeling a bit overwhelmed trying to figure out how to best help my parents with their finances. They're getting older, and I want to make sure they're taken care of, but I feel like I don't know where to even start. 

They aren't actively asking for help, so I'm kind of stuck. I've been thinking about things like setting up accounts, managing bills, or maybe looking into retirement options, but I'm not sure if I'm in the right place or if I should even be getting involved. 

Has anyone in the community gone through something similar? Any advice on the best way to approach this? Should I just sit down and have an honest conversation, or are there specific resources I should look into first? Any tips on legal stuff or financial planning for this situation would be super appreciated! Thanks in advance! 🙏",153,1,3.15,232
2,202,2,cars,gemma4:e2b,r2|cars|gemma4:e2b,True,"{'angle': 'a mechanic who ripped someone off', 'ptype': 'asking the community for advice', 'voice': 'a 52-year-old who just got divorced'}","Just got ripped off by a mechanic, need advice on what to do.","Hey guys, I'm in a bit of a tough spot and hoping someone here has some experience. I just had some major, unexpected, and frankly, infuriating trouble with a mechanic I hired for some work on my truck. It turned out they either quoted me one price and then tried to sneak in a bunch of extra, unnecessary repairs, or they just charged me way more than they agreed to. I feel completely taken advantage of and I'm not sure how to handle it. I'm not sure if I should just let it go, or if there's a formal way to fight this kind of situation. Has anyone dealt with a shady mechanic before? Any advice on how to track down the proper course of action or if there are resources I should be looking into? Thanks in advance for any insight.",142,1,2.7,191
2,202,2,farming,gemma4:e2b,r2|farming|gemma4:e2b,True,"{'angle': 'drought and well water', 'ptype': 'asking the community for advice', 'voice': 'a 27-year-old who moved to a new city'}",New city transplant facing well water and drought concerns - any advice?,"Hey everyone, I'm 27 and I just moved to this city, trying to get settled. I'm really interested in the rural side of things, and I've been doing some research about water access, especially with the recent drought conditions we've been seeing. 

I've started looking into property, and I'm realizing how crucial reliable water sources are. I'm not sure if I should be overly worried about the local water situation right now, or if I should be hyper-vigilant about what I find when I look at well water quality and sustainability in this area. 

For those of you who have experience dealing with water issues, especially in drier climates or areas where well water is a factor, I'd love to hear your seasoned advice. Are there any local resources I should be looking into? Any tips on testing water, managing usage during dry spells, or just general wisdom for a newcomer navigating this? 

Any insights would be super appreciated as I figure things out here!",165,1,3.3,240
2,202,2,cooking,gemma4:e2b,r2|cooking|gemma4:e2b,True,"{'angle': 'meal prep for the week', 'ptype': 'sharing a personal story or experience', 'voice': 'a 24-year-old in their first full-time job'}",Surviving (and trying) Meal Prep for the First Time as a New Grad,"Hey everyone! So, I'm just starting my first full-time job, and I'm realizing I have absolutely zero kitchen skills, especially when it comes to meal prepping. I’ve been trying to get into the habit of prepping for the week so I don't just eat ramen every night, but honestly, it's been a total disaster so far. 

My first attempt was to make a big batch of chicken and some roasted veggies on Sunday. I got really ambitious and tried to figure out all the complicated recipes online. The result? I ended up with dry, weirdly seasoned chicken and vegetables that just tasted...meh. I threw out half of it because I couldn't face eating it, which is a major failure, haha.

Now I'm trying to simplify things. I'm currently just doing basic things: boiling a big batch of rice, roasting some potatoes, and maybe throwing together some pre-cut veggies with some rotisserie chicken. It’s not gourmet, but it keeps me from ordering takeout every night, which is a huge win for my wallet. 

Any survival tips for total beginners? Are there any super simple, foolproof recipes or meal prep hacks that don't require me to be a chef? I'm open to anything—even just advice on what containers to use or how to store things so they don't go bad too fast. 

Wish me luck in my culinary journey! 🙏",228,1,4.49,333
2,202,2,tech,gemma4:e2b,r2|tech|gemma4:e2b,True,"{'angle': 'a phone battery that dies by noon', 'ptype': 'celebrating a small win', 'voice': 'a 35-year-old single dad'}","My phone battery is a menace, seriously.","Just wanted to vent a little bit. I swear, my phone battery dies by noon every single day. I'm trying to be mindful, I charge it up at night, but by lunchtime, it's already begging for a charger. It's really annoying when I'm trying to get through some work or just catch up on a few things. Anyone else dealing with this kind of battery life struggle? Any secret tips for keeping it going longer, or maybe just some sympathy for the poor battery cells? 😩",86,1,1.83,125
2,202,3,personal_finance,gemma4:e2b,r3|personal_finance|gemma4:e2b,True,"{'angle': 'a side hustle that paid off', 'ptype': 'asking the community for advice', 'voice': 'a 41-year-old farmer'}",Looking for wisdom: A side hustle that actually paid off for me,"Hey everyone, been in the farming life for a while now—41 years old, running the land. I've got a bit of extra time when the harvest slows down, and I've been trying to find something to put that extra time to use, something that brings in some extra cash without turning my back on the land. I've tried a few things, some online courses, some trying to sell extra produce, but nothing has really stuck. 

Recently, I dove into something completely different: building and selling custom, high-quality wooden farm tools and small-batch artisanal jams. It sounds a little far-fetched, I know, but I started with what I already had—old lumber and some ingredients I could make on the farm. 

It wasn't an overnight success, for sure. Took some learning curve, figuring out pricing, figuring out how to market it to people outside of the immediate farm community. But I’ve been putting in the hours, and I’m actually seeing a steady, reliable side income now. It's not a massive income, but it feels good to have something where the sweat really translates into tangible money, and it doesn't rely solely on unpredictable weather. 

Has anyone else done something similar? I'm curious about the logistics—how did you start? What were the biggest hurdles? Any advice on turning a small passion into a reliable stream of income, especially when you're already juggling the demands of farming?",233,1,4.36,335
2,202,3,cars,gemma4:e2b,r3|cars|gemma4:e2b,True,"{'angle': 'the most reliable car ever owned', 'ptype': 'giving an opinion that some people will disagree with', 'voice': 'a 27-year-old who moved to a new city'}",The Most Reliable Car Ever Owned (and why I disagree with the consensus),"Hey everyone, just moved to the city and I've been driving around a bit, so I figured I'd throw something out there that I know people will probably debate. I'm genuinely curious: what is the single most reliable car you've ever owned? Everyone always points to the Toyota Corolla or something similar, and I get it, they're bulletproof. But I have a different take.

For me, the most reliable car isn't necessarily the one with the fewest mechanical failures, but the one that offers the best *long-term* ownership experience, including cost of ownership and community support. I'm talking about something older, maybe a slightly more quirky, well-loved vehicle that has survived decades of neglect and constant use, rather than a brand-new, perfectly maintained machine.

I'm thinking of something like an older Ford Pinto or maybe a very well-maintained 1980s Honda Civic. They might have more quirks, more potential headaches, but the sheer fact that they are *fixable* by anyone, and that the parts are still widely available and cheap, makes them more reliable in the grand scheme of things than some of the hyper-modern, overly complex systems we drive today. It’s about mechanical simplicity and community knowledge. 

I know this sounds totally contrary to the 'new car' mentality, but doesn't reliability ultimately mean being able to fix it yourself with whatever tools you have? What do you guys think? Defend your pick!",232,1,4.44,341
2,202,3,farming,gemma4:e2b,r3|farming|gemma4:e2b,True,"{'angle': 'switching to no-till', 'ptype': 'asking for a recommendation', 'voice': 'a 70-year-old retired teacher'}",Thinking about switching to no-till - any seasoned folks have experience?,"Well, I've been on the farm for a good while now, and I'm starting to look at ways to make things a bit easier and hopefully more sustainable. I'm seriously considering making the switch to no-till farming, but I'm feeling a bit lost when it comes to the practical side of it. I've read a few things, but I'm really looking for advice from people who have actually done it, not just read about it. 

I'm wondering about the setup, the machinery needed, and most importantly, how the soil really reacts over the long haul. Are there any specific seed mixes or cover crop strategies you found particularly successful? I'm worried about the initial transition and making sure I don't mess things up before I see the benefits. Any recommendations for where to start learning or who I could talk to? Thanks in advance for any wisdom you can share.",150,1,2.92,214
2,202,3,cooking,gemma4:e2b,r3|cooking|gemma4:e2b,True,"{'angle': 'a family recipe finally recreated', 'ptype': 'giving an opinion that some people will disagree with', 'voice': 'a 19-year-old college student'}","Finally nailed Grandma's legendary lasagna recipe, and I have strong feelings about the sauce!","Okay, so I finally tackled my family's infamous lasagna recipe this weekend. You know the one, the one that involves layers upon layers of ricotta, béchamel, and a meat sauce that sounds deceptively simple but is apparently an art form. I followed the recipe exactly, and honestly, the structure is perfect—the pasta, the cheese blend, everything is spot on. 

But here's the part where I need to know what you guys think, because I know some of you are going to hate this, and I'm fine with it! The meat sauce. The recipe calls for slow-simmering for like, four hours with just tomatoes, onions, garlic, and maybe a splash of red wine. I did it. It tastes... really good. It’s deep, savory, and has that perfect balance of acidity and sweetness. 

However, I have to admit, I think that recipe is totally overrated. I tried making a simpler sauce—just crushed tomatoes, a ton of fresh basil, and some good quality Parmesan—and it was way fresher and tasted more vibrant. This long, slow-cooked version is heavy, almost too rich for me, and I think people overcomplicate things. 

So, is the intense, slow-cooked, slightly richer meat sauce the *right* way to do lasagna? Or is my preference for a brighter, fresher tomato sauce just me being an overthinker? Let me know your hot takes! 😅",223,1,4.47,338
2,202,3,tech,gemma4:e2b,r3|tech|gemma4:e2b,True,"{'angle': 'a cheap gadget that is surprisingly good', 'ptype': 'sharing a personal story or experience', 'voice': 'a 19-year-old college student'}",My $15 USB-C Hub is a Game Changer for My Dorm Setup,"Okay, so I've been trying to keep my desk setup as minimal and cheap as possible since I'm a college student, and honestly, I'm not into blowing my budget on fancy gear. I was looking for something that would just make my life slightly less annoying, and I stumbled upon this super basic USB-C hub for like fifteen bucks. It’s just a little block with a bunch of ports—HDMI, USB-A, and a USB-C charging port. 

At first, I thought, 'Great, another piece of junk.' But I hooked it up to my old, clunky laptop, and it was surprisingly useful. I can now plug my external monitor, my mouse, and my phone charger all into one single port. Before, I had to use three separate dongles and adapters, and it was a total mess of cables everywhere. 

It’s not the fastest thing on the market, and the build quality feels pretty basic, but for the price, it’s seriously amazing. It has completely decluttered my desk space and made connecting peripherals way easier. If you’re trying to set up a basic multi-device station without spending a fortune, I highly recommend checking out these budget hubs. Anyone else found a hidden gem like this?",201,1,3.93,294
2,202,4,personal_finance,gemma4:e2b,r4|personal_finance|gemma4:e2b,True,"{'angle': 'what to do with a tax refund', 'ptype': 'sharing a personal story or experience', 'voice': 'a 27-year-old who moved to a new city'}","New City, New Life, and a Big Tax Refund - What Should I Do?","Hey everyone, hope you're all having a good week! So, I've just moved to this new city, and the move itself has been a bit of a whirlwind. On top of that, I just got my tax refund, and I'm staring at a pile of cash wondering what to do with it. I'm trying to be smart with it, but I'm not sure where to even start. I'm trying to avoid just blowing it all on impulse buys, but I don't want to feel like I't's being used for anything productive. 

I've thought about just putting it into savings, but I'm also feel like I should treat myself a little, you know? Maybe I should tackle some outstanding debts? Or maybe I should finally invest in something, but I't feel a bit intimidated by the whole investing thing right now. 

Has anyone been in a similar situation? Any game-changing advice on how to best allocate a tax refund when you're trying to build a solid financial foundation in a new place? I'm open to any suggestions, big or small. Thanks in advance for any wisdom you can share!",188,1,3.81,276
2,202,4,cars,gemma4:e2b,r4|cars|gemma4:e2b,True,"{'angle': 'EV versus hybrid for a long commute', 'ptype': 'giving an opinion that some people will disagree with', 'voice': 'a 33-year-old software tester'}",EV vs. Hybrid for a Long Commute: The Real-World Trade-offs (and why I lean toward hybrid right now),"Hey everyone, been lurking in this thread for a while, mostly just reading the specs and the hype around EVs. I've been driving a pretty standard commuter car for a while now, and I'm getting into the deep end of the EV vs. Hybrid debate, especially when you factor in a really long daily commute. 

I totally get the environmental argument for pure EVs. Zero tailpipe emissions is great, and the driving experience is undeniably smooth. But when you put it into the context of a long daily commute—say, 40+ miles round trip, stop-and-go traffic, and potential unplanned stops—I'm starting to see where the hybrids still pull ahead for me personally.

Here’s my take, and be ready for some pushback:

**The Range Anxiety vs. Infrastructure Reality:** For a long commute, the 'range anxiety' isn't just about where the charger is; it's about the *reliability* of the charge. With a hybrid, I can rely on established refueling infrastructure, and the 'fill-up' time is negligible. With an EV, I'm constantly managing battery drain, worrying about finding a fast charger on a random Tuesday, and dealing with potential range degradation based on weather or heavy load. For a long daily grind, that extra layer of management feels like an unnecessary headache right now.

**The Total Cost of Ownership (TCO) Reality Check:** I know the sticker price for some EVs is tempting, but when you factor in the initial cost, the need for potential range-extension hardware (like range extenders or larger batteries), and the current state of home charging infrastructure, the TCO difference isn't as dramatic as the marketing suggests. Hybrids offer a fantastic middle ground: better MPG, proven reliability, and significantly lower upfront risk for a daily driver.

**The Refueling/Recharging Convenience:** Let's be real, I don't have a dedicated home charger at my current spot. Relying on public charging for a long commute introduces significant variables (wait times, charger availability, cost fluctuations) that just don't fit into my daily routine as smoothly as filling up with gasoline or plugging into a standard home outlet for a hybrid system. 

So, I'm not saying EVs are the future, or that hybrids are obsolete. I'm just saying that for the specific scenario of a long, demanding daily commute right now, the hybrid offers a more pragmatic, lower-stress, and more reliable ownership experience. 

What are your experiences? Are you someone who has made the switch and feels the same way, or are you firmly in the EV camp for your daily drive? Curious to hear the counterarguments!",420,1,8.06,611
2,202,4,farming,gemma4:e2b,r4|farming|gemma4:e2b,True,"{'angle': 'a bad hay year and feed costs', 'ptype': 'giving an opinion that some people will disagree with', 'voice': 'a 24-year-old in their first full-time job'}",Anyone else feeling completely screwed by this hay/feed season?,"Okay, I know a lot of folks in this community are dealing with the fallout from this bad hay year and the insane feed costs. I'm just trying to process it, and I feel like I need to vent about how this is hitting everyone, especially those of us trying to stay afloat right now. It feels like the whole system is rigged against us when the inputs are this high and the yield is so low. I'm trying to figure out where to pivot and what the realistic survival strategy is going to be for the next few months. I know some people are trying to stay positive, but honestly, I'm feeling pretty stressed about making it through the winter with these numbers.

What are your thoughts on managing the debt and making tough decisions when the fundamentals are this broken? Trying to hold onto some perspective, but it's hard when the bank accounts are screaming at you.",159,1,2.86,205
2,202,4,cooking,gemma4:e2b,r4|cooking|gemma4:e2b,True,"{'angle': 'a weeknight dinner in 20 minutes', 'ptype': 'asking the community for advice', 'voice': 'a 19-year-old college student'}",Anyone got a go-to for a super fast weeknight dinner (under 20 mins)? 😩,"Hey everyone! I'm a college student trying to figure out how to eat actual food without spending an hour cooking after classes. I need some serious inspiration for weeknight dinners that can actually be made in like, 20 minutes or less. I have limited kitchen space and honestly, my cooking skills are... developing. 

I've tried things like scrambled eggs and pasta, but I'm looking for something a little more interesting than that. Any genius hacks, easy recipes, or pantry staples suggestions? Anything that uses common ingredients and is ridiculously fast? 

Thanks in advance for the food wisdom! 🙏",98,1,2.31,162
2,202,4,tech,gemma4:e2b,r4|tech|gemma4:e2b,True,"{'angle': 'an old computer given a second life', 'ptype': 'sharing a practical tip that worked', 'voice': 'a 45-year-old small-town mechanic'}",Giving an old desktop a second life - some old hardware gems,"Been tinkering around in the garage for years, and I've got a few old computer towers and monitors sitting around that nobody wants. Instead of just tossing 'em, I pulled a few that were pretty old—think late 90s/early 2000s stuff—and I gave them a new purpose. I hooked one up to run a dedicated media server for local network streaming, and another one ended up being perfect for running a dedicated network monitoring system for my shop's tools. They ain't fast, but they run solid, and they're way more reliable than some of the fancy new junk you buy these days. It's a great way to keep good hardware out of the landfill and still get some useful stuff done. Anyone else got old gear they're just letting gather dust?",130,1,2.69,191
2,202,0,personal_finance,gemma3:1b,r0|personal_finance|gemma3:1b,True,"{'angle': 'a car loan that turned out to be a mistake', 'ptype': 'sharing a practical tip that worked', 'voice': 'a 33-year-old software tester'}",The Unexpected Debt Trap,"Okay, so I’ve been thinking a lot about this lately – a really uncomfortable experience with a car loan I took a few years back. It wasn’t a huge amount, but it was a pattern. I was trying to get a decent car for my job, and the interest rates were pretty low. I really believed I’d be fine, and I was smart about making payments.  However, I started noticing a little… drift.  I’d consistently pay more than the minimum, but the interest was slowly creeping up.  It felt good in the short term, like I was ‘getting ahead,’ but it was a slow erosion of my budget.  Eventually, I realized I was maxing out my savings, and the loan became a serious problem.  The worst part?  I was completely blindsided when I had to take out a second mortgage to cover it.  It really hammered home the importance of understanding the long-term implications of borrowing.  **My key takeaway? Don’t let a seemingly good deal look too good to be true.  Always have a solid, realistic plan for how you’ll manage payments, and don't be afraid to proactively address any potential overspending.**  It's a lesson I'm still working through, but it’s definitely a wake-up call about financial discipline.  Anyone else have a similar experience?  Maybe we can all learn from each other’s mistakes.",223,1,3.01,314
2,202,0,cars,gemma3:1b,r0|cars|gemma3:1b,True,"{'angle': 'buying a used truck with high mileage', 'ptype': 'venting about something frustrating', 'voice': 'a 24-year-old in their first full-time job'}",Seriously considering this truck thing…,"Okay, so I’m officially in the middle of a panic. I just bought a used truck, and it’s… a lot. Like, *really* a lot. It’s a 2018 Ford F-150, with a hefty mileage – around 180,000 – and honestly, I’m starting to feel like I’m wading through a swamp of rust and questionable maintenance. 24 years old, and I’m seriously contemplating just selling it and going with a smaller, less…robust vehicle. It’s just a really, *really* long commitment. </b>""It’s a lot of work, you know? Like, I’m not a mechanic, and I’m not exactly a weekend project person. Plus, the paperwork is a nightmare. I’ve spent way too much time chasing down paperwork and trying to figure out what all the ‘maintenance schedules’ mean. </b>"" I keep thinking about how much I’m going to be spending on repairs. I’m already budgeting for things I didn’t even *know* I was going to need. </b>""Anyone else going through this? Any tips for surviving the initial inspection and beyond? Seriously, I need a sanity check before I completely lose it.  Maybe I should just start a garage sale, but honestly, it feels… pointless.  Just… a really, really long, potentially expensive, and slightly depressing endeavor.""",201,1,2.98,322
2,202,0,farming,gemma3:1b,r0|farming|gemma3:1b,True,"{'angle': 'fixing an old tractor instead of buying new', 'ptype': 'celebrating a small win', 'voice': 'a 35-year-old single dad'}",Dusty Gears & a Steady Beat,"Okay, so… I spent a good chunk of the afternoon wrestling with this old Massey Ferguson. Seriously, it’s been a battle for years. It’s been in the family for generations, you know? A real piece of history, really. Spent a good hour trying to get the auger to engage properly – it’s been stubbornly refusing to cooperate. Spent another hour trying to loosen the rusted bolts. It’s a bit of a mess, honestly. The paint’s peeling, the chrome’s faded, and it just feels… well, *old*.  But, and this is a big but, I managed to get it running!  Just a little bit. It’s not a roaring machine, but it’s *moving*.  It's a small win, I guess.  It feels good to be able to keep something like this going.  It’s a tangible connection to the past, you know?  Makes me feel like I’m contributing to something, even if it's just a little bit.  It’s nice to get a little satisfaction out of a job well done, especially when it’s a little stubborn and a little… well, dusty.  Anyone else have a similar story with a little fixer-upper?  Just wanted to share the small victory.",193,1,3.23,292
2,202,0,cooking,gemma3:1b,r0|cooking|gemma3:1b,True,"{'angle': 'cooking for a picky kid', 'ptype': 'venting about something frustrating', 'voice': 'a 33-year-old software tester'}","Seriously, the pressure to make 'perfect' meals is exhausting.","Okay, so I’m in the thick of it again. My daughter’s… let’s call them ‘enthusiastic’ tastes. It’s not a huge volume, but it’s a *constant* stream of requests for precisely sliced broccoli, no butter, and a sauce that’s ‘sweet and savory’ – which usually translates to a dramatic, overly-sweetened sauce that’s practically defying physics.  I’ve spent a good hour meticulously crafting a salmon dish, perfectly cooked, and she just stares at it, completely unimpressed.  I swear, if I have to watch her meticulously dissect it, I’m going to lose it.  I’ve tried, you know, *really* trying to be patient. I’ve even offered to make her a ‘healthy’ version, but she just pushes it away with a dramatic sigh. It’s like a low-grade, culinary war. I’m starting to feel like a professional, and I’m completely failing at it. Anyone else dealing with this beast of a kid? Any tips? Seriously, any tips.  I need a strategy before I spontaneously combust from sheer frustration.

Maybe a distraction? Like, a really, *really* long game of Candy Crush?",174,1,2.55,287
2,202,0,tech,gemma3:1b,r0|tech|gemma3:1b,True,"{'angle': 'setting up a home network', 'ptype': 'asking for a recommendation', 'voice': 'a 38-year-old parent of two'}","Okay, let’s tackle this network thing...“,","Seriously, I’m drowning in Wi-Fi passwords and trying to figure out if my kids actually *use* it. It’s a constant battle. I’ve been thinking about setting up a whole new home network, and I’m totally lost. I’ve got a fairly decent router, but I’m not exactly a tech wizard. I’m looking for a recommendation – something that’s relatively easy to set up, but still robust enough to handle a decent number of devices (my two kids, a laptop, a tablet, a game console, you name it).  I’m leaning towards something that’s not *too* complicated, but I don’t want to completely throw it out the window.  Any suggestions for a good, reliable system?  Any brands you’d recommend?  Also, any tips for making it work seamlessly with my existing setup?  Thanks!",129,1,2.4,208
2,202,1,personal_finance,gemma3:1b,r1|personal_finance|gemma3:1b,True,"{'angle': 'student loan repayment strategy', 'ptype': 'sharing a personal story or experience', 'voice': 'a 24-year-old in their first full-time job'}",The Ramen-Fueled Regret,"Okay, so I’ve been wrestling with this for a while now, and honestly, it’s a bit of a mess. I’m 24, working my way through this entry-level marketing role at a small firm – it’s…steady, but not exactly a windfall. I’ve been living on ramen and coffee for the last couple of years, and I’m starting to feel the weight of it.  It’s not just the money, though, it’s the feeling of…being stuck. Like, I'm building a career, but I’m just slowly chipping away at a debt I didn’t really *want* to have.  I’ve started looking at repayment options, but honestly, it feels overwhelming.  I’ve been thinking about a combination of extra shifts and cutting back on some spending, but that feels like a constant battle against temptation.  I’m terrified of letting it snowball, you know?  I’ve started a spreadsheet, but it’s just…a lot.  Any advice from someone who’s been through a similar thing?  Maybe a little nudge to stay focused on the long game, instead of just the immediate numbers?  Seriously, any wisdom you could offer would be appreciated.  It’s a really stressful feeling, this constant worry about the future, and it’s making me question everything.  Maybe I should just…stop looking at it for a while.  But…I also don’t want to give up entirely.  Thoughts? ✨",217,1,3.32,338
2,202,1,cars,gemma3:1b,r1|cars|gemma3:1b,True,"{'angle': 'winter tires, worth it or not', 'ptype': 'sharing a practical tip that worked', 'voice': 'a 33-year-old software tester'}","Winter Tires - A Little Bit of Chill, Mostly","Okay, so I’ve been seriously considering getting winter tires, and honestly, I’m still on the fence. I’m 33, pretty stable with my driving, and honestly, I don’t *need* a massive upgrade like a new engine. But the weather has been brutal lately – seriously, ice and snow are a constant battle. I’ve been reading a lot about them, and it’s a bit of a gamble, right? I’ve noticed a *huge* difference in grip, especially when braking and turning, and that’s genuinely helpful.  However, the initial cost – the investment – is significant.  It’s a bit of a hassle too, having to change them every few months.  I’ve been happy with my current tires, and the cost of switching to winter ones is a pretty substantial chunk of my budget.  I think it’s worth it *if* you live in a region with consistently cold temperatures and icy conditions, and you’re willing to put in the effort.  Don’t go expecting a complete transformation.  Just a little boost.  My experience so far has been… manageable.  Maybe I’ll give it a shot next winter, but honestly, I’m just hoping it doesn’t end up costing me more than I’m willing to spend on a set of tires.",202,1,4.18,304
2,202,1,farming,gemma3:1b,r1|farming|gemma3:1b,True,"{'angle': 'fencing a new pasture', 'ptype': 'asking the community for advice', 'voice': 'a 19-year-old college student'}",Fencing a New Pasture - Any Thoughts?,"Okay, so I’ve officially started planning out the pasture for this new place I’m getting into. It’s a pretty big one – about 5 acres – and I’ve decided to go with a combination of electric and barbed wire. I’ve been looking at a lot of videos online and trying to figure out the best layout, but honestly, I’m feeling a little overwhelmed.  It’s a massive project, and I’m worried about it being too complicated.  I’ve already got a rough idea of where I want the main pathways to go, but I’m struggling with how to actually *install* the fencing.  Do you guys have any experience with this kind of thing?  Any tips on how to avoid mistakes or things that just don’t go smoothly?  I’m hoping to get it done relatively quickly, but I’m also trying to be smart about it.  Any advice would be seriously appreciated!  Seriously, I’m at a point where I just need some real-world perspective.

Also, I’m thinking about adding some brush control – maybe some strategically placed thorny bushes? What’s the best way to do that without completely ruining the pasture?

Thanks!”}”}```python`{",188,2,6.77,291
2,202,1,cooking,gemma3:1b,r1|cooking|gemma3:1b,True,"{'angle': 'grilling a steak right', 'ptype': 'venting about something frustrating', 'voice': 'a 38-year-old parent of two'}","Seriously, why is this always a disaster?","Okay, so I spent two hours prepping a perfect steak. Two hours! I’ve got the cut, the spices, the beautiful grill – everything’s set. I’m practically sweating with anticipation. And then…it happens. It’s just…not cooperating. It’s starting to brown unevenly, the surface is charred in spots, and the middle is still way too raw. I’ve tried everything – basting, adjusting the heat, even a quick blast of cool water – nothing seems to work. I’m starting to think I’m cursed. Seriously, I’m starting to question my life choices. I’m pretty sure my husband is starting to look at me with a slightly pitying expression. I just want a decent steak, you know? It’s a basic thing, really. It’s not rocket science, but it’s a little frustrating, to be honest. Any tips? I'm seriously considering ordering pizza for dinner tonight.",139,1,2.01,221
2,202,1,tech,gemma3:1b,r1|tech|gemma3:1b,True,"{'angle': 'a smart home setup that failed', 'ptype': 'sharing a practical tip that worked', 'voice': 'a 35-year-old single dad'}",The Echo Dot 3 – A Learned Lesson,"Okay, so I’ve been wrestling with this Echo Dot 3 thing for a few weeks now, and it’s… a mess. I wanted to share a tip that actually worked for me, and it’s a bit of a cautionary tale, honestly. I’d gone all in on the smart home thing, figuring it’d be a nice, automated life. I set up a whole system, connected everything, and it was… fine. For about a month. Then it started acting a little…odd. It’d announce things randomly, and it’d just stop responding for a solid 30 minutes every now and then.  The worst part? It started making little, repetitive noises – a low hum, a quick ‘beep’ – that were unsettling. I’m not sure what the problem was, but it felt like it was trying to communicate something I didn’t understand.  I’ve since tweaked it, adjusted the speaker placement, and basically tried to ‘reset’ it. But it’s still a bit glitchy.  My advice? Don’t go overboard with the automation. Start small. Focus on *one* thing you really want automated.  And maybe, just maybe, invest in a good, solid, wired connection to your router. Seriously. It’s a far less chaotic system, and it’s saved me a lot of anxiety.",203,1,3.58,307
2,202,2,personal_finance,gemma3:1b,r2|personal_finance|gemma3:1b,True,"{'angle': 'helping aging parents with money', 'ptype': 'asking the community for advice', 'voice': 'a 19-year-old college student'}","Okay, so… this is a bit heavy, but I wanted to ask for your thoughts. My parents are starting to get older, and they’re really struggling with money. It’s not just about the money itself, it’s the whole picture – they’ve always been pretty frugal, but now they’re feeling really anxious about things like healthcare and… well, just surviving.  I’m trying to be supportive, but honestly, I feel like I’m not really equipped to help them navigate this.  Any advice?  Like, really practical tips, not just 'don't spend it all.' I’m really struggling with feeling helpless.","It’s a really tough situation, and I’m just… overwhelmed. I’ve been thinking about things like setting up a trust, but I’m not sure how that would even work in practice.  Honestly, I’m mostly just hoping to be able to offer some small, consistent support – maybe just helping them look over their budget or find some resources.  Any thoughts on how to approach this?  Do you have any experiences you’d like to share?  I’m really open to anything – even just a gentle nudge in the right direction.

Also, I’m trying to understand what’s truly important to them, and what they’re *willing* to do. It's a delicate balance, right?  Thoughts?",110,1,2.78,306
2,202,2,cars,gemma3:1b,r2|cars|gemma3:1b,True,"{'angle': 'a mechanic who ripped someone off', 'ptype': 'asking the community for advice', 'voice': 'a 52-year-old who just got divorced'}",A Mechanic’s Reckless Racket,"Okay, people, I need to vent. I’ve had a really rough time since the divorce, and honestly, it’s hitting me hard. I recently had a mechanic – a *really* good one, actually – do some work on my truck, and it was… well, it was a disaster. He charged me more than I expected, and he completely messed up the alignment, and the suspension. It’s a complete mess, and the truck’s driving like it’s been through a war. </b>

I’ve been trying to sort it out, but it’s a headache. I've consulted with a lawyer, and they’re suggesting I pursue a claim, but it’s a huge hassle.  Honestly, I’m starting to feel like I’ve been taken advantage of. </b>

I’m not looking for a sympathy post, though. I just… I’m desperate for some advice.  Anyone have any experience with this kind of situation?  Do you have any tips on how to handle a mechanic who's clearly overcharging and incompetent?  Any advice on how to even *start* the process of getting this sorted out?  Seriously, any thoughts would be greatly appreciated.  It's just... a lot to deal with right now.

Thanks.",190,2,7.97,302
2,202,2,farming,gemma3:1b,r2|farming|gemma3:1b,True,"{'angle': 'drought and well water', 'ptype': 'asking the community for advice', 'voice': 'a 27-year-old who moved to a new city'}",Drought and Well Water - Any Suggestions?,"Okay, so this is officially a crisis. I’ve been living in this city for about six months now, and the weather has been… well, let’s just say it’s been weird. We’ve had a really intense dry spell lately. My little homestead, which I’d envisioned as a peaceful sanctuary, is starting to feel pretty desolate.  My well is showing a concerning drop in water levels, and I’m starting to worry about long-term sustainability.  I’ve been trying to conserve, but it’s not enough.  I’m seriously considering if I need to explore options for supplementing my water supply, and honestly, it’s a huge decision.

I’m feeling overwhelmed and a little lost. I’ve been reading a little about drought-resistant farming techniques, but honestly, it’s not enough to completely reverse the situation.  Anyone have any experience with this in the area – anything you’ve learned that would be helpful?  Any advice on well water management, or even just general strategies for dealing with this kind of weather pattern?  Even just a quick overview of what works and what doesn’t would be fantastic.

Totally open to suggestions – big or small!  Let’s try to brainstorm some ideas.  Thanks in advance for any help.",197,1,3.09,296
2,202,2,cooking,gemma3:1b,r2|cooking|gemma3:1b,True,"{'angle': 'meal prep for the week', 'ptype': 'sharing a personal story or experience', 'voice': 'a 24-year-old in their first full-time job'}",The Chaos of Weekends,"Okay, so this is a bit of a confession, and honestly, it’s been a bit of a struggle lately. My job’s been… intense, to say the least. It’s a lot of meetings, a lot of deadlines, and a lot of people relying on me to keep things running smoothly. Which, let’s be real, means a *lot* of cooking.  I’ve started to feel like I’m constantly juggling things, and sometimes it feels like I’m just surviving, not really *enjoying* the process.

I’ve been trying to tackle meal prep this week, which is… good. It’s actually helped a lot. It’s not about gourmet meals, really. It’s about having a little bit of control, a little bit of peace.  I’ve realized that if I’m not prepared, it’s going to be a frantic, stressful mess.  So, I’ve started with a really simple plan.  I’m aiming for roughly 3-4 meals a week, and I'm trying to rotate things so I don't get burnt out.  I’ve been experimenting with things like sheet pan dinners – easy, healthy, and minimal cleanup.

It’s not perfect, of course. I’m pretty terrible at following a recipe exactly. I’m a bit of a messmaker, I’m afraid. But even just having a little bit of structure helps. It's a small victory, really.  Anyone have any tips for someone trying to build a routine like this?  Maybe a quick, easy recipe I could try?  Seriously, any advice would be greatly appreciated.

It's a bit of a cycle, honestly, but I’m trying to build some habits that actually *feel* good.  Wish me luck!",259,2,22.13,2409
2,202,2,tech,gemma3:1b,r2|tech|gemma3:1b,True,"{'angle': 'a phone battery that dies by noon', 'ptype': 'celebrating a small win', 'voice': 'a 35-year-old single dad'}","Seriously, this thing…","Okay, so I’ve officially reached the point where my phone battery is basically a useless brick. It’s 12:00 PM, and it’s *still* dying. I’m not kidding. I’ve tried everything – charging it overnight, letting it drain completely – nothing seems to do anything. It’s honestly a bit frustrating, you know? Like, I’m trying to get through my workday, and it’s constantly reminding me that I’m running on fumes.  I’ve started putting it in airplane mode, which is a minor victory, but it’s not enough.  It's a really annoying little habit, honestly.  Anyone else dealing with this kind of thing? Any tips or tricks you’ve found that actually *work*?  Seriously, any advice would be appreciated.  It's a small win, but it feels like a big deal right now.  Maybe I need to invest in a portable charger… or just accept it and stop using it for as long as possible.",149,1,2.41,233
2,202,3,personal_finance,gemma3:1b,r3|personal_finance|gemma3:1b,True,"{'angle': 'a side hustle that paid off', 'ptype': 'asking the community for advice', 'voice': 'a 41-year-old farmer'}","The Rooster's Earnings – A Little Bit of Dirt, a Lot of Wisdom","Well, this one’s been simmering for a while now, and I wanted to share it with the group. Been a while since I’ve felt comfortable enough to actually talk about it. My name’s Silas, by the way. Been farming this land for… well, let’s just say a good chunk of my life. 41 years now, and still feel like I’m tilling the soil every single day.

For years, I’ve been doing a little bit of ‘extra’ – selling some of the surplus produce at the local market. It wasn't much, mind you, just enough to keep the bills paid and a little extra for the necessities. But over the last year or so, I’ve started a small, consistent side hustle. It’s a little… different. I’ve been crafting small wooden signs. Really simple designs – animals, landscapes, a few little farm themed things.

I’m not talking about a huge enterprise, just enough to carve out a little extra income each month. It’s a slow burn, but it’s growing.  I’ve got a decent little stockpile of wood, and I’ve been focusing on getting really good at the woodburning – it’s surprisingly relaxing.

Honestly, it’s been a real surprise. It's given me a bit of a lift, and it's given me a sense of accomplishment.  It’s not a massive amount of money, but it’s something that keeps me busy and allows me to earn a little extra.  I’ve been thinking about expanding it a bit, maybe offering them to local businesses, or even selling them online.  Any thoughts? What have *you* done that’s worked out?  Just thought I’d share a little of my experience.

Cheers,
Silas.”} , Clear Title: The Rooster's Earnings – A Little Bit of Dirt, a Lot of Wisdom, Clear Body: Silas shares his experience with a small side hustle. §",301,1,5.81,458
2,202,3,cars,gemma3:1b,r3|cars|gemma3:1b,True,"{'angle': 'the most reliable car ever owned', 'ptype': 'giving an opinion that some people will disagree with', 'voice': 'a 27-year-old who moved to a new city'}",Reliability vs. Excitement: A Question of Perspective,"Okay, let’s tackle this one. I’ve spent the last six months in this city, and honestly, I’m starting to appreciate the *quiet*. So, when people ask about the most reliable car ever made, it's a surprisingly complex question. I’ve been focusing on long-term ownership, you know?  I’ve seen a lot of cars with fantastic features and flashy tech, but the sheer amount of maintenance – the oil changes, the timing belt replacements – it’s a significant commitment.  

I’ve been looking at older models, particularly Japanese brands. Toyota and Honda, for example, consistently score high on reliability surveys. They’ve built incredibly robust engineering. But I also think you have to consider the *lifestyle*.  If you’re going to be driving this car every day, every weekend, every spare moment, you need something that’s genuinely dependable.  

I’m not saying those older cars are *bad*, per se. They’re just…practical.  There’s a certain satisfaction in knowing a car has been well-maintained for a long time.  It feels like a more stable foundation.  It’s a trade-off between longevity and a bit of a slower pace.  I’m leaning towards a comfortable, economical car that won’t constantly throw me a curveball.  What do *you* think?  Is there a car you’ve found truly reliable that you’d recommend, despite the maintenance?  Let’s discuss – I’m genuinely curious.
}",218,1,3.24,352
2,202,3,farming,gemma3:1b,r3|farming|gemma3:1b,True,"{'angle': 'switching to no-till', 'ptype': 'asking for a recommendation', 'voice': 'a 70-year-old retired teacher'}","A Thought, Perhaps…","Well, now, this has been occupying my thoughts lately. I’ve been…considering a shift, a change in how I approach my land. It’s a gradual thing, you understand, not a sudden leap. Decades spent tending a small acreage, watching the seasons unfold, it’s become…comforting, in a way. But lately, I’ve been reading a lot about no-till farming, and it’s genuinely sparked something. It’s not about conquering the land, not really, but about working *with* it, rather than fighting against it.  The idea of preserving the soil, of building a foundation that’ll last, it’s quite appealing.

Now, I’m a retired teacher, so I’m not particularly adept at the technicalities of the land. It’s more about the philosophy, really.  I’ve always valued a quiet, grounded approach, and this no-till thing seems to align with that.  I’m wondering if anyone, with a bit of experience in the region – perhaps someone who’s done it, or at least understands the principles – might offer a recommendation?  I’m thinking about starting small, perhaps with a smaller plot.  Any thoughts, any wisdom you might have, would be greatly appreciated.

It’s a bit of a ponder, really. Just hoping I’m not making a mistake.",196,1,2.84,313
2,202,3,cooking,gemma3:1b,r3|cooking|gemma3:1b,True,"{'angle': 'a family recipe finally recreated', 'ptype': 'giving an opinion that some people will disagree with', 'voice': 'a 19-year-old college student'}","Okay, so… this is a little weird, but I’ve finally managed to recreate Grandma Rose’s apple pie. Seriously, I’ve been doing this for like, a year now and I’ve been tweaking it, trying to get it just right. It’s… surprisingly good.","I know, I know, it’s a massive undertaking. Grandma Rose’s recipe is practically sacrosanct. It’s a really specific blend of spices – cinnamon, nutmeg, cloves… and she always added a *tiny* pinch of cardamom. I’ve tried to replicate that, of course, but it’s just… different. The crust is a little too crumbly, and the filling feels a bit too… sweet. Honestly, I think it’s a bit *too* sweet, like it’s actively trying to win.  It’s not awful, but it’s just not *her* apple pie.  I'm expecting a lot of people to disagree with me, I'm sure. It's a really comforting, nostalgic thing, and I’m just… feeling a bit frustrated that it's not quite as perfect as I imagined.  Anyone else have a similar experience with family recipes?  Maybe we could all try to recreate a really simple version and compare notes?",141,2,21.13,2282
2,202,3,tech,gemma3:1b,r3|tech|gemma3:1b,True,"{'angle': 'a cheap gadget that is surprisingly good', 'ptype': 'sharing a personal story or experience', 'voice': 'a 19-year-old college student'}",The Humble Hero: The PixelBuds,"Okay, so this is a little weird to share, but I’ve been obsessed with these PixelBuds lately. Seriously, I’m 19 and I’m drowning in earbuds, but this is actually… surprisingly good. I mean, I’ve tried a million cheap ones that just fall apart after a month, and I’m constantly losing them. These are different. They’re ridiculously cheap – like, under $50 – but they’re seriously comfortable. I’ve worn them for hours studying, and they don’t feel like they’re going to fall out. 

It’s not the *best* sound quality, I’ll admit, it’s not going to blow your socks off with audiophile gear. But the noise cancellation is genuinely impressive. I've been in a noisy library the past few weeks, and it’s like they’re blocking out everything – the chatter, the keyboard clicking, even the distant coughs. It’s subtle, but it makes a huge difference. I also love the fact that they have a really good battery life. I can easily get a solid 4-5 hours of listening on a single charge.

I know, it’s a bit of a long shot, but I figured I’d share because I’m genuinely impressed. They’re a surprisingly good value for the price, and honestly, they’ve become a little bit of my go-to for focused studying. Worth a shot, right?  Let me know what you think if you’ve tried them – I'm curious to see if they’re worth the hype.",233,1,3.48,363
2,202,4,personal_finance,gemma3:1b,r4|personal_finance|gemma3:1b,True,"{'angle': 'what to do with a tax refund', 'ptype': 'sharing a personal story or experience', 'voice': 'a 27-year-old who moved to a new city'}",The Unexpected Relief,"Okay, so this is a bit of a weird one, but I’ve been thinking about this tax refund thing lately, and it’s actually kind of hitting me hard. I just moved to a new city a few months ago, and honestly, it’s been a whirlwind of figuring things out. I’m still trying to wrap my head around everything – finding a decent coffee shop, navigating public transport, even just figuring out the local grocery stores. It's a lot. 

Last month, I got a refund, and I’m trying to figure out what to do with it. I’ve been looking at online calculators, but honestly, they don’t really cover *everything*. I’m thinking about just putting a significant chunk into savings, but I also want to make sure it’s not just sitting in a bank account collecting dust.  I’ve been eyeing a small, manageable investment – something low-risk, but still with a little bit of potential.  It's a little daunting, to be honest.  It feels like a little bit of a reset, a little bit of a boost to start from scratch.

What do *you* do when you get a large refund like that? Any tips or advice? I’m just really trying to be smart about it and avoid any big mistakes.

Cheers, [Your Name]”} , {",214,2,6.5,308
2,202,4,cars,gemma3:1b,r4|cars|gemma3:1b,True,"{'angle': 'EV versus hybrid for a long commute', 'ptype': 'giving an opinion that some people will disagree with', 'voice': 'a 33-year-old software tester'}",EV vs. Hybrid for a Long Commute – It’s a Complex Calculation,"Okay, so I’ve been pondering this for a while – long-distance commutes, specifically. I’ve been looking at the EV versus hybrid options, and honestly, it’s got me a bit unsettled. I’ve spent a good chunk of time researching, and while the initial cost difference is undeniably attractive – a good chunk less upfront – I genuinely think a hybrid offers more peace of mind for a commute of that length. 300-400 miles? That’s a lot of driving, and the battery drain, even with efficient driving, can be a real issue.  The regen system, while clever, isn’t always smooth, and the range anxiety – that creeping feeling of running out of juice – is a serious concern.  A hybrid, especially with a good fuel efficiency rating, *feels* more reliable for a journey that’s not constantly accelerating.  Plus, the maintenance costs, though slightly higher initially, seem more predictable. It’s a gamble, really, but I think the risk of a sudden battery issue – something that could throw off a long trip – is a bit lower with a hybrid.  I'm not saying EVs are *bad* – they’re improving rapidly – but for a commute like that, I’m leaning towards the hybrid for me.  Thoughts?  Let’s discuss the practicalities of long-distance driving and the trade-offs.",212,2,20.67,2318
2,202,4,farming,gemma3:1b,r4|farming|gemma3:1b,True,"{'angle': 'a bad hay year and feed costs', 'ptype': 'giving an opinion that some people will disagree with', 'voice': 'a 24-year-old in their first full-time job'}",The Dust is Settling - A Little Bit of Concern,"Okay, so I’ve been feeling pretty stressed lately, and it’s mostly about the hay situation. Honestly, it’s been a rough year for us farmers, and the cost of feed is just… escalating. I’ve been tracking the prices for everything, and it’s seriously creeping up. We’re seeing a noticeable dip in yield this year, and it’s impacting our bottom line.  I’ve seen a lot of folks talking about ‘blame the weather’ – and while weather’s definitely a factor, it feels like it’s becoming a more consistent issue.  I’m starting to think we might need to seriously re-evaluate our management practices – maybe diversifying a bit, or investing in some more efficient feeding strategies. It's not just about the money; it’s about the long-term sustainability of the operation.  I’m honestly worried about the impact on our livelihoods, and it feels like we’re running a bit faster than we should be.  Anyone else feeling this way?  Just thinking out loud.",157,1,2.63,244
2,202,4,cooking,gemma3:1b,r4|cooking|gemma3:1b,True,"{'angle': 'a weeknight dinner in 20 minutes', 'ptype': 'asking the community for advice', 'voice': 'a 19-year-old college student'}",Weeknight Wonder: 20-Minute Magic!,"Okay, guys, seriously, I’m battling a massive deadline and the fridge is looking sad. I need a recipe that's actually doable – like, *actually* doable – for a weeknight dinner. I’m thinking 20 minutes max, and I’m not looking for anything too complicated.  I’m kinda stuck on pasta, but I’m open to suggestions. Any ideas you’ve got?  I’m thinking something relatively healthy, but not boring.  Bonus points if it uses things I already have in my fridge – onions, peppers, some leftover chicken…  Let’s hear it!",86,1,1.46,151
2,202,4,tech,gemma3:1b,r4|tech|gemma3:1b,True,"{'angle': 'an old computer given a second life', 'ptype': 'sharing a practical tip that worked', 'voice': 'a 45-year-old small-town mechanic'}",Old Computer Revival - A Little TLC Goes a Long Way,"Alright folks, I’ve been tinkering with this old desktop computer of mine for a few years now, and it’s gotten to the point where it’s practically a museum piece. Spent my whole life keeping these things running, and it’s been a real learning experience. You know how you’ve got that little bit of dust and grime build up on everything? Well, I managed to salvage a decent amount of it with a bit of elbow grease. 24-year-old hard drive, bless its little heart.

What I did was just give it a good cleaning – really wiped it down, removed some of the old stickers, and ran a basic system scan. It’s running surprisingly well, actually.  It’s not going to be a powerhouse, but it’s usable for basic tasks – email, word processing, the whole shebang.  The biggest thing was just being careful not to force anything.

Honestly, it’s a surprisingly satisfying project. It reminds me of a time when things were simpler, and a little bit more… tangible.  Don’t spend a fortune on fancy upgrades, though. Sometimes the little things are the best.  Just a little bit of patience and a good dust blower, and you can turn a forgotten machine back into something useful.

Anyone else have a similar experience with older hardware?  Any tips you’d share on keeping them running smoothly?",223,1,2.95,322
