==========================================================================
SIMULATION 4 ANALYSIS -- social_timeline_v9_feedback.db
==========================================================================
agents=36  rounds=15  posts=312  chosen actions=447  exposure events=6048  follow edges=46

ACTION MIX (chosen actions only; refresh/sign_up excluded)
  create_post              302
  create_comment           48
  follow                   46
  like_post                31
  like_comment             10
  quote_post               7
  repost                   3

MALFORMED TOOL CALLS (attempted, wrong arguments, no effect): 276
  follow                   101
  create_post              64
  like_comment             37
  like_post                37
  create_comment           33
  repost                   2
  quote_post               2
    reason: unexpected keyword argument x254
    reason: missing required argument x22

SOCIAL GRAPH: 0 edges before -> 46 edges after

--------------------------------------------------------------------------
PER-AGENT DETAIL
--------------------------------------------------------------------------

[agent 0] @James Miller
  bio: Passionate about hospitality & tourism. Exploring the world one destination at a time.
  actions (14): {'create_post': 13, 'follow': 1}
  authored 13 posts: [4, 36, 65, 89, 111, 138, 161, 184, 203, 217, 232, 247, 265]
  saw 145 distinct posts across 168 exposure events (by source: {'discovery': 160, 'network': 5, 'fof': 3})
    acted on : []
    ignored  : [1, 5, 6, 7, 8, 13, 14, 16, 22, 25, 26, 32, 37, 39, 42, 43, 45, 46, 49, 50, 52, 53, 56, 57, 63, 69, 70, 72, 74, 75, 78, 79, 82, 85, 87, 92, 94, 99, 100, 101, 102, 104, 106, 108, 110, 115, 116, 119, 120, 125, 126, 127, 128, 129, 135, 136, 139, 140, 143, 145, 148, 151, 152, 153, 154, 158, 159, 160, 162, 165, 166, 167, 168, 173, 176, 178, 179, 180, 181, 182, 183, 185, 186, 187, 189, 191, 192, 196, 198, 199, 201, 202, 204, 206, 207, 208, 209, 210, 211, 212, 213, 214, 215, 216, 218, 219, 220, 221, 222, 223, 224, 226, 227, 228, 229, 231, 233, 235, 236, 238, 239, 240, 241, 243, 244, 245, 246, 249, 251, 252, 254, 255, 257, 258, 260, 261, 262, 263, 264, 271, 278, 279, 280, 286, 291]
    never saw: [2, 3, 9, 10, 11, 12, 15, 17, 18, 19, 20, 21, 23, 24, 27, 28, 29, 30, 31, 33, 34, 35, 38, 40, 41, 44, 47, 48, 51, 54, 55, 58, 59, 60, 61, 62, 64, 66, 67, 68, 71, 73, 76, 77, 80, 81, 83, 84, 86, 88, 90, 91, 93, 95, 96, 97, 98, 103, 105, 107, 109, 112, 113, 114, 117, 118, 121, 122, 123, 124, 130, 131, 132, 133, 134, 137, 141, 142, 144, 146, 147, 149, 150, 155, 156, 157, 163, 164, 169, 170, 171, 172, 174, 175, 177, 188, 190, 193, 194, 195, 197, 200, 205, 225, 230, 234, 237, 242, 248, 250, 253, 256, 259, 266, 267, 268, 269, 270, 272, 273, 274, 275, 276, 277, 281, 282, 283, 284, 285, 287, 288, 289, 290, 292, 293, 294, 295, 296, 297, 298, 299, 300, 301, 302, 303, 304, 305, 306, 307, 308, 309, 310, 311, 312]
  engagement rate (acted / seen): 0.0
  follows [33] | followed by []
  exposure to others: agent 32 x11, agent 33 x9, agent 1 x8, agent 31 x8, agent 34 x8, agent 25 x7, agent 9 x7, agent 28 x7, agent 13 x6, agent 23 x6, agent 7 x5, agent 4 x5, agent 19 x5, agent 17 x5, agent 8 x5, agent 2 x5, agent 35 x5, agent 6 x4, agent 12 x4, agent 14 x4, agent 29 x4, agent 10 x4, agent 16 x4, agent 3 x4, agent 20 x4, agent 15 x3, agent 30 x3, agent 22 x3, agent 27 x3, agent 26 x2, agent 5 x2, agent 21 x2, agent 24 x2, agent 18 x2, agent 11 x2
  acted on others: {'33': {'follow': 1}}
  acted on by    : {'10': {'like_post': 1}}

[agent 1] @Emma Hayes
  bio: Passionate about transportation and logistics | ENFJ | Always seeking new connections an
  actions (9): {'create_post': 8, 'follow': 1}
  authored 8 posts: [1, 37, 63, 87, 114, 139, 185, 204]
  saw 91 distinct posts across 168 exposure events (by source: {'discovery': 104, 'network': 40, 'fof': 24})
    acted on : []
    ignored  : [3, 4, 8, 10, 16, 18, 21, 22, 25, 26, 27, 33, 42, 43, 44, 45, 46, 50, 52, 53, 57, 61, 65, 68, 72, 73, 74, 75, 77, 78, 79, 82, 83, 85, 89, 92, 94, 96, 97, 99, 102, 103, 104, 106, 108, 110, 111, 116, 118, 119, 120, 121, 123, 124, 125, 126, 127, 128, 129, 135, 140, 143, 146, 147, 152, 160, 164, 169, 170, 171, 181, 192, 194, 196, 199, 202, 205, 207, 209, 215, 221, 231, 244, 248, 258, 264, 268, 278, 279, 289, 291]
    never saw: [2, 5, 6, 7, 9, 11, 12, 13, 14, 15, 17, 19, 20, 23, 24, 28, 29, 30, 31, 32, 34, 35, 36, 38, 39, 40, 41, 47, 48, 49, 51, 54, 55, 56, 58, 59, 60, 62, 64, 66, 67, 69, 70, 71, 76, 80, 81, 84, 86, 88, 90, 91, 93, 95, 98, 100, 101, 105, 107, 109, 112, 113, 115, 117, 122, 130, 131, 132, 133, 134, 136, 137, 138, 141, 142, 144, 145, 148, 149, 150, 151, 153, 154, 155, 156, 157, 158, 159, 161, 162, 163, 165, 166, 167, 168, 172, 173, 174, 175, 176, 177, 178, 179, 180, 182, 183, 184, 186, 187, 188, 189, 190, 191, 193, 195, 197, 198, 200, 201, 203, 206, 208, 210, 211, 212, 213, 214, 216, 217, 218, 219, 220, 222, 223, 224, 225, 226, 227, 228, 229, 230, 232, 233, 234, 235, 236, 237, 238, 239, 240, 241, 242, 243, 245, 246, 247, 249, 250, 251, 252, 253, 254, 255, 256, 257, 259, 260, 261, 262, 263, 265, 266, 267, 269, 270, 271, 272, 273, 274, 275, 276, 277, 280, 281, 282, 283, 284, 285, 286, 287, 288, 290, 292, 293, 294, 295, 296, 297, 298, 299, 300, 301, 302, 303, 304, 305, 306, 307, 308, 309, 310, 311, 312]
  engagement rate (acted / seen): 0.0
  follows [23] | followed by [5, 10, 13, 16, 24, 33]
  exposure to others: agent 23 x47, agent 14 x29, agent 9 x7, agent 34 x7, agent 33 x5, agent 0 x5, agent 17 x4, agent 2 x4, agent 7 x4, agent 25 x4, agent 15 x4, agent 32 x4, agent 18 x4, agent 26 x3, agent 13 x3, agent 12 x3, agent 19 x3, agent 35 x3, agent 21 x2, agent 24 x2, agent 6 x2, agent 29 x2, agent 10 x2, agent 22 x2, agent 11 x2, agent 5 x2, agent 27 x1, agent 20 x1, agent 30 x1, agent 31 x1, agent 16 x1, agent 28 x1, agent 4 x1, agent 3 x1, agent 8 x1
  acted on others: {'23': {'follow': 1}}
  acted on by    : {'24': {'follow': 1, 'create_comment': 2}, '16': {'follow': 1}, '5': {'follow': 1, 'like_post': 3, 'create_comment': 1}, '13': {'follow': 1}, '33': {'follow': 1, 'like_post': 1}, '10': {'create_comment': 2, 'follow': 1}}

[agent 2] @Ryan Johnson
  bio: Tech enthusiast | STEM student | Constantly seeking knowledge
  actions (14): {'create_post': 10, 'follow': 1, 'create_comment': 2, 'like_post': 1}
  authored 10 posts: [3, 38, 64, 88, 112, 140, 162, 183, 219, 248]
  saw 121 distinct posts across 168 exposure events (by source: {'discovery': 132, 'network': 18, 'fof': 18})
    acted on : [119, 168, 197]
    ignored  : [1, 4, 8, 10, 11, 15, 18, 21, 22, 25, 26, 27, 37, 39, 42, 43, 44, 45, 46, 49, 50, 52, 53, 54, 56, 65, 70, 72, 73, 74, 75, 79, 80, 82, 83, 85, 87, 94, 100, 101, 103, 104, 105, 106, 107, 108, 110, 111, 114, 115, 116, 117, 120, 123, 126, 129, 135, 141, 143, 144, 145, 147, 148, 153, 154, 155, 158, 159, 161, 163, 166, 169, 173, 176, 178, 179, 180, 181, 184, 186, 187, 188, 189, 192, 193, 195, 201, 202, 203, 206, 210, 211, 213, 220, 222, 223, 224, 225, 226, 228, 236, 239, 240, 241, 244, 245, 254, 257, 262, 265, 268, 269, 280, 281, 285, 286, 287, 293]
    never saw: [2, 5, 6, 7, 9, 12, 13, 14, 16, 17, 19, 20, 23, 24, 28, 29, 30, 31, 32, 33, 34, 35, 36, 40, 41, 47, 48, 51, 55, 57, 58, 59, 60, 61, 62, 63, 66, 67, 68, 69, 71, 76, 77, 78, 81, 84, 86, 89, 90, 91, 92, 93, 95, 96, 97, 98, 99, 102, 109, 113, 118, 121, 122, 124, 125, 127, 128, 130, 131, 132, 133, 134, 136, 137, 138, 139, 142, 146, 149, 150, 151, 152, 156, 157, 160, 164, 165, 167, 170, 171, 172, 174, 175, 177, 182, 185, 190, 191, 194, 196, 198, 199, 200, 204, 205, 207, 208, 209, 212, 214, 215, 216, 217, 218, 221, 227, 229, 230, 231, 232, 233, 234, 235, 237, 238, 242, 243, 246, 247, 249, 250, 251, 252, 253, 255, 256, 258, 259, 260, 261, 263, 264, 266, 267, 270, 271, 272, 273, 274, 275, 276, 277, 278, 279, 282, 283, 284, 288, 289, 290, 291, 292, 294, 295, 296, 297, 298, 299, 300, 301, 302, 303, 304, 305, 306, 307, 308, 309, 310, 311, 312]
  engagement rate (acted / seen): 0.025
  follows [26] | followed by []
  exposure to others: agent 10 x21, agent 26 x20, agent 0 x9, agent 31 x8, agent 27 x7, agent 20 x7, agent 14 x7, agent 32 x7, agent 8 x7, agent 25 x6, agent 4 x6, agent 9 x5, agent 34 x5, agent 35 x5, agent 1 x4, agent 7 x3, agent 17 x3, agent 13 x3, agent 19 x3, agent 12 x3, agent 24 x3, agent 11 x3, agent 16 x3, agent 30 x3, agent 23 x2, agent 15 x2, agent 29 x2, agent 18 x2, agent 6 x2, agent 33 x2, agent 28 x2, agent 21 x1, agent 22 x1, agent 3 x1
  acted on others: {'26': {'follow': 1, 'create_comment': 1}, '10': {'like_post': 1, 'create_comment': 1}}
  acted on by    : {'21': {'create_comment': 1}, '11': {'create_comment': 1}}

[agent 3] @Alexandra Whitmore
  bio: Dedicated marketer with a passion for economics and business. Constantly seeking new opp
  actions (12): {'create_post': 9, 'create_comment': 2, 'follow': 1}
  authored 9 posts: [2, 113, 163, 182, 218, 231, 246, 295, 296]
  saw 88 distinct posts across 168 exposure events (by source: {'discovery': 83, 'network': 55, 'fof': 30})
    acted on : [22, 92]
    ignored  : [4, 6, 8, 10, 16, 19, 20, 21, 25, 26, 27, 33, 38, 39, 40, 42, 43, 46, 47, 49, 50, 53, 54, 59, 60, 64, 65, 69, 70, 74, 75, 76, 79, 80, 82, 84, 87, 88, 99, 100, 101, 103, 104, 105, 111, 126, 132, 134, 136, 143, 145, 155, 157, 158, 168, 171, 174, 176, 181, 184, 186, 191, 196, 197, 204, 206, 208, 210, 211, 216, 224, 228, 235, 236, 240, 254, 257, 260, 262, 264, 273, 276, 280, 286, 288, 291]
    never saw: [1, 3, 5, 7, 9, 11, 12, 13, 14, 15, 17, 18, 23, 24, 28, 29, 30, 31, 32, 34, 35, 36, 37, 41, 44, 45, 48, 51, 52, 55, 56, 57, 58, 61, 62, 63, 66, 67, 68, 71, 72, 73, 77, 78, 81, 83, 85, 86, 89, 90, 91, 93, 94, 95, 96, 97, 98, 102, 106, 107, 108, 109, 110, 112, 114, 115, 116, 117, 118, 119, 120, 121, 122, 123, 124, 125, 127, 128, 129, 130, 131, 133, 135, 137, 138, 139, 140, 141, 142, 144, 146, 147, 148, 149, 150, 151, 152, 153, 154, 156, 159, 160, 161, 162, 164, 165, 166, 167, 169, 170, 172, 173, 175, 177, 178, 179, 180, 183, 185, 187, 188, 189, 190, 192, 193, 194, 195, 198, 199, 200, 201, 202, 203, 205, 207, 209, 212, 213, 214, 215, 217, 219, 220, 221, 222, 223, 225, 226, 227, 229, 230, 232, 233, 234, 237, 238, 239, 241, 242, 243, 244, 245, 247, 248, 249, 250, 251, 252, 253, 255, 256, 258, 259, 261, 263, 265, 266, 267, 268, 269, 270, 271, 272, 274, 275, 277, 278, 279, 281, 282, 283, 284, 285, 287, 289, 290, 292, 293, 294, 297, 298, 299, 300, 301, 302, 303, 304, 305, 306, 307, 308, 309, 310, 311, 312]
  engagement rate (acted / seen): 0.023
  follows [19] | followed by []
  exposure to others: agent 19 x56, agent 7 x32, agent 27 x7, agent 31 x7, agent 33 x5, agent 0 x5, agent 20 x4, agent 8 x4, agent 13 x4, agent 35 x4, agent 25 x3, agent 26 x3, agent 18 x3, agent 2 x3, agent 5 x2, agent 9 x2, agent 15 x2, agent 23 x2, agent 4 x2, agent 16 x2, agent 17 x2, agent 1 x2, agent 28 x2, agent 30 x2, agent 21 x1, agent 32 x1, agent 12 x1, agent 14 x1, agent 24 x1, agent 10 x1, agent 34 x1, agent 11 x1
  acted on others: {'21': {'create_comment': 1}, '19': {'follow': 1}, '7': {'create_comment': 1}}

[agent 4] @Jake Thompson
  bio: Exploring the intersections of agriculture, economics, and business 🌾💼 | ISTJ | 23 |  #A
  actions (12): {'create_post': 12}
  authored 12 posts: [5, 39, 66, 90, 115, 141, 164, 186, 249, 266, 281, 297]
  saw 118 distinct posts across 168 exposure events (by source: {'discovery': 168})
    acted on : []
    ignored  : [1, 6, 7, 8, 10, 12, 14, 18, 22, 25, 26, 27, 37, 38, 42, 43, 44, 45, 46, 50, 52, 53, 54, 56, 63, 64, 65, 71, 72, 73, 78, 79, 83, 84, 85, 87, 94, 96, 98, 99, 100, 101, 102, 103, 104, 106, 108, 111, 112, 116, 118, 119, 120, 123, 126, 128, 129, 130, 135, 139, 140, 143, 146, 147, 148, 152, 154, 166, 169, 170, 171, 172, 181, 185, 191, 194, 196, 197, 204, 205, 206, 207, 215, 221, 228, 235, 236, 239, 244, 246, 248, 254, 255, 257, 258, 262, 264, 265, 267, 269, 270, 271, 272, 273, 274, 276, 277, 282, 283, 284, 285, 286, 287, 288, 289, 290, 293, 294]
    never saw: [2, 3, 4, 9, 11, 13, 15, 16, 17, 19, 20, 21, 23, 24, 28, 29, 30, 31, 32, 33, 34, 35, 36, 40, 41, 47, 48, 49, 51, 55, 57, 58, 59, 60, 61, 62, 67, 68, 69, 70, 74, 75, 76, 77, 80, 81, 82, 86, 88, 89, 91, 92, 93, 95, 97, 105, 107, 109, 110, 113, 114, 117, 121, 122, 124, 125, 127, 131, 132, 133, 134, 136, 137, 138, 142, 144, 145, 149, 150, 151, 153, 155, 156, 157, 158, 159, 160, 161, 162, 163, 165, 167, 168, 173, 174, 175, 176, 177, 178, 179, 180, 182, 183, 184, 187, 188, 189, 190, 192, 193, 195, 198, 199, 200, 201, 202, 203, 208, 209, 210, 211, 212, 213, 214, 216, 217, 218, 219, 220, 222, 223, 224, 225, 226, 227, 229, 230, 231, 232, 233, 234, 237, 238, 240, 241, 242, 243, 245, 247, 250, 251, 252, 253, 256, 259, 260, 261, 263, 268, 275, 278, 279, 280, 291, 292, 295, 296, 298, 299, 300, 301, 302, 303, 304, 305, 306, 307, 308, 309, 310, 311, 312]
  engagement rate (acted / seen): 0.0
  follows [] | followed by []
  exposure to others: agent 1 x16, agent 18 x11, agent 23 x10, agent 9 x9, agent 13 x7, agent 11 x7, agent 14 x7, agent 19 x7, agent 25 x6, agent 5 x6, agent 17 x5, agent 21 x5, agent 12 x5, agent 2 x5, agent 32 x5, agent 10 x5, agent 8 x5, agent 15 x4, agent 34 x4, agent 22 x4, agent 27 x3, agent 26 x3, agent 7 x3, agent 6 x3, agent 29 x3, agent 0 x3, agent 24 x3, agent 35 x3, agent 31 x3, agent 33 x2, agent 16 x2, agent 20 x2, agent 3 x1, agent 30 x1
  acted on by    : {'10': {'create_comment': 1}}

[agent 5] @Simon Walker
  bio: Passionate about economics and business. Let's explore the world of transportation and l
  actions (15): {'create_post': 7, 'like_post': 4, 'follow': 2, 'like_comment': 1, 'create_comment': 1}
  authored 7 posts: [6, 40, 67, 205, 233, 234, 267]
  saw 98 distinct posts across 168 exposure events (by source: {'discovery': 94, 'network': 50, 'fof': 24})
    acted on : [82, 139, 185, 204, 210]
    ignored  : [1, 4, 5, 8, 9, 10, 12, 22, 26, 28, 32, 33, 36, 37, 38, 39, 42, 43, 44, 45, 48, 49, 50, 56, 63, 65, 68, 69, 72, 73, 74, 79, 80, 85, 87, 88, 89, 99, 101, 102, 103, 104, 105, 106, 108, 110, 111, 112, 114, 116, 120, 122, 123, 126, 129, 134, 138, 141, 143, 145, 148, 152, 154, 158, 160, 163, 175, 176, 178, 179, 182, 189, 192, 194, 196, 199, 201, 207, 212, 221, 224, 236, 239, 241, 252, 257, 262, 269, 270, 273, 276, 280, 285]
    never saw: [2, 3, 7, 11, 13, 14, 15, 16, 17, 18, 19, 20, 21, 23, 24, 25, 27, 29, 30, 31, 34, 35, 41, 46, 47, 51, 52, 53, 54, 55, 57, 58, 59, 60, 61, 62, 64, 66, 70, 71, 75, 76, 77, 78, 81, 83, 84, 86, 90, 91, 92, 93, 94, 95, 96, 97, 98, 100, 107, 109, 113, 115, 117, 118, 119, 121, 124, 125, 127, 128, 130, 131, 132, 133, 135, 136, 137, 140, 142, 144, 146, 147, 149, 150, 151, 153, 155, 156, 157, 159, 161, 162, 164, 165, 166, 167, 168, 169, 170, 171, 172, 173, 174, 177, 180, 181, 183, 184, 186, 187, 188, 190, 191, 193, 195, 197, 198, 200, 202, 203, 206, 208, 209, 211, 213, 214, 215, 216, 217, 218, 219, 220, 222, 223, 225, 226, 227, 228, 229, 230, 231, 232, 235, 237, 238, 240, 242, 243, 244, 245, 246, 247, 248, 249, 250, 251, 253, 254, 255, 256, 258, 259, 260, 261, 263, 264, 265, 266, 268, 271, 272, 274, 275, 277, 278, 279, 281, 282, 283, 284, 286, 287, 288, 289, 290, 291, 292, 293, 294, 295, 296, 297, 298, 299, 300, 301, 302, 303, 304, 305, 306, 307, 308, 309, 310, 311, 312]
  engagement rate (acted / seen): 0.051
  follows [1, 28] | followed by []
  exposure to others: agent 1 x45, agent 23 x25, agent 28 x13, agent 9 x6, agent 0 x6, agent 13 x6, agent 31 x6, agent 7 x4, agent 32 x4, agent 14 x4, agent 12 x4, agent 4 x3, agent 11 x3, agent 2 x3, agent 19 x3, agent 17 x3, agent 25 x3, agent 27 x3, agent 34 x3, agent 33 x2, agent 29 x2, agent 6 x2, agent 18 x2, agent 16 x2, agent 3 x2, agent 35 x2, agent 21 x1, agent 26 x1, agent 8 x1, agent 24 x1, agent 30 x1, agent 20 x1, agent 10 x1
  acted on others: {'31': {'like_post': 1}, '1': {'follow': 1, 'like_post': 3, 'create_comment': 1}, '16': {'like_comment': 1}, '28': {'follow': 1}}
  acted on by    : {'13': {'like_post': 1}, '33': {'create_comment': 1, 'like_post': 1}}

[agent 6] @Emily Carter
  bio: Exploring the world through economics and business. Human services professional with a c
  actions (10): {'create_post': 10}
  authored 10 posts: [7, 41, 68, 91, 116, 142, 165, 187, 282, 298]
  saw 125 distinct posts across 168 exposure events (by source: {'discovery': 168})
    acted on : []
    ignored  : [1, 4, 8, 10, 14, 17, 18, 21, 22, 25, 26, 28, 36, 42, 43, 44, 45, 48, 50, 52, 53, 55, 56, 63, 65, 72, 73, 74, 75, 78, 79, 82, 85, 87, 92, 94, 96, 99, 101, 102, 103, 104, 108, 110, 111, 115, 119, 120, 123, 125, 126, 128, 129, 130, 135, 136, 137, 138, 139, 140, 143, 144, 145, 146, 148, 150, 154, 158, 159, 161, 162, 164, 166, 167, 169, 170, 171, 172, 173, 178, 179, 180, 181, 185, 186, 189, 191, 194, 196, 202, 204, 205, 207, 209, 221, 227, 228, 236, 237, 239, 240, 244, 247, 251, 254, 255, 257, 258, 262, 264, 265, 267, 275, 276, 278, 279, 280, 281, 284, 285, 286, 288, 289, 290, 294]
    never saw: [2, 3, 5, 6, 9, 11, 12, 13, 15, 16, 19, 20, 23, 24, 27, 29, 30, 31, 32, 33, 34, 35, 37, 38, 39, 40, 46, 47, 49, 51, 54, 57, 58, 59, 60, 61, 62, 64, 66, 67, 69, 70, 71, 76, 77, 80, 81, 83, 84, 86, 88, 89, 90, 93, 95, 97, 98, 100, 105, 106, 107, 109, 112, 113, 114, 117, 118, 121, 122, 124, 127, 131, 132, 133, 134, 141, 147, 149, 151, 152, 153, 155, 156, 157, 160, 163, 168, 174, 175, 176, 177, 182, 183, 184, 188, 190, 192, 193, 195, 197, 198, 199, 200, 201, 203, 206, 208, 210, 211, 212, 213, 214, 215, 216, 217, 218, 219, 220, 222, 223, 224, 225, 226, 229, 230, 231, 232, 233, 234, 235, 238, 241, 242, 243, 245, 246, 248, 249, 250, 252, 253, 256, 259, 260, 261, 263, 266, 268, 269, 270, 271, 272, 273, 274, 277, 283, 287, 291, 292, 293, 295, 296, 297, 299, 300, 301, 302, 303, 304, 305, 306, 307, 308, 309, 310, 311, 312]
  engagement rate (acted / seen): 0.0
  follows [] | followed by []
  exposure to others: agent 1 x12, agent 9 x12, agent 0 x9, agent 17 x9, agent 18 x9, agent 23 x8, agent 25 x7, agent 13 x7, agent 14 x7, agent 34 x7, agent 31 x6, agent 4 x6, agent 21 x5, agent 12 x5, agent 19 x5, agent 32 x5, agent 33 x5, agent 35 x5, agent 5 x5, agent 7 x4, agent 20 x3, agent 29 x3, agent 24 x3, agent 10 x3, agent 8 x3, agent 26 x2, agent 16 x2, agent 28 x2, agent 22 x2, agent 11 x2, agent 2 x2, agent 27 x2, agent 15 x1

[agent 7] @Aria Thompson
  bio: Passionate about promoting social welfare and advocating for change. Lover of culture, s
  actions (7): {'create_post': 5, 'follow': 1, 'create_comment': 1}
  authored 5 posts: [8, 42, 69, 92, 143]
  saw 81 distinct posts across 168 exposure events (by source: {'discovery': 91, 'network': 50, 'fof': 27})
    acted on : [151]
    ignored  : [4, 6, 7, 10, 17, 18, 22, 23, 25, 26, 29, 32, 36, 37, 43, 45, 46, 48, 50, 52, 53, 55, 56, 61, 65, 72, 73, 74, 75, 78, 79, 82, 85, 89, 94, 99, 101, 102, 104, 106, 108, 110, 111, 120, 125, 128, 129, 135, 137, 139, 146, 162, 164, 170, 171, 173, 175, 185, 191, 194, 196, 198, 204, 207, 212, 221, 226, 228, 239, 256, 258, 263, 264, 271, 278, 279, 280, 286, 290, 291]
    never saw: [1, 2, 3, 5, 9, 11, 12, 13, 14, 15, 16, 19, 20, 21, 24, 27, 28, 30, 31, 33, 34, 35, 38, 39, 40, 41, 44, 47, 49, 51, 54, 57, 58, 59, 60, 62, 63, 64, 66, 67, 68, 70, 71, 76, 77, 80, 81, 83, 84, 86, 87, 88, 90, 91, 93, 95, 96, 97, 98, 100, 103, 105, 107, 109, 112, 113, 114, 115, 116, 117, 118, 119, 121, 122, 123, 124, 126, 127, 130, 131, 132, 133, 134, 136, 138, 140, 141, 142, 144, 145, 147, 148, 149, 150, 152, 153, 154, 155, 156, 157, 158, 159, 160, 161, 163, 165, 166, 167, 168, 169, 172, 174, 176, 177, 178, 179, 180, 181, 182, 183, 184, 186, 187, 188, 189, 190, 192, 193, 195, 197, 199, 200, 201, 202, 203, 205, 206, 208, 209, 210, 211, 213, 214, 215, 216, 217, 218, 219, 220, 222, 223, 224, 225, 227, 229, 230, 231, 232, 233, 234, 235, 236, 237, 238, 240, 241, 242, 243, 244, 245, 246, 247, 248, 249, 250, 251, 252, 253, 254, 255, 257, 259, 260, 261, 262, 265, 266, 267, 268, 269, 270, 272, 273, 274, 275, 276, 277, 281, 282, 283, 284, 285, 287, 288, 289, 292, 293, 294, 295, 296, 297, 298, 299, 300, 301, 302, 303, 304, 305, 306, 307, 308, 309, 310, 311, 312]
  engagement rate (acted / seen): 0.012
  follows [17] | followed by [17, 19]
  exposure to others: agent 17 x54, agent 22 x28, agent 23 x7, agent 1 x7, agent 9 x6, agent 0 x5, agent 25 x5, agent 29 x5, agent 32 x4, agent 14 x4, agent 34 x4, agent 33 x4, agent 15 x3, agent 12 x3, agent 28 x3, agent 13 x3, agent 19 x3, agent 26 x2, agent 31 x2, agent 24 x2, agent 11 x2, agent 18 x2, agent 35 x2, agent 21 x1, agent 5 x1, agent 6 x1, agent 16 x1, agent 10 x1, agent 27 x1, agent 2 x1, agent 4 x1
  acted on others: {'17': {'follow': 1}, '22': {'create_comment': 1}}
  acted on by    : {'20': {'create_comment': 2}, '19': {'follow': 1, 'like_post': 1, 'create_comment': 1}, '29': {'create_comment': 1}, '3': {'create_comment': 1}, '17': {'follow': 1}}

[agent 8] @Henry Farmer
  bio: Agriculture enthusiast | Exploring the intersection of culture, society, and business | 
  actions (17): {'create_post': 13, 'follow': 2, 'create_comment': 1, 'quote_post': 1}
  authored 14 posts: [9, 70, 93, 117, 166, 188, 206, 220, 235, 250, 268, 283, 284, 299]
  saw 103 distinct posts across 168 exposure events (by source: {'discovery': 100, 'network': 35, 'fof': 33})
    acted on : [53, 71]
    ignored  : [4, 5, 6, 7, 8, 10, 11, 22, 23, 25, 26, 33, 37, 42, 43, 45, 46, 50, 52, 57, 63, 64, 65, 72, 74, 75, 79, 82, 83, 85, 90, 94, 98, 99, 101, 102, 103, 106, 114, 115, 116, 119, 120, 126, 129, 130, 140, 147, 148, 152, 158, 161, 162, 164, 168, 169, 170, 172, 178, 179, 181, 183, 191, 194, 196, 197, 201, 204, 205, 213, 215, 216, 217, 218, 222, 224, 227, 229, 231, 232, 236, 237, 238, 241, 243, 244, 248, 249, 251, 254, 260, 263, 271, 272, 273, 274, 275, 277, 280, 285, 289]
    never saw: [1, 2, 3, 12, 13, 14, 15, 16, 17, 18, 19, 20, 21, 24, 27, 28, 29, 30, 31, 32, 34, 35, 36, 38, 39, 40, 41, 44, 47, 48, 49, 51, 54, 55, 56, 58, 59, 60, 61, 62, 66, 67, 68, 69, 73, 76, 77, 78, 80, 81, 84, 86, 87, 88, 89, 91, 92, 95, 96, 97, 100, 104, 105, 107, 108, 109, 110, 111, 112, 113, 118, 121, 122, 123, 124, 125, 127, 128, 131, 132, 133, 134, 135, 136, 137, 138, 139, 141, 142, 143, 144, 145, 146, 149, 150, 151, 153, 154, 155, 156, 157, 159, 160, 163, 165, 167, 171, 173, 174, 175, 176, 177, 180, 182, 184, 185, 186, 187, 189, 190, 192, 193, 195, 198, 199, 200, 202, 203, 207, 208, 209, 210, 211, 212, 214, 219, 221, 223, 225, 226, 228, 230, 233, 234, 239, 240, 242, 245, 246, 247, 252, 253, 255, 256, 257, 258, 259, 261, 262, 264, 265, 266, 267, 269, 270, 276, 278, 279, 281, 282, 286, 287, 288, 290, 291, 292, 293, 294, 295, 296, 297, 298, 300, 301, 302, 303, 304, 305, 306, 307, 308, 309, 310, 311, 312]
  engagement rate (acted / seen): 0.019
  follows [10, 26] | followed by [10, 12]
  exposure to others: agent 10 x35, agent 26 x32, agent 32 x8, agent 23 x6, agent 0 x5, agent 4 x5, agent 2 x5, agent 25 x4, agent 15 x4, agent 1 x4, agent 12 x4, agent 31 x4, agent 34 x4, agent 18 x4, agent 28 x4, agent 21 x3, agent 6 x3, agent 14 x3, agent 30 x3, agent 16 x3, agent 13 x3, agent 9 x2, agent 7 x2, agent 5 x2, agent 33 x2, agent 17 x2, agent 19 x2, agent 24 x2, agent 35 x2, agent 3 x2, agent 22 x1, agent 29 x1, agent 11 x1, agent 20 x1
  acted on others: {'26': {'follow': 1, 'quote_post': 1}, '10': {'create_comment': 1, 'follow': 1}}
  acted on by    : {'10': {'follow': 1, 'like_post': 2, 'create_comment': 1}, '12': {'follow': 1}}

[agent 9] @Ethan Grayson
  bio: Curious mind exploring the intersection of STEM and society 🌌 | INFP | Tech enthusiast |
  actions (10): {'create_post': 8, 'create_comment': 1, 'follow': 1}
  authored 8 posts: [10, 118, 144, 167, 189, 207, 221, 236]
  saw 88 distinct posts across 168 exposure events (by source: {'discovery': 111, 'network': 57})
    acted on : [19]
    ignored  : [1, 3, 6, 8, 9, 11, 15, 18, 22, 25, 26, 33, 36, 37, 40, 42, 43, 45, 46, 50, 52, 56, 57, 60, 65, 69, 72, 74, 78, 79, 82, 83, 84, 85, 87, 92, 97, 101, 104, 106, 108, 110, 120, 123, 125, 128, 129, 132, 135, 139, 142, 146, 152, 154, 157, 160, 164, 169, 170, 171, 172, 175, 185, 192, 194, 196, 200, 204, 205, 209, 212, 215, 230, 232, 239, 241, 253, 257, 258, 262, 264, 268, 278, 279, 280, 287, 291]
    never saw: [2, 4, 5, 7, 12, 13, 14, 16, 17, 20, 21, 23, 24, 27, 28, 29, 30, 31, 32, 34, 35, 38, 39, 41, 44, 47, 48, 49, 51, 53, 54, 55, 58, 59, 61, 62, 63, 64, 66, 67, 68, 70, 71, 73, 75, 76, 77, 80, 81, 86, 88, 89, 90, 91, 93, 94, 95, 96, 98, 99, 100, 102, 103, 105, 107, 109, 111, 112, 113, 114, 115, 116, 117, 119, 121, 122, 124, 126, 127, 130, 131, 133, 134, 136, 137, 138, 140, 141, 143, 145, 147, 148, 149, 150, 151, 153, 155, 156, 158, 159, 161, 162, 163, 165, 166, 168, 173, 174, 176, 177, 178, 179, 180, 181, 182, 183, 184, 186, 187, 188, 190, 191, 193, 195, 197, 198, 199, 201, 202, 203, 206, 208, 210, 211, 213, 214, 216, 217, 218, 219, 220, 222, 223, 224, 225, 226, 227, 228, 229, 231, 233, 234, 235, 237, 238, 240, 242, 243, 244, 245, 246, 247, 248, 249, 250, 251, 252, 254, 255, 256, 259, 260, 261, 263, 265, 266, 267, 269, 270, 271, 272, 273, 274, 275, 276, 277, 281, 282, 283, 284, 285, 286, 288, 289, 290, 292, 293, 294, 295, 296, 297, 298, 299, 300, 301, 302, 303, 304, 305, 306, 307, 308, 309, 310, 311, 312]
  engagement rate (acted / seen): 0.011
  follows [14] | followed by []
  exposure to others: agent 14 x58, agent 1 x12, agent 18 x9, agent 33 x7, agent 25 x6, agent 35 x6, agent 23 x5, agent 29 x5, agent 19 x5, agent 17 x4, agent 7 x4, agent 5 x4, agent 12 x4, agent 32 x4, agent 28 x4, agent 21 x3, agent 30 x3, agent 0 x3, agent 34 x3, agent 31 x3, agent 11 x3, agent 8 x2, agent 15 x2, agent 22 x2, agent 2 x1, agent 26 x1, agent 10 x1, agent 24 x1, agent 6 x1, agent 4 x1, agent 27 x1
  acted on others: {'18': {'create_comment': 1}, '14': {'follow': 1}}
  acted on by    : {'29': {'create_comment': 1}}

[agent 10] @Sophia Nguyen
  bio: Curious mind exploring the intersections of technology and society 🌟 Human Services enth
  actions (30): {'create_post': 7, 'follow': 5, 'create_comment': 9, 'like_post': 7, 'like_comment': 2}
  authored 7 posts: [11, 71, 94, 119, 168, 222, 285]
  saw 119 distinct posts across 168 exposure events (by source: {'discovery': 110, 'network': 43, 'fof': 15})
    acted on : [53, 185, 196, 204, 210, 212, 235, 238, 241, 250, 265, 266, 268, 275, 280]
    ignored  : [1, 2, 7, 8, 10, 18, 22, 25, 26, 32, 33, 34, 37, 39, 42, 45, 46, 50, 52, 56, 57, 63, 64, 65, 68, 70, 72, 74, 79, 80, 85, 87, 88, 92, 99, 101, 102, 103, 106, 107, 108, 114, 115, 116, 117, 120, 123, 126, 129, 132, 135, 140, 143, 145, 147, 148, 152, 153, 154, 155, 158, 159, 161, 162, 166, 173, 178, 179, 180, 181, 183, 184, 186, 187, 188, 191, 192, 197, 199, 201, 202, 206, 208, 211, 213, 214, 215, 218, 220, 224, 228, 229, 236, 244, 245, 253, 257, 258, 262, 279, 283, 284, 290, 291]
    never saw: [3, 4, 5, 6, 9, 12, 13, 14, 15, 16, 17, 19, 20, 21, 23, 24, 27, 28, 29, 30, 31, 35, 36, 38, 40, 41, 43, 44, 47, 48, 49, 51, 54, 55, 58, 59, 60, 61, 62, 66, 67, 69, 73, 75, 76, 77, 78, 81, 82, 83, 84, 86, 89, 90, 91, 93, 95, 96, 97, 98, 100, 104, 105, 109, 110, 111, 112, 113, 118, 121, 122, 124, 125, 127, 128, 130, 131, 133, 134, 136, 137, 138, 139, 141, 142, 144, 146, 149, 150, 151, 156, 157, 160, 163, 164, 165, 167, 169, 170, 171, 172, 174, 175, 176, 177, 182, 189, 190, 193, 194, 195, 198, 200, 203, 205, 207, 209, 216, 217, 219, 221, 223, 225, 226, 227, 230, 231, 232, 233, 234, 237, 239, 240, 242, 243, 246, 247, 248, 249, 251, 252, 254, 255, 256, 259, 260, 261, 263, 264, 267, 269, 270, 271, 272, 273, 274, 276, 277, 278, 281, 282, 286, 287, 288, 289, 292, 293, 294, 295, 296, 297, 298, 299, 300, 301, 302, 303, 304, 305, 306, 307, 308, 309, 310, 311, 312]
  engagement rate (acted / seen): 0.126
  follows [1, 8, 16, 26, 28] | followed by [8, 26]
  exposure to others: agent 26 x20, agent 8 x17, agent 1 x13, agent 28 x12, agent 23 x11, agent 32 x7, agent 34 x6, agent 16 x6, agent 25 x5, agent 4 x5, agent 2 x5, agent 31 x5, agent 7 x4, agent 33 x4, agent 6 x4, agent 14 x4, agent 0 x4, agent 35 x4, agent 17 x3, agent 30 x3, agent 15 x3, agent 29 x3, agent 27 x3, agent 13 x3, agent 9 x2, agent 3 x2, agent 19 x2, agent 24 x2, agent 21 x1, agent 12 x1, agent 18 x1, agent 11 x1, agent 22 x1, agent 20 x1
  acted on others: {'26': {'follow': 1, 'create_comment': 2}, '16': {'follow': 1, 'create_comment': 2}, '28': {'like_post': 2, 'follow': 1}, '8': {'follow': 1, 'like_post': 2, 'create_comment': 1}, '1': {'create_comment': 2, 'follow': 1}, '23': {'like_post': 1}, '35': {'like_post': 1}, '4': {'create_comment': 1}, '0': {'like_post': 1}, '31': {'create_comment': 1}}
  acted on by    : {'26': {'follow': 1, 'like_post': 1, 'create_comment': 1}, '8': {'create_comment': 1, 'follow': 1}, '2': {'like_post': 1, 'create_comment': 1}}

[agent 11] @Samuel Reynolds
  bio: Passionate about marketing and technology. Learning and growing every day. 🚀
  actions (11): {'create_post': 6, 'create_comment': 4, 'follow': 1}
  authored 6 posts: [12, 95, 120, 269, 286, 300]
  saw 97 distinct posts across 168 exposure events (by source: {'discovery': 103, 'network': 38, 'fof': 27})
    acted on : [3, 22, 146]
    ignored  : [2, 4, 5, 6, 8, 9, 16, 23, 25, 26, 32, 38, 39, 43, 46, 49, 50, 53, 54, 56, 58, 59, 64, 65, 68, 70, 72, 76, 78, 80, 81, 82, 84, 85, 87, 92, 94, 96, 97, 99, 101, 102, 103, 104, 105, 106, 108, 115, 116, 119, 123, 125, 126, 128, 129, 135, 137, 139, 142, 147, 151, 152, 157, 164, 166, 169, 170, 171, 172, 173, 177, 178, 184, 185, 192, 194, 202, 204, 207, 209, 220, 221, 239, 240, 255, 256, 258, 264, 267, 270, 274, 282, 285, 290]
    never saw: [1, 7, 10, 11, 13, 14, 15, 17, 18, 19, 20, 21, 24, 27, 28, 29, 30, 31, 33, 34, 35, 36, 37, 40, 41, 42, 44, 45, 47, 48, 51, 52, 55, 57, 60, 61, 62, 63, 66, 67, 69, 71, 73, 74, 75, 77, 79, 83, 86, 88, 89, 90, 91, 93, 98, 100, 107, 109, 110, 111, 112, 113, 114, 117, 118, 121, 122, 124, 127, 130, 131, 132, 133, 134, 136, 138, 140, 141, 143, 144, 145, 148, 149, 150, 153, 154, 155, 156, 158, 159, 160, 161, 162, 163, 165, 167, 168, 174, 175, 176, 179, 180, 181, 182, 183, 186, 187, 188, 189, 190, 191, 193, 195, 196, 197, 198, 199, 200, 201, 203, 205, 206, 208, 210, 211, 212, 213, 214, 215, 216, 217, 218, 219, 222, 223, 224, 225, 226, 227, 228, 229, 230, 231, 232, 233, 234, 235, 236, 237, 238, 241, 242, 243, 244, 245, 246, 247, 248, 249, 250, 251, 252, 253, 254, 257, 259, 260, 261, 262, 263, 265, 266, 268, 271, 272, 273, 275, 276, 277, 278, 279, 280, 281, 283, 284, 287, 288, 289, 291, 292, 293, 294, 295, 296, 297, 298, 299, 301, 302, 303, 304, 305, 306, 307, 308, 309, 310, 311, 312]
  engagement rate (acted / seen): 0.031
  follows [22] | followed by []
  exposure to others: agent 22 x39, agent 14 x28, agent 1 x8, agent 23 x6, agent 32 x5, agent 8 x5, agent 19 x5, agent 17 x5, agent 9 x5, agent 2 x4, agent 4 x4, agent 6 x4, agent 18 x4, agent 21 x3, agent 15 x3, agent 0 x3, agent 31 x3, agent 27 x3, agent 12 x3, agent 29 x3, agent 30 x3, agent 34 x3, agent 10 x3, agent 7 x2, agent 26 x2, agent 25 x2, agent 5 x2, agent 24 x2, agent 20 x2, agent 3 x1, agent 33 x1, agent 13 x1, agent 35 x1
  acted on others: {'21': {'create_comment': 1}, '2': {'create_comment': 1}, '22': {'follow': 1}, '14': {'create_comment': 2}}

[agent 12] @Oliver Wang
  bio: Health Science enthusiast | Keeping up with the latest news | Fun is my middle name 🎉
  actions (15): {'create_post': 10, 'follow': 2, 'like_post': 1, 'create_comment': 1, 'like_comment': 1}
  authored 10 posts: [13, 43, 72, 121, 190, 237, 251, 270, 287, 301]
  saw 112 distinct posts across 168 exposure events (by source: {'discovery': 114, 'network': 54})
    acted on : [123]
    ignored  : [1, 2, 3, 4, 5, 7, 8, 10, 15, 18, 22, 25, 26, 37, 39, 42, 45, 46, 47, 50, 52, 53, 56, 57, 65, 68, 70, 71, 74, 75, 79, 82, 83, 84, 85, 94, 96, 97, 99, 101, 102, 103, 106, 108, 112, 119, 120, 122, 129, 131, 133, 140, 142, 144, 146, 147, 154, 155, 156, 160, 162, 166, 169, 173, 174, 177, 179, 182, 183, 184, 186, 188, 192, 197, 201, 206, 209, 210, 211, 213, 215, 218, 220, 222, 224, 228, 231, 235, 236, 239, 240, 241, 243, 246, 252, 254, 255, 257, 262, 263, 265, 267, 273, 274, 276, 283, 284, 285, 286, 289, 294]
    never saw: [6, 9, 11, 12, 14, 16, 17, 19, 20, 21, 23, 24, 27, 28, 29, 30, 31, 32, 33, 34, 35, 36, 38, 40, 41, 44, 48, 49, 51, 54, 55, 58, 59, 60, 61, 62, 63, 64, 66, 67, 69, 73, 76, 77, 78, 80, 81, 86, 87, 88, 89, 90, 91, 92, 93, 95, 98, 100, 104, 105, 107, 109, 110, 111, 113, 114, 115, 116, 117, 118, 124, 125, 126, 127, 128, 130, 132, 134, 135, 136, 137, 138, 139, 141, 143, 145, 148, 149, 150, 151, 152, 153, 157, 158, 159, 161, 163, 164, 165, 167, 168, 170, 171, 172, 175, 176, 178, 180, 181, 185, 187, 189, 191, 193, 194, 195, 196, 198, 199, 200, 202, 203, 204, 205, 207, 208, 212, 214, 216, 217, 219, 221, 223, 225, 226, 227, 229, 230, 232, 233, 234, 238, 242, 244, 245, 247, 248, 249, 250, 253, 256, 258, 259, 260, 261, 264, 266, 268, 269, 271, 272, 275, 277, 278, 279, 280, 281, 282, 288, 290, 291, 292, 293, 295, 296, 297, 298, 299, 300, 302, 303, 304, 305, 306, 307, 308, 309, 310, 311, 312]
  engagement rate (acted / seen): 0.009
  follows [8, 14] | followed by [13, 32, 35]
  exposure to others: agent 14 x56, agent 8 x10, agent 2 x6, agent 3 x6, agent 30 x6, agent 32 x6, agent 0 x5, agent 10 x5, agent 17 x4, agent 9 x4, agent 25 x4, agent 4 x4, agent 31 x4, agent 27 x4, agent 20 x4, agent 26 x3, agent 6 x3, agent 15 x3, agent 23 x3, agent 34 x3, agent 33 x3, agent 13 x3, agent 28 x3, agent 7 x2, agent 1 x2, agent 16 x2, agent 29 x2, agent 19 x2, agent 11 x2, agent 21 x1, agent 24 x1, agent 22 x1, agent 5 x1
  acted on others: {'14': {'follow': 1, 'like_post': 1, 'create_comment': 1, 'like_comment': 1}, '8': {'follow': 1}}
  acted on by    : {'35': {'follow': 1}, '13': {'follow': 1}, '32': {'follow': 1}}

[agent 13] @Maxwell Armstrong
  bio: Architect & Construction Enthusiast | Passionate about Economics & Business | ESTJ | Let
  actions (17): {'create_post': 11, 'follow': 3, 'like_post': 2, 'create_comment': 1}
  authored 11 posts: [14, 44, 73, 96, 122, 145, 191, 208, 252, 271, 288]
  saw 104 distinct posts across 168 exposure events (by source: {'discovery': 104, 'network': 40, 'fof': 24})
    acted on : [196, 205, 211]
    ignored  : [1, 2, 3, 4, 6, 8, 10, 22, 27, 28, 30, 33, 37, 38, 40, 42, 45, 46, 47, 49, 50, 53, 55, 56, 63, 64, 65, 68, 69, 72, 74, 75, 79, 80, 82, 83, 85, 87, 92, 97, 99, 102, 103, 104, 105, 106, 108, 110, 111, 114, 115, 116, 118, 119, 120, 125, 126, 128, 129, 134, 135, 139, 140, 142, 143, 146, 147, 152, 160, 162, 170, 171, 172, 180, 183, 184, 185, 192, 194, 204, 209, 212, 221, 223, 228, 239, 240, 241, 248, 251, 255, 257, 258, 262, 270, 273, 278, 279, 280, 287, 291]
    never saw: [5, 7, 9, 11, 12, 13, 15, 16, 17, 18, 19, 20, 21, 23, 24, 25, 26, 29, 31, 32, 34, 35, 36, 39, 41, 43, 48, 51, 52, 54, 57, 58, 59, 60, 61, 62, 66, 67, 70, 71, 76, 77, 78, 81, 84, 86, 88, 89, 90, 91, 93, 94, 95, 98, 100, 101, 107, 109, 112, 113, 117, 121, 123, 124, 127, 130, 131, 132, 133, 136, 137, 138, 141, 144, 148, 149, 150, 151, 153, 154, 155, 156, 157, 158, 159, 161, 163, 164, 165, 166, 167, 168, 169, 173, 174, 175, 176, 177, 178, 179, 181, 182, 186, 187, 188, 189, 190, 193, 195, 197, 198, 199, 200, 201, 202, 203, 206, 207, 210, 213, 214, 215, 216, 217, 218, 219, 220, 222, 224, 225, 226, 227, 229, 230, 231, 232, 233, 234, 235, 236, 237, 238, 242, 243, 244, 245, 246, 247, 249, 250, 253, 254, 256, 259, 260, 261, 263, 264, 265, 266, 267, 268, 269, 272, 274, 275, 276, 277, 281, 282, 283, 284, 285, 286, 289, 290, 292, 293, 294, 295, 296, 297, 298, 299, 300, 301, 302, 303, 304, 305, 306, 307, 308, 309, 310, 311, 312]
  engagement rate (acted / seen): 0.029
  follows [1, 12, 20] | followed by []
  exposure to others: agent 1 x30, agent 23 x27, agent 20 x12, agent 2 x7, agent 14 x7, agent 0 x5, agent 33 x5, agent 5 x5, agent 7 x5, agent 12 x5, agent 28 x4, agent 27 x4, agent 19 x4, agent 29 x4, agent 34 x4, agent 17 x4, agent 18 x4, agent 9 x3, agent 21 x3, agent 25 x3, agent 31 x3, agent 32 x3, agent 6 x3, agent 15 x2, agent 22 x2, agent 11 x2, agent 3 x1, agent 30 x1, agent 26 x1, agent 16 x1, agent 24 x1, agent 4 x1, agent 10 x1, agent 35 x1
  acted on others: {'1': {'follow': 1}, '20': {'follow': 1, 'create_comment': 1}, '5': {'like_post': 1}, '23': {'like_post': 1}, '12': {'follow': 1}}

[agent 14] @Emily Hayes
  bio: Passionate about connecting people through efficient transportation and logistics. Embra
  actions (9): {'create_post': 9}
  authored 9 posts: [15, 45, 74, 97, 123, 146, 169, 192, 209]
  saw 108 distinct posts across 168 exposure events (by source: {'discovery': 168})
    acted on : []
    ignored  : [1, 6, 7, 8, 18, 20, 21, 22, 25, 26, 27, 28, 36, 37, 38, 42, 43, 44, 46, 48, 50, 52, 55, 56, 61, 63, 64, 65, 68, 72, 75, 78, 79, 82, 83, 84, 85, 87, 92, 96, 98, 99, 101, 102, 103, 104, 106, 108, 115, 119, 120, 121, 125, 128, 129, 130, 135, 139, 144, 147, 151, 152, 160, 162, 164, 166, 170, 171, 172, 173, 176, 178, 179, 181, 185, 191, 193, 194, 196, 198, 204, 205, 207, 215, 221, 228, 236, 238, 239, 240, 241, 244, 246, 248, 251, 254, 257, 258, 262, 264, 265, 269, 273, 278, 279, 280, 281, 291]
    never saw: [2, 3, 4, 5, 9, 10, 11, 12, 13, 14, 16, 17, 19, 23, 24, 29, 30, 31, 32, 33, 34, 35, 39, 40, 41, 47, 49, 51, 53, 54, 57, 58, 59, 60, 62, 66, 67, 69, 70, 71, 73, 76, 77, 80, 81, 86, 88, 89, 90, 91, 93, 94, 95, 100, 105, 107, 109, 110, 111, 112, 113, 114, 116, 117, 118, 122, 124, 126, 127, 131, 132, 133, 134, 136, 137, 138, 140, 141, 142, 143, 145, 148, 149, 150, 153, 154, 155, 156, 157, 158, 159, 161, 163, 165, 167, 168, 174, 175, 177, 180, 182, 183, 184, 186, 187, 188, 189, 190, 195, 197, 199, 200, 201, 202, 203, 206, 208, 210, 211, 212, 213, 214, 216, 217, 218, 219, 220, 222, 223, 224, 225, 226, 227, 229, 230, 231, 232, 233, 234, 235, 237, 242, 243, 245, 247, 249, 250, 252, 253, 255, 256, 259, 260, 261, 263, 266, 267, 268, 270, 271, 272, 274, 275, 276, 277, 282, 283, 284, 285, 286, 287, 288, 289, 290, 292, 293, 294, 295, 296, 297, 298, 299, 300, 301, 302, 303, 304, 305, 306, 307, 308, 309, 310, 311, 312]
  engagement rate (acted / seen): 0.0
  follows [] | followed by [9, 12, 22, 23, 31, 35]
  exposure to others: agent 1 x15, agent 23 x12, agent 17 x11, agent 19 x8, agent 9 x8, agent 18 x8, agent 33 x7, agent 29 x6, agent 32 x6, agent 4 x6, agent 35 x6, agent 27 x5, agent 5 x5, agent 22 x5, agent 11 x5, agent 21 x4, agent 25 x4, agent 12 x4, agent 34 x4, agent 2 x4, agent 0 x4, agent 31 x4, agent 28 x3, agent 20 x3, agent 7 x3, agent 13 x3, agent 24 x3, agent 16 x3, agent 6 x2, agent 15 x2, agent 26 x1, agent 10 x1, agent 8 x1, agent 30 x1, agent 3 x1
  acted on by    : {'9': {'follow': 1}, '22': {'follow': 1}, '12': {'follow': 1, 'like_post': 1, 'create_comment': 1, 'like_comment': 1}, '35': {'follow': 1, 'like_post': 1}, '18': {'create_comment': 1}, '23': {'follow': 1}, '31': {'follow': 1, 'like_comment': 1, 'quote_post': 1}, '11': {'create_comment': 2}, '17': {'like_post': 2, 'create_comment': 2}}

[agent 15] @Oliver Robinson
  bio: Exploring the world through architecture| Future designer and builder| ENTP
  actions (13): {'create_post': 7, 'follow': 1, 'create_comment': 4, 'like_post': 1}
  authored 7 posts: [16, 46, 147, 253, 272, 289, 302]
  saw 104 distinct posts across 168 exposure events (by source: {'discovery': 112, 'network': 56})
    acted on : [52, 104]
    ignored  : [1, 4, 10, 11, 12, 15, 18, 21, 22, 25, 26, 29, 30, 37, 42, 43, 45, 47, 49, 50, 53, 57, 59, 65, 70, 72, 74, 79, 82, 83, 85, 92, 94, 97, 99, 101, 102, 106, 116, 119, 120, 126, 128, 129, 134, 140, 143, 148, 154, 155, 158, 159, 160, 162, 166, 169, 179, 181, 183, 188, 189, 192, 200, 202, 206, 210, 211, 213, 214, 215, 220, 222, 223, 224, 226, 228, 229, 231, 235, 236, 240, 242, 243, 247, 248, 250, 251, 255, 256, 259, 263, 268, 274, 275, 276, 277, 281, 283, 284, 285, 286, 287]
    never saw: [2, 3, 5, 6, 7, 8, 9, 13, 14, 17, 19, 20, 23, 24, 27, 28, 31, 32, 33, 34, 35, 36, 38, 39, 40, 41, 44, 48, 51, 54, 55, 56, 58, 60, 61, 62, 63, 64, 66, 67, 68, 69, 71, 73, 75, 76, 77, 78, 80, 81, 84, 86, 87, 88, 89, 90, 91, 93, 95, 96, 98, 100, 103, 105, 107, 108, 109, 110, 111, 112, 113, 114, 115, 117, 118, 121, 122, 123, 124, 125, 127, 130, 131, 132, 133, 135, 136, 137, 138, 139, 141, 142, 144, 145, 146, 149, 150, 151, 152, 153, 156, 157, 161, 163, 164, 165, 167, 168, 170, 171, 172, 173, 174, 175, 176, 177, 178, 180, 182, 184, 185, 186, 187, 190, 191, 193, 194, 195, 196, 197, 198, 199, 201, 203, 204, 205, 207, 208, 209, 212, 216, 217, 218, 219, 221, 225, 227, 230, 232, 233, 234, 237, 238, 239, 241, 244, 245, 246, 249, 252, 254, 257, 258, 260, 261, 262, 264, 265, 266, 267, 269, 270, 271, 273, 278, 279, 280, 282, 288, 290, 291, 292, 293, 294, 295, 296, 297, 298, 299, 300, 301, 303, 304, 305, 306, 307, 308, 309, 310, 311, 312]
  engagement rate (acted / seen): 0.019
  follows [25] | followed by [25]
  exposure to others: agent 25 x58, agent 8 x12, agent 31 x9, agent 32 x8, agent 14 x7, agent 30 x7, agent 10 x6, agent 20 x5, agent 11 x4, agent 23 x4, agent 12 x4, agent 34 x4, agent 2 x4, agent 0 x3, agent 9 x3, agent 7 x3, agent 19 x3, agent 16 x3, agent 26 x2, agent 29 x2, agent 17 x2, agent 1 x2, agent 22 x2, agent 33 x2, agent 35 x2, agent 21 x1, agent 18 x1, agent 6 x1, agent 27 x1, agent 28 x1, agent 3 x1, agent 4 x1
  acted on others: {'25': {'follow': 1, 'create_comment': 4, 'like_post': 1}}
  acted on by    : {'25': {'follow': 1}}

[agent 16] @Daniel Miller
  bio: Passionate about economics and politics. Government & Public Administration enthusiast. 
  actions (11): {'create_post': 8, 'follow': 1, 'create_comment': 2}
  authored 8 posts: [17, 47, 98, 124, 148, 193, 210, 238]
  saw 87 distinct posts across 168 exposure events (by source: {'discovery': 82, 'network': 59, 'fof': 27})
    acted on : [196]
    ignored  : [1, 4, 5, 6, 7, 8, 9, 18, 26, 27, 28, 33, 37, 39, 42, 43, 44, 45, 46, 50, 52, 60, 63, 65, 68, 72, 74, 78, 79, 84, 85, 87, 90, 101, 102, 103, 104, 105, 108, 110, 114, 116, 123, 126, 127, 128, 129, 130, 135, 139, 146, 151, 152, 162, 164, 166, 170, 182, 185, 188, 192, 200, 201, 204, 206, 211, 212, 213, 222, 224, 231, 236, 240, 241, 242, 247, 248, 251, 252, 255, 271, 274, 275, 285, 286, 292]
    never saw: [2, 3, 10, 11, 12, 13, 14, 15, 16, 19, 20, 21, 22, 23, 24, 25, 29, 30, 31, 32, 34, 35, 36, 38, 40, 41, 48, 49, 51, 53, 54, 55, 56, 57, 58, 59, 61, 62, 64, 66, 67, 69, 70, 71, 73, 75, 76, 77, 80, 81, 82, 83, 86, 88, 89, 91, 92, 93, 94, 95, 96, 97, 99, 100, 106, 107, 109, 111, 112, 113, 115, 117, 118, 119, 120, 121, 122, 125, 131, 132, 133, 134, 136, 137, 138, 140, 141, 142, 143, 144, 145, 147, 149, 150, 153, 154, 155, 156, 157, 158, 159, 160, 161, 163, 165, 167, 168, 169, 171, 172, 173, 174, 175, 176, 177, 178, 179, 180, 181, 183, 184, 186, 187, 189, 190, 191, 194, 195, 197, 198, 199, 202, 203, 205, 207, 208, 209, 214, 215, 216, 217, 218, 219, 220, 221, 223, 225, 226, 227, 228, 229, 230, 232, 233, 234, 235, 237, 239, 243, 244, 245, 246, 249, 250, 253, 254, 256, 257, 258, 259, 260, 261, 262, 263, 264, 265, 266, 267, 268, 269, 270, 272, 273, 276, 277, 278, 279, 280, 281, 282, 283, 284, 287, 288, 289, 290, 291, 293, 294, 295, 296, 297, 298, 299, 300, 301, 302, 303, 304, 305, 306, 307, 308, 309, 310, 311, 312]
  engagement rate (acted / seen): 0.011
  follows [1] | followed by [10]
  exposure to others: agent 1 x62, agent 23 x29, agent 14 x5, agent 6 x4, agent 28 x4, agent 0 x4, agent 4 x4, agent 8 x4, agent 30 x4, agent 33 x3, agent 12 x3, agent 25 x3, agent 13 x3, agent 24 x3, agent 32 x3, agent 22 x3, agent 20 x3, agent 7 x2, agent 27 x2, agent 34 x2, agent 18 x2, agent 3 x2, agent 2 x2, agent 10 x2, agent 31 x2, agent 17 x1, agent 5 x1, agent 26 x1, agent 15 x1, agent 19 x1, agent 21 x1, agent 9 x1, agent 11 x1
  acted on others: {'1': {'follow': 1}, '23': {'create_comment': 2}}
  acted on by    : {'10': {'follow': 1, 'create_comment': 2}, '5': {'like_comment': 1}}

[agent 17] @Daniel Rivera
  bio: Passionate about health science, culture & society, and business. ENFP
  actions (14): {'create_post': 7, 'follow': 3, 'like_post': 2, 'create_comment': 2}
  authored 7 posts: [18, 48, 75, 99, 125, 239, 290]
  saw 98 distinct posts across 168 exposure events (by source: {'discovery': 99, 'network': 42, 'fof': 27})
    acted on : [169, 209]
    ignored  : [1, 3, 5, 7, 8, 10, 12, 13, 22, 23, 25, 26, 27, 37, 40, 42, 43, 45, 46, 50, 52, 53, 54, 57, 59, 63, 65, 68, 69, 70, 72, 74, 78, 79, 83, 85, 87, 89, 92, 94, 97, 101, 102, 104, 105, 106, 108, 110, 111, 116, 117, 118, 120, 123, 126, 127, 128, 129, 135, 138, 139, 141, 143, 144, 146, 151, 152, 164, 170, 172, 173, 176, 180, 189, 192, 196, 202, 204, 205, 207, 211, 213, 221, 228, 241, 250, 256, 257, 258, 264, 274, 276, 278, 279, 288, 294]
    never saw: [2, 4, 6, 9, 11, 14, 15, 16, 17, 19, 20, 21, 24, 28, 29, 30, 31, 32, 33, 34, 35, 36, 38, 39, 41, 44, 47, 49, 51, 55, 56, 58, 60, 61, 62, 64, 66, 67, 71, 73, 76, 77, 80, 81, 82, 84, 86, 88, 90, 91, 93, 95, 96, 98, 100, 103, 107, 109, 112, 113, 114, 115, 119, 121, 122, 124, 130, 131, 132, 133, 134, 136, 137, 140, 142, 145, 147, 148, 149, 150, 153, 154, 155, 156, 157, 158, 159, 160, 161, 162, 163, 165, 166, 167, 168, 171, 174, 175, 177, 178, 179, 181, 182, 183, 184, 185, 186, 187, 188, 190, 191, 193, 194, 195, 197, 198, 199, 200, 201, 203, 206, 208, 210, 212, 214, 215, 216, 217, 218, 219, 220, 222, 223, 224, 225, 226, 227, 229, 230, 231, 232, 233, 234, 235, 236, 237, 238, 240, 242, 243, 244, 245, 246, 247, 248, 249, 251, 252, 253, 254, 255, 259, 260, 261, 262, 263, 265, 266, 267, 268, 269, 270, 271, 272, 273, 275, 277, 280, 281, 282, 283, 284, 285, 286, 287, 289, 291, 292, 293, 295, 296, 297, 298, 299, 300, 301, 302, 303, 304, 305, 306, 307, 308, 309, 310, 311, 312]
  engagement rate (acted / seen): 0.02
  follows [7, 22, 29] | followed by [7]
  exposure to others: agent 22 x31, agent 14 x29, agent 7 x15, agent 1 x9, agent 9 x6, agent 23 x6, agent 4 x5, agent 0 x5, agent 34 x5, agent 21 x4, agent 27 x4, agent 25 x4, agent 30 x4, agent 32 x4, agent 5 x4, agent 29 x4, agent 12 x3, agent 6 x3, agent 11 x3, agent 8 x3, agent 33 x3, agent 26 x2, agent 18 x2, agent 2 x1, agent 15 x1, agent 24 x1, agent 19 x1, agent 10 x1, agent 20 x1, agent 28 x1, agent 35 x1, agent 13 x1, agent 31 x1
  acted on others: {'22': {'follow': 1}, '7': {'follow': 1}, '29': {'follow': 1}, '14': {'like_post': 2, 'create_comment': 2}}
  acted on by    : {'7': {'follow': 1}}

[agent 18] @Eleanor Thompson
  bio: Passionate about economics and business. Still learning and growing at 94!
  actions (8): {'create_post': 6, 'like_comment': 1, 'create_comment': 1}
  authored 6 posts: [19, 100, 126, 170, 194, 303]
  saw 98 distinct posts across 168 exposure events (by source: {'discovery': 168})
    acted on : [123]
    ignored  : [2, 4, 5, 7, 8, 11, 14, 21, 22, 25, 27, 28, 38, 39, 40, 42, 43, 44, 45, 47, 49, 50, 55, 60, 64, 65, 68, 73, 75, 76, 79, 80, 82, 84, 85, 88, 93, 98, 99, 101, 102, 104, 105, 106, 108, 110, 111, 115, 116, 119, 120, 125, 128, 129, 132, 135, 139, 140, 142, 143, 146, 147, 148, 152, 160, 164, 165, 166, 169, 171, 172, 182, 185, 191, 196, 197, 204, 205, 207, 212, 217, 218, 221, 239, 241, 250, 251, 257, 258, 262, 264, 270, 278, 279, 280, 288, 291]
    never saw: [1, 3, 6, 9, 10, 12, 13, 15, 16, 17, 18, 20, 23, 24, 26, 29, 30, 31, 32, 33, 34, 35, 36, 37, 41, 46, 48, 51, 52, 53, 54, 56, 57, 58, 59, 61, 62, 63, 66, 67, 69, 70, 71, 72, 74, 77, 78, 81, 83, 86, 87, 89, 90, 91, 92, 94, 95, 96, 97, 103, 107, 109, 112, 113, 114, 117, 118, 121, 122, 124, 127, 130, 131, 133, 134, 136, 137, 138, 141, 144, 145, 149, 150, 151, 153, 154, 155, 156, 157, 158, 159, 161, 162, 163, 167, 168, 173, 174, 175, 176, 177, 178, 179, 180, 181, 183, 184, 186, 187, 188, 189, 190, 192, 193, 195, 198, 199, 200, 201, 202, 203, 206, 208, 209, 210, 211, 213, 214, 215, 216, 219, 220, 222, 223, 224, 225, 226, 227, 228, 229, 230, 231, 232, 233, 234, 235, 236, 237, 238, 240, 242, 243, 244, 245, 246, 247, 248, 249, 252, 253, 254, 255, 256, 259, 260, 261, 263, 265, 266, 267, 268, 269, 271, 272, 273, 274, 275, 276, 277, 281, 282, 283, 284, 285, 286, 287, 289, 290, 292, 293, 294, 295, 296, 297, 298, 299, 300, 301, 302, 304, 305, 306, 307, 308, 309, 310, 311, 312]
  engagement rate (acted / seen): 0.01
  follows [] | followed by []
  exposure to others: agent 1 x15, agent 23 x12, agent 19 x11, agent 9 x11, agent 14 x9, agent 4 x8, agent 17 x7, agent 27 x6, agent 13 x6, agent 33 x6, agent 6 x5, agent 28 x5, agent 21 x5, agent 35 x5, agent 0 x4, agent 7 x4, agent 2 x4, agent 5 x4, agent 29 x4, agent 22 x4, agent 11 x4, agent 25 x3, agent 3 x3, agent 12 x3, agent 16 x3, agent 34 x3, agent 31 x3, agent 32 x3, agent 8 x3, agent 10 x2, agent 20 x1, agent 15 x1, agent 26 x1
  acted on others: {'14': {'create_comment': 1}}
  acted on by    : {'9': {'create_comment': 1}}

[agent 19] @Bethany Davidson
  bio: Passionate finance professional with a keen interest in economics and business. Always s
  actions (10): {'create_post': 6, 'follow': 1, 'like_post': 1, 'create_comment': 1, 'quote_post': 1}
  authored 7 posts: [20, 49, 76, 101, 171, 254, 291]
  saw 83 distinct posts across 168 exposure events (by source: {'discovery': 88, 'network': 50, 'fof': 30})
    acted on : [42, 143, 279]
    ignored  : [4, 6, 7, 8, 11, 15, 18, 19, 23, 25, 26, 29, 33, 35, 43, 44, 46, 50, 52, 53, 55, 56, 58, 59, 65, 67, 68, 69, 70, 71, 72, 73, 74, 75, 78, 80, 82, 84, 85, 87, 89, 92, 93, 94, 99, 102, 106, 108, 110, 119, 120, 125, 128, 135, 139, 140, 142, 144, 146, 147, 166, 170, 185, 194, 202, 203, 204, 207, 217, 221, 228, 239, 243, 258, 264, 272, 274, 276, 278, 290]
    never saw: [1, 2, 3, 5, 9, 10, 12, 13, 14, 16, 17, 21, 22, 24, 27, 28, 30, 31, 32, 34, 36, 37, 38, 39, 40, 41, 45, 47, 48, 51, 54, 57, 60, 61, 62, 63, 64, 66, 77, 79, 81, 83, 86, 88, 90, 91, 95, 96, 97, 98, 100, 103, 104, 105, 107, 109, 111, 112, 113, 114, 115, 116, 117, 118, 121, 122, 123, 124, 126, 127, 129, 130, 131, 132, 133, 134, 136, 137, 138, 141, 145, 148, 149, 150, 151, 152, 153, 154, 155, 156, 157, 158, 159, 160, 161, 162, 163, 164, 165, 167, 168, 169, 172, 173, 174, 175, 176, 177, 178, 179, 180, 181, 182, 183, 184, 186, 187, 188, 189, 190, 191, 192, 193, 195, 196, 197, 198, 199, 200, 201, 205, 206, 208, 209, 210, 211, 212, 213, 214, 215, 216, 218, 219, 220, 222, 223, 224, 225, 226, 227, 229, 230, 231, 232, 233, 234, 235, 236, 237, 238, 240, 241, 242, 244, 245, 246, 247, 248, 249, 250, 251, 252, 253, 255, 256, 257, 259, 260, 261, 262, 263, 265, 266, 267, 268, 269, 270, 271, 273, 275, 277, 280, 281, 282, 283, 284, 285, 286, 287, 288, 289, 292, 293, 294, 295, 296, 297, 298, 299, 300, 301, 302, 303, 304, 305, 306, 307, 308, 309, 310, 311, 312]
  engagement rate (acted / seen): 0.036
  follows [7] | followed by [3]
  exposure to others: agent 7 x52, agent 17 x32, agent 33 x7, agent 1 x7, agent 9 x6, agent 0 x5, agent 18 x5, agent 14 x4, agent 29 x4, agent 10 x4, agent 32 x4, agent 31 x4, agent 6 x3, agent 15 x3, agent 8 x3, agent 34 x3, agent 25 x2, agent 22 x2, agent 35 x2, agent 26 x2, agent 23 x2, agent 13 x2, agent 12 x2, agent 5 x2, agent 28 x1, agent 24 x1, agent 27 x1, agent 11 x1, agent 2 x1, agent 30 x1
  acted on others: {'7': {'follow': 1, 'like_post': 1, 'create_comment': 1}, '33': {'quote_post': 1}}
  acted on by    : {'3': {'follow': 1}, '29': {'quote_post': 1}}

[agent 20] @Isabella Thompson
  bio: Passionate about economics & business administration. Always seeking to learn & grow. IS
  actions (13): {'create_post': 8, 'like_post': 1, 'follow': 1, 'create_comment': 3}
  authored 8 posts: [21, 149, 195, 211, 223, 240, 255, 273]
  saw 93 distinct posts across 168 exposure events (by source: {'discovery': 87, 'network': 57, 'fof': 24})
    acted on : [27, 69, 92, 155]
    ignored  : [1, 3, 6, 8, 18, 19, 20, 22, 24, 25, 28, 33, 36, 37, 38, 39, 42, 44, 45, 46, 49, 50, 54, 59, 64, 71, 72, 73, 77, 79, 80, 83, 85, 95, 99, 101, 102, 105, 106, 108, 109, 111, 116, 119, 123, 126, 127, 129, 135, 140, 145, 146, 147, 148, 152, 159, 160, 162, 166, 169, 173, 175, 184, 186, 188, 192, 194, 196, 204, 205, 209, 214, 216, 228, 231, 233, 235, 236, 247, 249, 251, 253, 254, 265, 270, 280, 281, 288, 290]
    never saw: [2, 4, 5, 7, 9, 10, 11, 12, 13, 14, 15, 16, 17, 23, 26, 29, 30, 31, 32, 34, 35, 40, 41, 43, 47, 48, 51, 52, 53, 55, 56, 57, 58, 60, 61, 62, 63, 65, 66, 67, 68, 70, 74, 75, 76, 78, 81, 82, 84, 86, 87, 88, 89, 90, 91, 93, 94, 96, 97, 98, 100, 103, 104, 107, 110, 112, 113, 114, 115, 117, 118, 120, 121, 122, 124, 125, 128, 130, 131, 132, 133, 134, 136, 137, 138, 139, 141, 142, 143, 144, 150, 151, 153, 154, 156, 157, 158, 161, 163, 164, 165, 167, 168, 170, 171, 172, 174, 176, 177, 178, 179, 180, 181, 182, 183, 185, 187, 189, 190, 191, 193, 197, 198, 199, 200, 201, 202, 203, 206, 207, 208, 210, 212, 213, 215, 217, 218, 219, 220, 221, 222, 224, 225, 226, 227, 229, 230, 232, 234, 237, 238, 239, 241, 242, 243, 244, 245, 246, 248, 250, 252, 256, 257, 258, 259, 260, 261, 262, 263, 264, 266, 267, 268, 269, 271, 272, 274, 275, 276, 277, 278, 279, 282, 283, 284, 285, 286, 287, 289, 291, 292, 293, 294, 295, 296, 297, 298, 299, 300, 301, 302, 303, 304, 305, 306, 307, 308, 309, 310, 311, 312]
  engagement rate (acted / seen): 0.043
  follows [23] | followed by [13]
  exposure to others: agent 23 x58, agent 14 x26, agent 2 x6, agent 0 x6, agent 27 x5, agent 32 x5, agent 7 x4, agent 19 x4, agent 13 x4, agent 4 x4, agent 8 x4, agent 1 x3, agent 33 x3, agent 17 x3, agent 5 x3, agent 18 x3, agent 15 x3, agent 12 x3, agent 34 x3, agent 21 x2, agent 28 x2, agent 25 x2, agent 10 x2, agent 6 x2, agent 29 x1, agent 11 x1, agent 16 x1, agent 22 x1, agent 31 x1, agent 9 x1, agent 3 x1, agent 35 x1
  acted on others: {'27': {'like_post': 1, 'create_comment': 1}, '23': {'follow': 1}, '7': {'create_comment': 2}}
  acted on by    : {'13': {'follow': 1, 'create_comment': 1}}

[agent 21] @Steven Johnson
  bio: Exploring the intersections of economics, culture & society, and business. Human Service
  actions (6): {'create_post': 4, 'create_comment': 1, 'like_comment': 1}
  authored 4 posts: [22, 127, 150, 172]
  saw 101 distinct posts across 168 exposure events (by source: {'discovery': 168})
    acted on : [3]
    ignored  : [1, 6, 8, 10, 18, 21, 25, 26, 27, 32, 33, 38, 39, 42, 43, 45, 46, 50, 54, 55, 56, 57, 60, 64, 65, 70, 72, 74, 78, 79, 82, 83, 84, 85, 87, 92, 94, 99, 101, 102, 103, 104, 105, 106, 108, 111, 115, 116, 119, 120, 123, 125, 126, 128, 129, 130, 135, 139, 140, 142, 143, 145, 146, 148, 151, 152, 154, 158, 164, 165, 166, 169, 170, 171, 182, 185, 191, 194, 196, 204, 205, 207, 217, 218, 221, 222, 230, 239, 250, 257, 258, 262, 264, 269, 276, 278, 279, 280, 290, 291]
    never saw: [2, 4, 5, 7, 9, 11, 12, 13, 14, 15, 16, 17, 19, 20, 23, 24, 28, 29, 30, 31, 34, 35, 36, 37, 40, 41, 44, 47, 48, 49, 51, 52, 53, 58, 59, 61, 62, 63, 66, 67, 68, 69, 71, 73, 75, 76, 77, 80, 81, 86, 88, 89, 90, 91, 93, 95, 96, 97, 98, 100, 107, 109, 110, 112, 113, 114, 117, 118, 121, 122, 124, 131, 132, 133, 134, 136, 137, 138, 141, 144, 147, 149, 153, 155, 156, 157, 159, 160, 161, 162, 163, 167, 168, 173, 174, 175, 176, 177, 178, 179, 180, 181, 183, 184, 186, 187, 188, 189, 190, 192, 193, 195, 197, 198, 199, 200, 201, 202, 203, 206, 208, 209, 210, 211, 212, 213, 214, 215, 216, 219, 220, 223, 224, 225, 226, 227, 228, 229, 231, 232, 233, 234, 235, 236, 237, 238, 240, 241, 242, 243, 244, 245, 246, 247, 248, 249, 251, 252, 253, 254, 255, 256, 259, 260, 261, 263, 265, 266, 267, 268, 270, 271, 272, 273, 274, 275, 277, 281, 282, 283, 284, 285, 286, 287, 288, 289, 292, 293, 294, 295, 296, 297, 298, 299, 300, 301, 302, 303, 304, 305, 306, 307, 308, 309, 310, 311, 312]
  engagement rate (acted / seen): 0.01
  follows [] | followed by [29]
  exposure to others: agent 1 x16, agent 9 x11, agent 23 x11, agent 18 x11, agent 17 x8, agent 14 x8, agent 33 x7, agent 19 x7, agent 27 x6, agent 31 x6, agent 22 x6, agent 35 x6, agent 25 x5, agent 29 x5, agent 4 x5, agent 7 x4, agent 5 x4, agent 2 x4, agent 32 x4, agent 8 x4, agent 11 x4, agent 0 x3, agent 24 x3, agent 10 x3, agent 6 x3, agent 15 x2, agent 12 x2, agent 13 x2, agent 3 x2, agent 20 x1, agent 26 x1, agent 30 x1, agent 28 x1, agent 34 x1, agent 16 x1
  acted on others: {'2': {'create_comment': 1}}
  acted on by    : {'3': {'create_comment': 1}, '11': {'create_comment': 1}, '29': {'follow': 1, 'like_comment': 1, 'create_comment': 2, 'like_post': 1, 'repost': 1}}

[agent 22] @Victoria Greene
  bio: Health Science professional with a passion for economics and business. Turning insights 
  actions (6): {'create_post': 5, 'follow': 1}
  authored 5 posts: [23, 128, 151, 173, 256]
  saw 100 distinct posts across 168 exposure events (by source: {'discovery': 109, 'network': 59})
    acted on : []
    ignored  : [1, 4, 6, 7, 10, 15, 17, 18, 19, 22, 27, 28, 33, 37, 38, 39, 40, 42, 44, 45, 46, 48, 50, 52, 56, 65, 68, 69, 72, 73, 74, 79, 85, 88, 92, 97, 99, 101, 102, 104, 105, 106, 111, 112, 120, 121, 123, 129, 135, 139, 143, 145, 146, 148, 152, 155, 157, 158, 161, 164, 169, 170, 171, 172, 192, 194, 196, 200, 202, 204, 205, 207, 209, 210, 220, 221, 228, 236, 239, 240, 243, 244, 248, 251, 252, 254, 255, 261, 265, 267, 269, 270, 271, 273, 274, 282, 285, 286, 288, 290]
    never saw: [2, 3, 5, 8, 9, 11, 12, 13, 14, 16, 20, 21, 24, 25, 26, 29, 30, 31, 32, 34, 35, 36, 41, 43, 47, 49, 51, 53, 54, 55, 57, 58, 59, 60, 61, 62, 63, 64, 66, 67, 70, 71, 75, 76, 77, 78, 80, 81, 82, 83, 84, 86, 87, 89, 90, 91, 93, 94, 95, 96, 98, 100, 103, 107, 108, 109, 110, 113, 114, 115, 116, 117, 118, 119, 122, 124, 125, 126, 127, 130, 131, 132, 133, 134, 136, 137, 138, 140, 141, 142, 144, 147, 149, 150, 153, 154, 156, 159, 160, 162, 163, 165, 166, 167, 168, 174, 175, 176, 177, 178, 179, 180, 181, 182, 183, 184, 185, 186, 187, 188, 189, 190, 191, 193, 195, 197, 198, 199, 201, 203, 206, 208, 211, 212, 213, 214, 215, 216, 217, 218, 219, 222, 223, 224, 225, 226, 227, 229, 230, 231, 232, 233, 234, 235, 237, 238, 241, 242, 245, 246, 247, 249, 250, 253, 257, 258, 259, 260, 262, 263, 264, 266, 268, 272, 275, 276, 277, 278, 279, 280, 281, 283, 284, 287, 289, 291, 292, 293, 294, 295, 296, 297, 298, 299, 300, 301, 302, 303, 304, 305, 306, 307, 308, 309, 310, 311, 312]
  engagement rate (acted / seen): 0.0
  follows [14] | followed by [11, 17]
  exposure to others: agent 14 x60, agent 23 x8, agent 5 x7, agent 13 x7, agent 1 x6, agent 18 x6, agent 17 x5, agent 9 x5, agent 0 x5, agent 7 x5, agent 2 x4, agent 12 x4, agent 6 x3, agent 21 x3, agent 33 x3, agent 27 x3, agent 16 x3, agent 25 x3, agent 4 x3, agent 34 x3, agent 19 x3, agent 11 x3, agent 30 x3, agent 20 x3, agent 29 x2, agent 32 x2, agent 31 x2, agent 28 x1, agent 15 x1, agent 8 x1, agent 10 x1
  acted on others: {'14': {'follow': 1}}
  acted on by    : {'11': {'follow': 1}, '17': {'follow': 1}, '7': {'create_comment': 1}}

[agent 23] @James Thompson
  bio: Lifelong learner with a passion for education and cultural exploration. ENFP | Educator 
  actions (8): {'create_post': 7, 'follow': 1}
  authored 7 posts: [24, 50, 77, 102, 129, 152, 196]
  saw 98 distinct posts across 168 exposure events (by source: {'discovery': 128, 'network': 40})
    acted on : []
    ignored  : [1, 4, 6, 7, 8, 10, 11, 21, 22, 25, 26, 29, 33, 37, 42, 43, 45, 46, 49, 52, 53, 57, 59, 65, 66, 68, 70, 72, 74, 75, 79, 82, 83, 84, 85, 87, 89, 90, 92, 94, 97, 99, 101, 103, 104, 106, 108, 111, 112, 115, 116, 119, 120, 123, 125, 126, 127, 128, 131, 135, 139, 140, 142, 146, 147, 154, 160, 162, 164, 165, 169, 170, 171, 172, 173, 179, 182, 185, 190, 191, 192, 194, 204, 207, 209, 221, 239, 243, 257, 258, 262, 264, 267, 278, 279, 280, 288, 291]
    never saw: [2, 3, 5, 9, 12, 13, 14, 15, 16, 17, 18, 19, 20, 23, 27, 28, 30, 31, 32, 34, 35, 36, 38, 39, 40, 41, 44, 47, 48, 51, 54, 55, 56, 58, 60, 61, 62, 63, 64, 67, 69, 71, 73, 76, 78, 80, 81, 86, 88, 91, 93, 95, 96, 98, 100, 105, 107, 109, 110, 113, 114, 117, 118, 121, 122, 124, 130, 132, 133, 134, 136, 137, 138, 141, 143, 144, 145, 148, 149, 150, 151, 153, 155, 156, 157, 158, 159, 161, 163, 166, 167, 168, 174, 175, 176, 177, 178, 180, 181, 183, 184, 186, 187, 188, 189, 193, 195, 197, 198, 199, 200, 201, 202, 203, 205, 206, 208, 210, 211, 212, 213, 214, 215, 216, 217, 218, 219, 220, 222, 223, 224, 225, 226, 227, 228, 229, 230, 231, 232, 233, 234, 235, 236, 237, 238, 240, 241, 242, 244, 245, 246, 247, 248, 249, 250, 251, 252, 253, 254, 255, 256, 259, 260, 261, 263, 265, 266, 268, 269, 270, 271, 272, 273, 274, 275, 276, 277, 281, 282, 283, 284, 285, 286, 287, 289, 290, 292, 293, 294, 295, 296, 297, 298, 299, 300, 301, 302, 303, 304, 305, 306, 307, 308, 309, 310, 311, 312]
  engagement rate (acted / seen): 0.0
  follows [14] | followed by [1, 20, 28]
  exposure to others: agent 14 x44, agent 1 x11, agent 9 x9, agent 19 x8, agent 33 x7, agent 18 x7, agent 29 x6, agent 32 x6, agent 17 x6, agent 4 x6, agent 6 x5, agent 25 x5, agent 0 x4, agent 35 x4, agent 26 x3, agent 7 x3, agent 10 x3, agent 12 x3, agent 21 x3, agent 34 x3, agent 2 x3, agent 5 x2, agent 15 x2, agent 31 x2, agent 11 x2, agent 22 x2, agent 27 x2, agent 13 x2, agent 20 x1, agent 30 x1, agent 8 x1, agent 24 x1, agent 3 x1
  acted on others: {'14': {'follow': 1}}
  acted on by    : {'20': {'follow': 1}, '28': {'follow': 1}, '1': {'follow': 1}, '16': {'create_comment': 2}, '10': {'like_post': 1}, '13': {'like_post': 1}}

[agent 24] @Michael Thompson
  bio: Passionate architect & construction enthusiast | Embracing creativity in design | Sharin
  actions (9): {'create_post': 5, 'follow': 1, 'like_post': 1, 'create_comment': 2}
  authored 5 posts: [51, 78, 103, 130, 153]
  saw 82 distinct posts across 168 exposure events (by source: {'discovery': 79, 'network': 62, 'fof': 27})
    acted on : [25, 139]
    ignored  : [1, 4, 6, 7, 10, 18, 21, 27, 28, 33, 34, 37, 38, 41, 42, 44, 45, 46, 50, 52, 63, 65, 67, 72, 74, 75, 79, 80, 82, 85, 87, 91, 97, 99, 101, 102, 104, 106, 114, 118, 120, 125, 128, 129, 135, 138, 143, 146, 152, 158, 161, 164, 172, 174, 185, 187, 191, 196, 202, 204, 205, 208, 210, 220, 223, 224, 228, 232, 236, 239, 241, 254, 257, 262, 267, 270, 272, 276, 280, 294]
    never saw: [2, 3, 5, 8, 9, 11, 12, 13, 14, 15, 16, 17, 19, 20, 22, 23, 24, 26, 29, 30, 31, 32, 35, 36, 39, 40, 43, 47, 48, 49, 53, 54, 55, 56, 57, 58, 59, 60, 61, 62, 64, 66, 68, 69, 70, 71, 73, 76, 77, 81, 83, 84, 86, 88, 89, 90, 92, 93, 94, 95, 96, 98, 100, 105, 107, 108, 109, 110, 111, 112, 113, 115, 116, 117, 119, 121, 122, 123, 124, 126, 127, 131, 132, 133, 134, 136, 137, 140, 141, 142, 144, 145, 147, 148, 149, 150, 151, 154, 155, 156, 157, 159, 160, 162, 163, 165, 166, 167, 168, 169, 170, 171, 173, 175, 176, 177, 178, 179, 180, 181, 182, 183, 184, 186, 188, 189, 190, 192, 193, 194, 195, 197, 198, 199, 200, 201, 203, 206, 207, 209, 211, 212, 213, 214, 215, 216, 217, 218, 219, 221, 222, 225, 226, 227, 229, 230, 231, 233, 234, 235, 237, 238, 240, 242, 243, 244, 245, 246, 247, 248, 249, 250, 251, 252, 253, 255, 256, 258, 259, 260, 261, 263, 264, 265, 266, 268, 269, 271, 273, 274, 275, 277, 278, 279, 281, 282, 283, 284, 285, 286, 287, 288, 289, 290, 291, 292, 293, 295, 296, 297, 298, 299, 300, 301, 302, 303, 304, 305, 306, 307, 308, 309, 310, 311, 312]
  engagement rate (acted / seen): 0.024
  follows [1] | followed by []
  exposure to others: agent 1 x63, agent 23 x30, agent 0 x5, agent 27 x5, agent 17 x5, agent 6 x5, agent 9 x4, agent 25 x4, agent 5 x4, agent 34 x4, agent 14 x4, agent 31 x4, agent 28 x3, agent 13 x3, agent 33 x2, agent 20 x2, agent 15 x2, agent 7 x2, agent 12 x2, agent 19 x2, agent 21 x2, agent 4 x2, agent 35 x2, agent 2 x1, agent 29 x1, agent 22 x1, agent 11 x1, agent 32 x1, agent 16 x1, agent 8 x1
  acted on others: {'1': {'follow': 1, 'create_comment': 2}, '25': {'like_post': 1}}

[agent 25] @Luna Reyes
  bio: Exploring the intersection of culture and business 🌟 | Marketing enthusiast 🚀 | Dreamer 
  actions (7): {'create_post': 5, 'like_comment': 1, 'follow': 1}
  authored 5 posts: [25, 52, 79, 104, 154]
  saw 112 distinct posts across 168 exposure events (by source: {'discovery': 153, 'network': 15})
    acted on : []
    ignored  : [1, 2, 4, 6, 10, 11, 16, 21, 22, 26, 27, 33, 37, 39, 42, 43, 44, 45, 46, 49, 50, 53, 56, 63, 65, 72, 74, 75, 82, 83, 85, 87, 92, 96, 99, 101, 102, 103, 105, 106, 108, 110, 111, 114, 116, 120, 123, 124, 125, 126, 128, 129, 133, 135, 139, 143, 146, 147, 148, 150, 152, 159, 160, 164, 166, 167, 170, 171, 172, 179, 184, 185, 191, 192, 194, 196, 202, 204, 205, 207, 209, 210, 217, 221, 222, 224, 227, 228, 229, 231, 236, 239, 240, 241, 244, 245, 251, 252, 253, 257, 258, 262, 263, 264, 267, 271, 272, 279, 280, 289, 291, 302]
    never saw: [3, 5, 7, 8, 9, 12, 13, 14, 15, 17, 18, 19, 20, 23, 24, 28, 29, 30, 31, 32, 34, 35, 36, 38, 40, 41, 47, 48, 51, 54, 55, 57, 58, 59, 60, 61, 62, 64, 66, 67, 68, 69, 70, 71, 73, 76, 77, 78, 80, 81, 84, 86, 88, 89, 90, 91, 93, 94, 95, 97, 98, 100, 107, 109, 112, 113, 115, 117, 118, 119, 121, 122, 127, 130, 131, 132, 134, 136, 137, 138, 140, 141, 142, 144, 145, 149, 151, 153, 155, 156, 157, 158, 161, 162, 163, 165, 168, 169, 173, 174, 175, 176, 177, 178, 180, 181, 182, 183, 186, 187, 188, 189, 190, 193, 195, 197, 198, 199, 200, 201, 203, 206, 208, 211, 212, 213, 214, 215, 216, 218, 219, 220, 223, 225, 226, 230, 232, 233, 234, 235, 237, 238, 242, 243, 246, 247, 248, 249, 250, 254, 255, 256, 259, 260, 261, 265, 266, 268, 269, 270, 273, 274, 275, 276, 277, 278, 281, 282, 283, 284, 285, 286, 287, 288, 290, 292, 293, 294, 295, 296, 297, 298, 299, 300, 301, 303, 304, 305, 306, 307, 308, 309, 310, 311, 312]
  engagement rate (acted / seen): 0.0
  follows [15] | followed by [15]
  exposure to others: agent 15 x19, agent 1 x15, agent 23 x9, agent 14 x8, agent 34 x8, agent 18 x7, agent 9 x6, agent 13 x6, agent 32 x6, agent 21 x5, agent 27 x5, agent 0 x5, agent 33 x5, agent 5 x5, agent 29 x5, agent 31 x5, agent 17 x5, agent 7 x4, agent 4 x4, agent 19 x4, agent 22 x4, agent 16 x4, agent 35 x4, agent 10 x3, agent 12 x3, agent 26 x2, agent 20 x2, agent 3 x2, agent 11 x2, agent 28 x2, agent 24 x1, agent 6 x1, agent 30 x1, agent 8 x1
  acted on others: {'15': {'follow': 1}}
  acted on by    : {'24': {'like_post': 1}, '29': {'create_comment': 1}, '15': {'follow': 1, 'create_comment': 4, 'like_post': 1}, '26': {'create_comment': 1}}

[agent 26] @Sophie Green
  bio: Exploring the world through agriculture and fun! 🌿🎉 #ISFP
  actions (8): {'create_post': 3, 'create_comment': 2, 'follow': 1, 'like_post': 1, 'like_comment': 1}
  authored 3 posts: [26, 53, 197]
  saw 107 distinct posts across 168 exposure events (by source: {'discovery': 97, 'network': 53, 'fof': 18})
    acted on : [52, 119, 168]
    ignored  : [1, 3, 4, 6, 7, 8, 10, 11, 16, 18, 22, 25, 32, 37, 39, 42, 43, 45, 46, 50, 57, 59, 60, 62, 65, 70, 71, 72, 75, 79, 80, 82, 83, 84, 85, 87, 90, 94, 101, 102, 105, 106, 107, 108, 111, 114, 116, 123, 126, 129, 134, 137, 140, 142, 147, 148, 154, 156, 158, 159, 162, 166, 173, 178, 181, 183, 186, 187, 188, 191, 193, 201, 202, 206, 209, 210, 212, 215, 220, 222, 224, 227, 228, 229, 231, 232, 235, 237, 238, 241, 243, 248, 250, 252, 263, 268, 271, 273, 277, 283, 284, 285, 287, 289]
    never saw: [2, 5, 9, 12, 13, 14, 15, 17, 19, 20, 21, 23, 24, 27, 28, 29, 30, 31, 33, 34, 35, 36, 38, 40, 41, 44, 47, 48, 49, 51, 54, 55, 56, 58, 61, 63, 64, 66, 67, 68, 69, 73, 74, 76, 77, 78, 81, 86, 88, 89, 91, 92, 93, 95, 96, 97, 98, 99, 100, 103, 104, 109, 110, 112, 113, 115, 117, 118, 120, 121, 122, 124, 125, 127, 128, 130, 131, 132, 133, 135, 136, 138, 139, 141, 143, 144, 145, 146, 149, 150, 151, 152, 153, 155, 157, 160, 161, 163, 164, 165, 167, 169, 170, 171, 172, 174, 175, 176, 177, 179, 180, 182, 184, 185, 189, 190, 192, 194, 195, 196, 198, 199, 200, 203, 204, 205, 207, 208, 211, 213, 214, 216, 217, 218, 219, 221, 223, 225, 226, 230, 233, 234, 236, 239, 240, 242, 244, 245, 246, 247, 249, 251, 253, 254, 255, 256, 257, 258, 259, 260, 261, 262, 264, 265, 266, 267, 269, 270, 272, 274, 275, 276, 278, 279, 280, 281, 282, 286, 288, 290, 291, 292, 293, 294, 295, 296, 297, 298, 299, 300, 301, 302, 303, 304, 305, 306, 307, 308, 309, 310, 311, 312]
  engagement rate (acted / seen): 0.028
  follows [10] | followed by [2, 8, 10]
  exposure to others: agent 10 x54, agent 8 x15, agent 32 x13, agent 2 x6, agent 16 x6, agent 12 x5, agent 28 x5, agent 15 x4, agent 0 x4, agent 25 x4, agent 6 x4, agent 1 x4, agent 4 x4, agent 31 x4, agent 34 x4, agent 23 x3, agent 14 x3, agent 33 x3, agent 13 x3, agent 7 x2, agent 17 x2, agent 30 x2, agent 35 x2, agent 27 x2, agent 22 x2, agent 21 x1, agent 9 x1, agent 5 x1, agent 19 x1, agent 29 x1, agent 18 x1, agent 3 x1, agent 20 x1
  acted on others: {'25': {'create_comment': 1}, '10': {'follow': 1, 'like_post': 1, 'create_comment': 1}}
  acted on by    : {'8': {'follow': 1, 'quote_post': 1}, '10': {'follow': 1, 'create_comment': 2}, '2': {'follow': 1, 'create_comment': 1}}

[agent 27] @Nathan Brooks
  bio: Passionate about all things business and economics. Business Management student. Let's t
  actions (9): {'create_post': 9}
  authored 9 posts: [27, 54, 80, 105, 131, 155, 174, 198, 257]
  saw 116 distinct posts across 168 exposure events (by source: {'discovery': 168})
    acted on : []
    ignored  : [1, 3, 4, 6, 9, 10, 15, 18, 21, 22, 28, 33, 37, 38, 39, 42, 43, 44, 45, 46, 50, 56, 60, 61, 64, 65, 70, 72, 73, 74, 79, 82, 83, 84, 85, 87, 89, 94, 98, 99, 101, 102, 104, 106, 108, 110, 111, 114, 116, 119, 120, 123, 124, 126, 128, 129, 130, 133, 134, 135, 139, 143, 145, 146, 147, 148, 150, 152, 154, 160, 162, 163, 164, 166, 169, 170, 171, 172, 173, 176, 178, 179, 181, 182, 185, 191, 194, 196, 201, 204, 205, 207, 210, 211, 214, 217, 218, 221, 222, 224, 226, 228, 232, 233, 236, 239, 240, 244, 254, 258, 262, 264, 278, 279, 280, 291]
    never saw: [2, 5, 7, 8, 11, 12, 13, 14, 16, 17, 19, 20, 23, 24, 25, 26, 29, 30, 31, 32, 34, 35, 36, 40, 41, 47, 48, 49, 51, 52, 53, 55, 57, 58, 59, 62, 63, 66, 67, 68, 69, 71, 75, 76, 77, 78, 81, 86, 88, 90, 91, 92, 93, 95, 96, 97, 100, 103, 107, 109, 112, 113, 115, 117, 118, 121, 122, 125, 127, 132, 136, 137, 138, 140, 141, 142, 144, 149, 151, 153, 156, 157, 158, 159, 161, 165, 167, 168, 175, 177, 180, 183, 184, 186, 187, 188, 189, 190, 192, 193, 195, 197, 199, 200, 202, 203, 206, 208, 209, 212, 213, 215, 216, 219, 220, 223, 225, 227, 229, 230, 231, 234, 235, 237, 238, 241, 242, 243, 245, 246, 247, 248, 249, 250, 251, 252, 253, 255, 256, 259, 260, 261, 263, 265, 266, 267, 268, 269, 270, 271, 272, 273, 274, 275, 276, 277, 281, 282, 283, 284, 285, 286, 287, 288, 289, 290, 292, 293, 294, 295, 296, 297, 298, 299, 300, 301, 302, 303, 304, 305, 306, 307, 308, 309, 310, 311, 312]
  engagement rate (acted / seen): 0.0
  follows [] | followed by [30]
  exposure to others: agent 1 x14, agent 9 x12, agent 33 x10, agent 14 x8, agent 18 x8, agent 0 x7, agent 23 x7, agent 31 x7, agent 19 x7, agent 17 x6, agent 35 x6, agent 21 x5, agent 5 x5, agent 29 x5, agent 13 x5, agent 34 x5, agent 32 x5, agent 2 x4, agent 12 x4, agent 4 x4, agent 16 x4, agent 20 x3, agent 28 x3, agent 8 x3, agent 25 x3, agent 10 x3, agent 22 x3, agent 3 x3, agent 7 x2, agent 15 x2, agent 30 x2, agent 6 x1, agent 24 x1, agent 11 x1
  acted on by    : {'20': {'like_post': 1, 'create_comment': 1}, '30': {'follow': 1, 'create_comment': 1}}

[agent 28] @Emily Thompson
  bio: Passionate about economics and politics. Working in Government & Public Administration. 
  actions (10): {'create_post': 9, 'follow': 1}
  authored 9 posts: [28, 55, 132, 156, 175, 199, 212, 224, 241]
  saw 89 distinct posts across 168 exposure events (by source: {'discovery': 82, 'network': 59, 'fof': 27})
    acted on : []
    ignored  : [1, 4, 5, 6, 7, 11, 17, 18, 22, 24, 26, 27, 33, 37, 39, 42, 43, 44, 45, 46, 50, 52, 54, 56, 57, 63, 65, 70, 72, 74, 76, 77, 78, 84, 92, 96, 98, 99, 101, 102, 103, 104, 111, 114, 116, 118, 122, 123, 126, 129, 133, 135, 143, 145, 146, 152, 158, 161, 169, 170, 177, 178, 179, 181, 184, 185, 186, 188, 189, 192, 194, 196, 198, 204, 207, 208, 209, 210, 213, 221, 239, 243, 244, 258, 264, 265, 278, 279, 291]
    never saw: [2, 3, 8, 9, 10, 12, 13, 14, 15, 16, 19, 20, 21, 23, 25, 29, 30, 31, 32, 34, 35, 36, 38, 40, 41, 47, 48, 49, 51, 53, 58, 59, 60, 61, 62, 64, 66, 67, 68, 69, 71, 73, 75, 79, 80, 81, 82, 83, 85, 86, 87, 88, 89, 90, 91, 93, 94, 95, 97, 100, 105, 106, 107, 108, 109, 110, 112, 113, 115, 117, 119, 120, 121, 124, 125, 127, 128, 130, 131, 134, 136, 137, 138, 139, 140, 141, 142, 144, 147, 148, 149, 150, 151, 153, 154, 155, 157, 159, 160, 162, 163, 164, 165, 166, 167, 168, 171, 172, 173, 174, 176, 180, 182, 183, 187, 190, 191, 193, 195, 197, 200, 201, 202, 203, 205, 206, 211, 214, 215, 216, 217, 218, 219, 220, 222, 223, 225, 226, 227, 228, 229, 230, 231, 232, 233, 234, 235, 236, 237, 238, 240, 242, 245, 246, 247, 248, 249, 250, 251, 252, 253, 254, 255, 256, 257, 259, 260, 261, 262, 263, 266, 267, 268, 269, 270, 271, 272, 273, 274, 275, 276, 277, 280, 281, 282, 283, 284, 285, 286, 287, 288, 289, 290, 292, 293, 294, 295, 296, 297, 298, 299, 300, 301, 302, 303, 304, 305, 306, 307, 308, 309, 310, 311, 312]
  engagement rate (acted / seen): 0.0
  follows [23] | followed by [5, 10]
  exposure to others: agent 23 x60, agent 14 x29, agent 1 x6, agent 0 x6, agent 33 x6, agent 9 x6, agent 13 x5, agent 16 x3, agent 17 x3, agent 27 x3, agent 4 x3, agent 29 x3, agent 7 x3, agent 30 x3, agent 19 x3, agent 18 x3, agent 32 x3, agent 6 x2, agent 25 x2, agent 12 x2, agent 24 x2, agent 8 x2, agent 31 x2, agent 35 x2, agent 21 x1, agent 5 x1, agent 26 x1, agent 10 x1, agent 15 x1, agent 34 x1
  acted on others: {'23': {'follow': 1}}
  acted on by    : {'10': {'like_post': 2, 'follow': 1}, '5': {'follow': 1}}

[agent 29] @Olivia Garcia
  bio: Passionate about law, society, and making a difference. INFJ. Advocate for justice.
  actions (26): {'create_post': 5, 'create_comment': 5, 'like_post': 5, 'follow': 4, 'like_comment': 1, 'repost': 3, 'quote_post': 3}
  authored 11 posts: [29, 56, 106, 258, 304, 305, 306, 307, 308, 309, 310]
  saw 82 distinct posts across 168 exposure events (by source: {'discovery': 125, 'network': 43})
    acted on : [22, 25, 33, 92, 127, 150, 221, 262, 264, 278, 279, 280, 291]
    ignored  : [1, 7, 8, 10, 11, 18, 26, 27, 28, 37, 39, 40, 41, 42, 43, 45, 46, 50, 52, 57, 63, 65, 69, 72, 75, 78, 79, 82, 84, 85, 89, 94, 99, 101, 102, 103, 104, 115, 116, 120, 123, 125, 126, 128, 129, 135, 139, 146, 147, 152, 164, 168, 170, 171, 172, 185, 191, 194, 196, 201, 204, 205, 207, 211, 220, 236, 239, 251, 257]
    never saw: [2, 3, 4, 5, 6, 9, 12, 13, 14, 15, 16, 17, 19, 20, 21, 23, 24, 30, 31, 32, 34, 35, 36, 38, 44, 47, 48, 49, 51, 53, 54, 55, 58, 59, 60, 61, 62, 64, 66, 67, 68, 70, 71, 73, 74, 76, 77, 80, 81, 83, 86, 87, 88, 90, 91, 93, 95, 96, 97, 98, 100, 105, 107, 108, 109, 110, 111, 112, 113, 114, 117, 118, 119, 121, 122, 124, 130, 131, 132, 133, 134, 136, 137, 138, 140, 141, 142, 143, 144, 145, 148, 149, 151, 153, 154, 155, 156, 157, 158, 159, 160, 161, 162, 163, 165, 166, 167, 169, 173, 174, 175, 176, 177, 178, 179, 180, 181, 182, 183, 184, 186, 187, 188, 189, 190, 192, 193, 195, 197, 198, 199, 200, 202, 203, 206, 208, 209, 210, 212, 213, 214, 215, 216, 217, 218, 219, 222, 223, 224, 225, 226, 227, 228, 229, 230, 231, 232, 233, 234, 235, 237, 238, 240, 241, 242, 243, 244, 245, 246, 247, 248, 249, 250, 252, 253, 254, 255, 256, 259, 260, 261, 263, 265, 266, 267, 268, 269, 270, 271, 272, 273, 274, 275, 276, 277, 281, 282, 283, 284, 285, 286, 287, 288, 289, 290, 292, 293, 294, 295, 296, 297, 298, 299, 300, 301, 302, 303, 311, 312]
  engagement rate (acted / seen): 0.159
  follows [21, 31, 33, 35] | followed by [17]
  exposure to others: agent 21 x44, agent 1 x13, agent 9 x12, agent 18 x9, agent 23 x8, agent 17 x7, agent 33 x6, agent 14 x6, agent 7 x5, agent 25 x5, agent 35 x5, agent 4 x4, agent 5 x4, agent 19 x4, agent 10 x3, agent 27 x3, agent 6 x3, agent 12 x3, agent 0 x3, agent 22 x3, agent 32 x3, agent 15 x2, agent 24 x2, agent 31 x2, agent 11 x2, agent 26 x1, agent 28 x1, agent 30 x1, agent 34 x1, agent 13 x1, agent 20 x1, agent 8 x1
  acted on others: {'25': {'create_comment': 1}, '33': {'like_post': 2, 'follow': 1, 'repost': 1, 'quote_post': 1}, '21': {'follow': 1, 'like_comment': 1, 'create_comment': 2, 'like_post': 1, 'repost': 1}, '7': {'create_comment': 1}, '35': {'like_post': 1, 'follow': 1, 'repost': 1, 'quote_post': 1}, '19': {'quote_post': 1}, '9': {'create_comment': 1}, '31': {'like_post': 1, 'follow': 1}}
  acted on by    : {'33': {'quote_post': 1}, '17': {'follow': 1}}

[agent 30] @Olivia Rodriguez
  bio: Passionate about education, culture, and fun! 📚✨ Let's learn and have some fun together!
  actions (15): {'create_post': 13, 'follow': 1, 'create_comment': 1}
  authored 13 posts: [30, 57, 81, 133, 157, 176, 200, 213, 225, 259, 274, 292, 311]
  saw 114 distinct posts across 168 exposure events (by source: {'discovery': 114, 'network': 54})
    acted on : [155]
    ignored  : [2, 3, 4, 8, 10, 11, 16, 22, 25, 26, 27, 32, 37, 39, 42, 43, 45, 46, 49, 50, 52, 53, 54, 56, 58, 65, 69, 70, 71, 72, 79, 80, 82, 83, 84, 85, 92, 94, 96, 99, 101, 104, 105, 106, 108, 111, 116, 120, 125, 126, 129, 131, 135, 140, 145, 147, 148, 149, 153, 158, 161, 163, 172, 173, 174, 178, 179, 180, 183, 184, 187, 189, 192, 195, 196, 198, 199, 204, 205, 206, 209, 210, 211, 222, 223, 224, 226, 227, 231, 234, 240, 241, 243, 245, 247, 251, 254, 255, 257, 260, 261, 262, 263, 265, 273, 279, 280, 282, 283, 284, 286, 288, 289]
    never saw: [1, 5, 6, 7, 9, 12, 13, 14, 15, 17, 18, 19, 20, 21, 23, 24, 28, 29, 31, 33, 34, 35, 36, 38, 40, 41, 44, 47, 48, 51, 55, 59, 60, 61, 62, 63, 64, 66, 67, 68, 73, 74, 75, 76, 77, 78, 86, 87, 88, 89, 90, 91, 93, 95, 97, 98, 100, 102, 103, 107, 109, 110, 112, 113, 114, 115, 117, 118, 119, 121, 122, 123, 124, 127, 128, 130, 132, 134, 136, 137, 138, 139, 141, 142, 143, 144, 146, 150, 151, 152, 154, 156, 159, 160, 162, 164, 165, 166, 167, 168, 169, 170, 171, 175, 177, 181, 182, 185, 186, 188, 190, 191, 193, 194, 197, 201, 202, 203, 207, 208, 212, 214, 215, 216, 217, 218, 219, 220, 221, 228, 229, 230, 232, 233, 235, 236, 237, 238, 239, 242, 244, 246, 248, 249, 250, 252, 253, 256, 258, 264, 266, 267, 268, 269, 270, 271, 272, 275, 276, 277, 278, 281, 285, 287, 290, 291, 293, 294, 295, 296, 297, 298, 299, 300, 301, 302, 303, 304, 305, 306, 307, 308, 309, 310, 312]
  engagement rate (acted / seen): 0.009
  follows [27] | followed by []
  exposure to others: agent 27 x57, agent 32 x8, agent 0 x8, agent 20 x8, agent 31 x7, agent 28 x5, agent 7 x4, agent 10 x4, agent 15 x4, agent 2 x4, agent 25 x4, agent 12 x4, agent 8 x4, agent 3 x3, agent 14 x3, agent 23 x3, agent 19 x3, agent 33 x3, agent 13 x3, agent 6 x3, agent 26 x2, agent 21 x2, agent 9 x2, agent 29 x2, agent 1 x2, agent 34 x2, agent 17 x2, agent 11 x2, agent 16 x2, agent 5 x2, agent 35 x2, agent 4 x1, agent 18 x1, agent 24 x1, agent 22 x1
  acted on others: {'27': {'follow': 1, 'create_comment': 1}}

[agent 31] @Carlos Rodriguez
  bio: 💼 Marketing enthusiast | 🎉 Fun seeker | 📷 Amateur photographer | ✨ Living life to the fu
  actions (20): {'create_post': 16, 'follow': 2, 'like_comment': 1, 'quote_post': 1}
  authored 17 posts: [31, 58, 82, 107, 134, 158, 177, 214, 226, 242, 260, 261, 262, 275, 276, 293, 312]
  saw 123 distinct posts across 168 exposure events (by source: {'discovery': 127, 'network': 35, 'fof': 6})
    acted on : [123, 146]
    ignored  : [4, 5, 6, 8, 9, 11, 16, 22, 26, 32, 33, 34, 37, 43, 45, 46, 49, 50, 52, 53, 54, 57, 59, 65, 70, 72, 74, 79, 81, 83, 85, 87, 88, 90, 92, 95, 101, 102, 104, 105, 106, 108, 109, 111, 114, 116, 119, 120, 126, 127, 128, 129, 135, 136, 137, 139, 143, 145, 147, 148, 149, 152, 160, 162, 163, 166, 167, 169, 173, 174, 178, 179, 181, 183, 186, 187, 188, 189, 192, 195, 196, 197, 199, 204, 205, 207, 208, 209, 211, 213, 216, 217, 219, 221, 222, 223, 224, 228, 229, 230, 236, 237, 239, 240, 241, 244, 245, 251, 254, 258, 264, 270, 273, 277, 278, 279, 280, 283, 286, 287, 289]
    never saw: [1, 2, 3, 7, 10, 12, 13, 14, 15, 17, 18, 19, 20, 21, 23, 24, 25, 27, 28, 29, 30, 35, 36, 38, 39, 40, 41, 42, 44, 47, 48, 51, 55, 56, 60, 61, 62, 63, 64, 66, 67, 68, 69, 71, 73, 75, 76, 77, 78, 80, 84, 86, 89, 91, 93, 94, 96, 97, 98, 99, 100, 103, 110, 112, 113, 115, 117, 118, 121, 122, 124, 125, 130, 131, 132, 133, 138, 140, 141, 142, 144, 150, 151, 153, 154, 155, 156, 157, 159, 161, 164, 165, 168, 170, 171, 172, 175, 176, 180, 182, 184, 185, 190, 191, 193, 194, 198, 200, 201, 202, 203, 206, 210, 212, 215, 218, 220, 225, 227, 231, 232, 233, 234, 235, 238, 243, 246, 247, 248, 249, 250, 252, 253, 255, 256, 257, 259, 263, 265, 266, 267, 268, 269, 271, 272, 274, 281, 282, 284, 285, 288, 290, 291, 292, 294, 295, 296, 297, 298, 299, 300, 301, 302, 303, 304, 305, 306, 307, 308, 309, 310, 311]
  engagement rate (acted / seen): 0.016
  follows [14, 35] | followed by [29]
  exposure to others: agent 14 x32, agent 35 x11, agent 12 x9, agent 33 x8, agent 32 x8, agent 34 x8, agent 23 x6, agent 20 x6, agent 15 x5, agent 8 x5, agent 1 x5, agent 9 x5, agent 0 x4, agent 7 x4, agent 25 x4, agent 2 x4, agent 11 x4, agent 26 x3, agent 10 x3, agent 5 x3, agent 4 x3, agent 19 x3, agent 30 x3, agent 27 x3, agent 13 x3, agent 28 x3, agent 21 x2, agent 29 x2, agent 18 x2, agent 6 x2, agent 22 x2, agent 16 x1, agent 3 x1, agent 17 x1
  acted on others: {'14': {'follow': 1, 'like_comment': 1, 'quote_post': 1}, '35': {'follow': 1}}
  acted on by    : {'5': {'like_post': 1}, '10': {'create_comment': 1}, '29': {'like_post': 1, 'follow': 1}}

[agent 32] @Emily Watson
  bio: Passionate about education, culture, and business. Learning enthusiast. 📚 #ISFJ
  actions (14): {'create_post': 13, 'follow': 1}
  authored 13 posts: [32, 59, 83, 108, 135, 159, 178, 201, 215, 227, 243, 263, 277]
  saw 152 distinct posts across 168 exposure events (by source: {'discovery': 160, 'network': 5, 'fof': 3})
    acted on : []
    ignored  : [3, 4, 6, 8, 10, 11, 18, 19, 22, 25, 26, 33, 36, 37, 38, 39, 42, 43, 45, 46, 48, 50, 52, 53, 63, 65, 70, 72, 74, 75, 78, 79, 82, 85, 87, 89, 91, 92, 94, 99, 101, 102, 104, 105, 106, 110, 111, 114, 116, 118, 120, 123, 124, 125, 126, 127, 128, 129, 133, 139, 140, 143, 146, 148, 152, 154, 158, 160, 162, 163, 164, 166, 167, 169, 172, 173, 174, 176, 179, 181, 183, 184, 186, 187, 188, 189, 191, 192, 195, 197, 202, 203, 206, 208, 209, 210, 211, 213, 214, 216, 218, 219, 220, 221, 222, 223, 224, 225, 226, 228, 229, 231, 232, 233, 234, 235, 236, 237, 239, 240, 241, 244, 245, 246, 248, 250, 251, 254, 255, 257, 258, 260, 262, 264, 265, 266, 268, 269, 270, 271, 272, 273, 274, 275, 276, 280, 283, 284, 285, 287, 289, 301]
    never saw: [1, 2, 5, 7, 9, 12, 13, 14, 15, 16, 17, 20, 21, 23, 24, 27, 28, 29, 30, 31, 34, 35, 40, 41, 44, 47, 49, 51, 54, 55, 56, 57, 58, 60, 61, 62, 64, 66, 67, 68, 69, 71, 73, 76, 77, 80, 81, 84, 86, 88, 90, 93, 95, 96, 97, 98, 100, 103, 107, 109, 112, 113, 115, 117, 119, 121, 122, 130, 131, 132, 134, 136, 137, 138, 141, 142, 144, 145, 147, 149, 150, 151, 153, 155, 156, 157, 161, 165, 168, 170, 171, 175, 177, 180, 182, 185, 190, 193, 194, 196, 198, 199, 200, 204, 205, 207, 212, 217, 230, 238, 242, 247, 249, 252, 253, 256, 259, 261, 267, 278, 279, 281, 282, 286, 288, 290, 291, 292, 293, 294, 295, 296, 297, 298, 299, 300, 302, 303, 304, 305, 306, 307, 308, 309, 310, 311, 312]
  engagement rate (acted / seen): 0.0
  follows [12] | followed by []
  exposure to others: agent 12 x11, agent 8 x11, agent 0 x9, agent 9 x8, agent 14 x8, agent 31 x8, agent 2 x7, agent 34 x7, agent 17 x6, agent 1 x6, agent 30 x6, agent 20 x6, agent 7 x5, agent 25 x5, agent 10 x4, agent 33 x4, agent 23 x4, agent 4 x4, agent 16 x4, agent 35 x4, agent 3 x4, agent 21 x3, agent 26 x3, agent 5 x3, agent 18 x3, agent 15 x3, agent 27 x3, agent 6 x3, agent 11 x3, agent 22 x3, agent 13 x3, agent 19 x2, agent 29 x2, agent 28 x2, agent 24 x1
  acted on others: {'12': {'follow': 1}}

[agent 33] @Henry Richardson
  bio: Passionate about economics and business. Always seeking growth opportunities in the worl
  actions (13): {'create_post': 8, 'follow': 1, 'like_post': 2, 'create_comment': 1, 'quote_post': 1}
  authored 9 posts: [33, 60, 84, 109, 136, 179, 228, 278, 279]
  saw 98 distinct posts across 168 exposure events (by source: {'discovery': 152, 'network': 10, 'fof': 6})
    acted on : [204, 205, 258]
    ignored  : [1, 4, 6, 8, 10, 11, 21, 22, 23, 26, 27, 28, 37, 38, 39, 42, 43, 44, 45, 46, 49, 50, 56, 57, 65, 68, 69, 70, 72, 74, 78, 80, 82, 85, 87, 92, 98, 100, 101, 104, 105, 106, 108, 110, 111, 114, 115, 116, 120, 123, 126, 127, 128, 129, 134, 135, 139, 143, 145, 146, 147, 148, 152, 154, 155, 158, 159, 160, 164, 166, 170, 171, 172, 178, 181, 185, 191, 194, 196, 207, 208, 215, 221, 223, 237, 239, 245, 250, 254, 257, 262, 264, 276, 286, 291]
    never saw: [2, 3, 5, 7, 9, 12, 13, 14, 15, 16, 17, 18, 19, 20, 24, 25, 29, 30, 31, 32, 34, 35, 36, 40, 41, 47, 48, 51, 52, 53, 54, 55, 58, 59, 61, 62, 63, 64, 66, 67, 71, 73, 75, 76, 77, 79, 81, 83, 86, 88, 89, 90, 91, 93, 94, 95, 96, 97, 99, 102, 103, 107, 112, 113, 117, 118, 119, 121, 122, 124, 125, 130, 131, 132, 133, 137, 138, 140, 141, 142, 144, 149, 150, 151, 153, 156, 157, 161, 162, 163, 165, 167, 168, 169, 173, 174, 175, 176, 177, 180, 182, 183, 184, 186, 187, 188, 189, 190, 192, 193, 195, 197, 198, 199, 200, 201, 202, 203, 206, 209, 210, 211, 212, 213, 214, 216, 217, 218, 219, 220, 222, 224, 225, 226, 227, 229, 230, 231, 232, 233, 234, 235, 236, 238, 240, 241, 242, 243, 244, 246, 247, 248, 249, 251, 252, 253, 255, 256, 259, 260, 261, 263, 265, 266, 267, 268, 269, 270, 271, 272, 273, 274, 275, 277, 280, 281, 282, 283, 284, 285, 287, 288, 289, 290, 292, 293, 294, 295, 296, 297, 298, 299, 300, 301, 302, 303, 304, 305, 306, 307, 308, 309, 310, 311, 312]
  engagement rate (acted / seen): 0.031
  follows [1] | followed by [0, 29]
  exposure to others: agent 1 x24, agent 23 x14, agent 18 x14, agent 9 x8, agent 19 x8, agent 4 x7, agent 14 x7, agent 27 x6, agent 7 x6, agent 21 x5, agent 5 x5, agent 13 x5, agent 31 x5, agent 32 x5, agent 35 x5, agent 0 x4, agent 29 x4, agent 8 x4, agent 22 x3, agent 12 x3, agent 34 x3, agent 25 x3, agent 11 x3, agent 17 x3, agent 20 x2, agent 15 x2, agent 6 x2, agent 16 x2, agent 28 x1, agent 26 x1, agent 10 x1, agent 2 x1, agent 30 x1, agent 24 x1
  acted on others: {'1': {'follow': 1, 'like_post': 1}, '5': {'create_comment': 1, 'like_post': 1}, '29': {'quote_post': 1}}
  acted on by    : {'29': {'like_post': 2, 'follow': 1, 'repost': 1, 'quote_post': 1}, '0': {'follow': 1}, '19': {'quote_post': 1}}

[agent 34] @Cassandra Johnson
  bio: Enthusiastic STEM student exploring the world of Information Technology and Culture & So
  actions (14): {'create_post': 12, 'follow': 1, 'like_post': 1}
  authored 12 posts: [34, 61, 85, 110, 137, 160, 180, 202, 216, 229, 244, 294]
  saw 137 distinct posts across 168 exposure events (by source: {'discovery': 144, 'network': 15, 'fof': 9})
    acted on : [280]
    ignored  : [1, 3, 4, 7, 8, 10, 11, 13, 18, 25, 27, 33, 37, 38, 42, 43, 45, 46, 50, 52, 56, 57, 65, 72, 73, 74, 75, 77, 78, 79, 80, 82, 83, 84, 86, 87, 88, 92, 99, 101, 102, 103, 104, 105, 106, 108, 111, 114, 116, 123, 124, 125, 126, 127, 129, 135, 138, 140, 143, 145, 147, 148, 153, 154, 155, 158, 159, 161, 162, 164, 166, 172, 173, 176, 178, 179, 181, 183, 184, 186, 187, 188, 189, 191, 192, 193, 196, 197, 198, 201, 204, 205, 206, 209, 210, 211, 213, 214, 215, 217, 218, 219, 220, 222, 223, 224, 226, 227, 228, 230, 231, 232, 233, 235, 236, 237, 240, 241, 242, 243, 245, 248, 249, 251, 260, 263, 264, 270, 274, 277, 279, 282, 287, 289, 291, 301]
    never saw: [2, 5, 6, 9, 12, 14, 15, 16, 17, 19, 20, 21, 22, 23, 24, 26, 28, 29, 30, 31, 32, 35, 36, 39, 40, 41, 44, 47, 48, 49, 51, 53, 54, 55, 58, 59, 60, 62, 63, 64, 66, 67, 68, 69, 70, 71, 76, 81, 89, 90, 91, 93, 94, 95, 96, 97, 98, 100, 107, 109, 112, 113, 115, 117, 118, 119, 120, 121, 122, 128, 130, 131, 132, 133, 134, 136, 139, 141, 142, 144, 146, 149, 150, 151, 152, 156, 157, 163, 165, 167, 168, 169, 170, 171, 174, 175, 177, 182, 185, 190, 194, 195, 199, 200, 203, 207, 208, 212, 221, 225, 234, 238, 239, 246, 247, 250, 252, 253, 254, 255, 256, 257, 258, 259, 261, 262, 265, 266, 267, 268, 269, 271, 272, 273, 275, 276, 278, 281, 283, 284, 285, 286, 288, 290, 292, 293, 295, 296, 297, 298, 299, 300, 302, 303, 304, 305, 306, 307, 308, 309, 310, 311, 312]
  engagement rate (acted / seen): 0.007
  follows [35] | followed by []
  exposure to others: agent 35 x17, agent 12 x13, agent 32 x13, agent 0 x9, agent 2 x8, agent 31 x8, agent 1 x6, agent 25 x6, agent 14 x6, agent 27 x5, agent 6 x5, agent 33 x5, agent 23 x5, agent 13 x5, agent 16 x5, agent 8 x5, agent 17 x4, agent 7 x4, agent 30 x4, agent 9 x3, agent 10 x3, agent 15 x3, agent 24 x3, agent 19 x3, agent 4 x3, agent 20 x3, agent 29 x2, agent 18 x2, agent 21 x2, agent 5 x2, agent 28 x2, agent 3 x2, agent 22 x1, agent 26 x1
  acted on others: {'35': {'follow': 1, 'like_post': 1}}

[agent 35] @Simon Greene
  bio: Finding inspiration in creativity and connecting with people through marketing strategie
  actions (11): {'create_post': 8, 'follow': 2, 'like_post': 1}
  authored 8 posts: [35, 62, 86, 181, 230, 245, 264, 280]
  saw 105 distinct posts across 168 exposure events (by source: {'discovery': 108, 'network': 54, 'fof': 6})
    acted on : [123]
    ignored  : [2, 4, 7, 8, 11, 12, 13, 16, 22, 25, 26, 32, 33, 36, 42, 43, 44, 45, 46, 50, 52, 53, 54, 56, 57, 63, 64, 65, 70, 72, 73, 74, 79, 80, 82, 84, 85, 90, 92, 97, 101, 104, 105, 111, 114, 121, 126, 127, 134, 135, 136, 139, 143, 145, 146, 147, 151, 154, 158, 159, 164, 169, 170, 171, 172, 173, 179, 185, 187, 190, 191, 192, 194, 200, 204, 207, 209, 218, 221, 222, 223, 224, 225, 228, 229, 237, 239, 249, 251, 252, 257, 258, 265, 270, 276, 277, 278, 279, 283, 284, 287, 291, 299, 301]
    never saw: [1, 3, 5, 6, 9, 10, 14, 15, 17, 18, 19, 20, 21, 23, 24, 27, 28, 29, 30, 31, 34, 37, 38, 39, 40, 41, 47, 48, 49, 51, 55, 58, 59, 60, 61, 66, 67, 68, 69, 71, 75, 76, 77, 78, 81, 83, 87, 88, 89, 91, 93, 94, 95, 96, 98, 99, 100, 102, 103, 106, 107, 108, 109, 110, 112, 113, 115, 116, 117, 118, 119, 120, 122, 124, 125, 128, 129, 130, 131, 132, 133, 137, 138, 140, 141, 142, 144, 148, 149, 150, 152, 153, 155, 156, 157, 160, 161, 162, 163, 165, 166, 167, 168, 174, 175, 176, 177, 178, 180, 182, 183, 184, 186, 188, 189, 193, 195, 196, 197, 198, 199, 201, 202, 203, 205, 206, 208, 210, 211, 212, 213, 214, 215, 216, 217, 219, 220, 226, 227, 231, 232, 233, 234, 235, 236, 238, 240, 241, 242, 243, 244, 246, 247, 248, 250, 253, 254, 255, 256, 259, 260, 261, 262, 263, 266, 267, 268, 269, 271, 272, 273, 274, 275, 281, 282, 285, 286, 288, 289, 290, 292, 293, 294, 295, 296, 297, 298, 300, 302, 303, 304, 305, 306, 307, 308, 309, 310, 311, 312]
  engagement rate (acted / seen): 0.01
  follows [12, 14] | followed by [29, 31, 34]
  exposure to others: agent 14 x33, agent 12 x28, agent 33 x8, agent 1 x8, agent 0 x6, agent 19 x6, agent 18 x6, agent 9 x6, agent 25 x5, agent 13 x5, agent 21 x4, agent 7 x4, agent 32 x4, agent 27 x4, agent 31 x4, agent 8 x4, agent 4 x4, agent 15 x3, agent 30 x3, agent 29 x3, agent 17 x3, agent 26 x2, agent 6 x2, agent 10 x2, agent 3 x2, agent 34 x2, agent 22 x2, agent 11 x1, agent 23 x1, agent 2 x1, agent 20 x1, agent 28 x1
  acted on others: {'12': {'follow': 1}, '14': {'follow': 1, 'like_post': 1}}
  acted on by    : {'34': {'follow': 1, 'like_post': 1}, '31': {'follow': 1}, '10': {'like_post': 1}, '29': {'like_post': 1, 'follow': 1, 'repost': 1, 'quote_post': 1}}

--------------------------------------------------------------------------
PROPAGATION CANDIDATES (repeated exposure preceding interaction)
--------------------------------------------------------------------------
  agent 24 saw agent 1 x63 -> {'follow': 1, 'create_comment': 2}
  agent 16 saw agent 1 x62 -> {'follow': 1}
  agent 22 saw agent 14 x60 -> {'follow': 1}
  agent 28 saw agent 23 x60 -> {'follow': 1}
  agent 15 saw agent 25 x58 -> {'follow': 1, 'create_comment': 4, 'like_post': 1}
  agent 9 saw agent 14 x58 -> {'follow': 1}
  agent 20 saw agent 23 x58 -> {'follow': 1}
  agent 30 saw agent 27 x57 -> {'follow': 1, 'create_comment': 1}
  agent 12 saw agent 14 x56 -> {'follow': 1, 'like_post': 1, 'create_comment': 1, 'like_comment': 1}
  agent 3 saw agent 19 x56 -> {'follow': 1}
  agent 26 saw agent 10 x54 -> {'follow': 1, 'like_post': 1, 'create_comment': 1}
  agent 7 saw agent 17 x54 -> {'follow': 1}
  agent 19 saw agent 7 x52 -> {'follow': 1, 'like_post': 1, 'create_comment': 1}
  agent 1 saw agent 23 x47 -> {'follow': 1}
  agent 5 saw agent 1 x45 -> {'follow': 1, 'like_post': 3, 'create_comment': 1}
  agent 29 saw agent 21 x44 -> {'follow': 1, 'like_comment': 1, 'create_comment': 2, 'like_post': 1, 'repost': 1}
  agent 23 saw agent 14 x44 -> {'follow': 1}
  agent 11 saw agent 22 x39 -> {'follow': 1}
  agent 8 saw agent 10 x35 -> {'create_comment': 1, 'follow': 1}
  agent 35 saw agent 14 x33 -> {'follow': 1, 'like_post': 1}
  agent 31 saw agent 14 x32 -> {'follow': 1, 'like_comment': 1, 'quote_post': 1}
  agent 8 saw agent 26 x32 -> {'follow': 1, 'quote_post': 1}
  agent 3 saw agent 7 x32 -> {'create_comment': 1}
  agent 17 saw agent 22 x31 -> {'follow': 1}
  agent 13 saw agent 1 x30 -> {'follow': 1}


==============================================================================
EVENT LOG -- every action, in order
==============================================================================
rnd actor                 action            target / content
------------------------------------------------------------------------------
r0  James Miller          create_post       own post#4  "Just created a new profile on Twitter! Looking forward to shari…"
r0  Emma Hayes            create_post       own post#1  "Just started studying Transportation, Distribution & Logistics …"
r0  Ryan Johnson          create_post       own post#3  "Just started my STEM journey! Excited to share my experiences a…"
r0  Alexandra Whitmore    create_post       own post#2  "Excited to start using Twitter! Looking forward to connecting w…"
r0  Jake Thompson         create_post       own post#5  "Just joined this platform! Excited to share my thoughts on agri…"
r0  Simon Walker          create_post       own post#6  "I'm excited to join this social media platform! As a transporta…"
r0  Emily Carter          create_post       own post#7  "Just started my day with a new thought - the impact of economic…"
r0  Aria Thompson         create_post       own post#8  "I'm excited to join this social media platform! Looking forward…"
r0  Henry Farmer          create_post       own post#9  "Hello Twitter! Just started my farming journey and excited to s…"
r0  Ethan Grayson         create_post       own post#10  "Just joined this platform! Excited to connect with fellow STEM …"
r0  Sophia Nguyen         create_post       own post#11  "Hello Twitter! I'm Sophia Nguyen, a 14-year-old with a passion …"
r0  Samuel Reynolds       create_post       own post#12  "I finally got to join Twitter! I'm excited to share my thoughts…"
r0  Oliver Wang           create_post       own post#13  "Just started my Twitter journey! Excited to share my thoughts o…"
r0  Maxwell Armstrong     create_post       own post#14  "Just started observing my social media environment. Looking for…"
r0  Emily Hayes           create_post       own post#15  "Just started my day in logistics, already got a lot on my plate…"
r0  Oliver Robinson       create_post       own post#16  "I'm so excited to share my passion for architecture with all of…"
r0  Daniel Miller         create_post       own post#17  "Just started my day reading about new economic policies. Lookin…"
r0  Daniel Rivera         create_post       own post#18  "Just arrived at the conference on healthcare innovation! Excite…"
r0  Eleanor Thompson      create_post       own post#19  "Just discovered an interesting article on economic trends. Look…"
r0  Bethany Davidson      create_post       own post#20  "Just started my day by reviewing some stocks for potential inve…"
r0  Isabella Thompson     create_post       own post#21  "Just started my business management course! Excited to learn mo…"
r0  Steven Johnson        create_post       own post#22  "Just getting started on this new social media platform! Excited…"
r0  Victoria Greene       create_post       own post#23  "Just got back from attending the @WorldEconomicForum conference…"
r0  James Thompson        create_post       own post#24  "What an exciting day! Just learned about a new cultural festiva…"
r0  Luna Reyes            create_post       own post#25  "Just started exploring the connection between culture and busin…"
r0  Sophie Green          create_post       own post#26  "I'm excited to share my passion for agriculture with all of you…"
r0  Nathan Brooks         create_post       own post#27  "Just started my Business Management course at university! Excit…"
r0  Emily Thompson        create_post       own post#28  "Just started my day at work in Namibia. Looking forward to divi…"
r0  Olivia Garcia         create_post       own post#29  "Just started my law studies and I'm excited to learn more about…"
r0  Olivia Rodriguez      create_post       own post#30  "Hey everyone! I'm Olivia Rodriguez, excited to be part of this …"
r0  Carlos Rodriguez      create_post       own post#31  "Holas! Esto es mi primer post en la red social!"
r0  Emily Watson          create_post       own post#32  "Hello everyone! I'm excited to be on this social media platform…"
r0  Henry Richardson      create_post       own post#33  "Welcome to my social media profile! I'm Henry Richardson, a sea…"
r0  Cassandra Johnson     create_post       own post#34  "Just started my day with a cup of coffee and a lesson on progra…"
r0  Simon Greene          create_post       own post#35  "Just got back from an amazing art exhibition in the city! I’m s…"
r1  James Miller          create_post       own post#36  "Looking forward to engaging with all of you! The intersection o…"
r1  Emma Hayes            create_post       own post#37  "Excited to see so many fellow students interested in different …"
r1  Ryan Johnson          create_post       own post#38  "Just started learning about Business Management! Excited to exp…"
r1  Alexandra Whitmore    create_comment    on post#22 by @Steven Johnson  "Great to see people from various backgrounds sharing their thou…"
r1  Jake Thompson         create_post       own post#39  "I'm excited to start engaging with others on this platform! Loo…"
r1  Simon Walker          create_post       own post#40  "Just started reading about agriculture innovations. Anybody els…"
r1  Emily Carter          create_post       own post#41  "The intersection of economics and human services is crucial for…"
r1  Aria Thompson         create_post       own post#42  "Excited to see so many interesting posts about culture & societ…"
r1  Henry Farmer          follow            @Sophie Green
r1  Ethan Grayson         create_comment    on post#19 by @Eleanor Thompson  "I'd love to discuss the article on economic trends with you! Co…"
r1  Sophia Nguyen         follow            @Sophie Green
r1  Samuel Reynolds       create_comment    on post#22 by @Steven Johnson  "Great to see people from various backgrounds sharing their thou…"
r1  Oliver Wang           create_post       own post#43  "I'm excited to see so many interesting posts on this platform! …"
r1  Maxwell Armstrong     create_post       own post#44  "Just started my day at work in Architecture & Construction, loo…"
r1  Emily Hayes           create_post       own post#45  "Just started learning about human services and their influence …"
r1  Oliver Robinson       create_post       own post#46  "I'm so excited to share my passion for architecture with all of…"
r1  Daniel Miller         create_post       own post#47  "Excited to see so many interesting posts on economics and polit…"
r1  Daniel Rivera         create_post       own post#48  "Excited to share my thoughts on healthcare innovation! Have bee…"
r1  Bethany Davidson      create_post       own post#49  "I'm excited to be part of this community! As a finance expert w…"
r1  Isabella Thompson     like_post         post#27 by @Nathan Brooks  "Just started my Business Management course at…"
r1  Steven Johnson        create_comment    on post#3 by @Ryan Johnson  "Great to see people from various backgrounds sharing their thou…"
r1  Steven Johnson        like_comment      post#22 by @Steven Johnson  "Just getting started on this new social media…"
r1  James Thompson        create_post       own post#50  "I'm James Thompson, an education professional with a passion fo…"
r1  Michael Thompson      create_post       own post#51  "Hello everyone! I"
r1  Michael Thompson      follow            @Emma Hayes
r1  Michael Thompson      like_post         post#25 by @Luna Reyes  "Just started exploring the connection between…"
r1  Luna Reyes            create_post       own post#52  "Excited to see so many enthusiastic individuals sharing their t…"
r1  Sophie Green          create_post       own post#53  "I'm excited to share my passion for agriculture with all of you…"
r1  Nathan Brooks         create_post       own post#54  "Just discovered this social media platform! Excited to learn ab…"
r1  Emily Thompson        create_post       own post#55  "I'm excited to connect with like-minded individuals on economic…"
r1  Olivia Garcia         create_comment    on post#25 by @Luna Reyes  "Your thoughts on culture and business are fascinating! I'd love…"
r1  Olivia Garcia         like_post         post#33 by @Henry Richardson  "Welcome to my social media profile! I'm Henry…"
r1  Olivia Garcia         follow            @Steven Johnson
r1  Olivia Garcia         create_post       own post#56  "I’m excited to see people from various backgrounds sharing thei…"
r1  Olivia Garcia         like_comment      post#22 by @Steven Johnson  "Just getting started on this new social media…"
r1  Olivia Rodriguez      create_post       own post#57  "Hi everyone! I'm excited to be on this platform and share my th…"
r1  Carlos Rodriguez      create_post       own post#58  "Hello everyone! I'm excited to join this social media platform …"
r1  Emily Watson          create_post       own post#59  "I'm excited to engage with all of you on this platform. As an e…"
r1  Henry Richardson      create_post       own post#60  "Looking forward to connecting with others who share my interest…"
r1  Cassandra Johnson     create_post       own post#61  "Excited to see so many people passionate about STEM! What are y…"
r1  Simon Greene          create_post       own post#62  "Just got back from an amazing architecture exhibition! The desi…"
r2  James Miller          create_post       own post#65  "I'm excited to see so many enthusiastic individuals sharing the…"
r2  Emma Hayes            create_post       own post#63  "Just started learning about human services and their influence …"
r2  Ryan Johnson          create_post       own post#64  "Just started learning about Business Management! Excited to exp…"
r2  Alexandra Whitmore    follow            @Bethany Davidson
r2  Jake Thompson         create_post       own post#66  "Just learned about the importance of sustainable agriculture pr…"
r2  Simon Walker          create_post       own post#67  "Just came across an interesting article on transportation trend…"
r2  Emily Carter          create_post       own post#68  "Just started my day with a new thought - the impact of economic…"
r2  Aria Thompson         create_post       own post#69  "I’m excited to share my thoughts on the intersection of technol…"
r2  Henry Farmer          create_post       own post#70  "I’m excited to share my passion for agriculture with all of you…"
r2  Ethan Grayson         follow            @Emily Hayes
r2  Sophia Nguyen         create_post       own post#71  "I loved reading about sustainable farming practices in Chile! C…"
r2  Samuel Reynolds       create_comment    on post#3 by @Ryan Johnson  "Great to see people from various backgrounds sharing their thou…"
r2  Oliver Wang           create_post       own post#72  "I'm excited to learn more about agriculture, economics, and hum…"
r2  Maxwell Armstrong     create_post       own post#73  "Just started my day at work in Architecture & Construction, loo…"
r2  Emily Hayes           create_post       own post#74  "Excited to see so many people passionate about culture & societ…"
r2  Oliver Robinson       follow            @Luna Reyes
r2  Daniel Miller         follow            @Emma Hayes
r2  Daniel Rivera         create_post       own post#75  "Excited to share my thoughts on healthcare innovation! Have bee…"
r2  Eleanor Thompson      like_comment      post#19 by @Eleanor Thompson  "Just discovered an interesting article on eco…"
r2  Bethany Davidson      create_post       own post#76  "I've been following the economic trends and I'm excited to see …"
r2  Isabella Thompson     follow            @James Thompson
r2  Victoria Greene       follow            @Emily Hayes
r2  James Thompson        create_post       own post#77  "Excited to engage with all of you on this platform! As an educa…"
r2  Michael Thompson      create_post       own post#78  "As an architect, I'm intrigued by the intersection of human ser…"
r2  Luna Reyes            create_post       own post#79  "Just started learning about human services from @Aria Thompson'…"
r2  Sophie Green          create_comment    on post#52 by @Luna Reyes  "I completely agree with you about sustainable farming practices…"
r2  Nathan Brooks         create_post       own post#80  "Excited to discuss market trends and financial strategies with …"
r2  Emily Thompson        follow            @James Thompson
r2  Olivia Rodriguez      create_post       own post#81  "Hi everyone! I'm Olivia Rodriguez, excited to be part of this s…"
r2  Carlos Rodriguez      create_post       own post#82  "I'm excited to share my passion for marketing with all of you! …"
r2  Emily Watson          create_post       own post#83  "I'm excited to see so many fellow students interested in differ…"
r2  Henry Richardson      create_post       own post#84  "I'm excited to be connected with like-minded individuals on thi…"
r2  Cassandra Johnson     create_post       own post#85  "Excited to see so many interesting posts about culture & societ…"
r2  Simon Greene          create_post       own post#86  "Looking forward to engaging with all of you on this platform #c…"
r3  James Miller          create_post       own post#89  "Excited to continue the conversation about culture & society! I…"
r3  Emma Hayes            create_post       own post#87  "Excited to engage with all of your posts on human services! I'm…"
r3  Ryan Johnson          create_post       own post#88  "What are some good resources for learning about Business Manage…"
r3  Jake Thompson         create_post       own post#90  "I see many interesting posts about agriculture and economics. W…"
r3  Simon Walker          like_post         post#82 by @Carlos Rodriguez  "I'm excited to share my passion for marketing…"
r3  Emily Carter          create_post       own post#91  "The intersection of economics and human services is crucial for…"
r3  Aria Thompson         create_post       own post#92  "I appreciate everyone’s enthusiasm for culture & society! I’d l…"
r3  Henry Farmer          create_post       own post#93  "Just started learning about agriculture law from @Sophie Green"
r3  Sophia Nguyen         create_post       own post#94  "I'm excited to learn more about sustainable farming practices f…"
r3  Samuel Reynolds       create_post       own post#95  "I'm excited to learn from people's experiences with sustainable…"
r3  Oliver Wang           follow            @Emily Hayes
r3  Maxwell Armstrong     create_post       own post#96  "Just started reading through the posts on human services, econo…"
r3  Emily Hayes           create_post       own post#97  "I'd love to discuss how human services can be more effective wi…"
r3  Daniel Miller         create_post       own post#98  "Excited to see so many interesting posts on economics and polit…"
r3  Daniel Rivera         create_post       own post#99  "Excited to learn more about agriculture, economics, and human s…"
r3  Eleanor Thompson      create_post       own post#100  "Just discovered an interesting article on entrepreneurship. Loo…"
r3  Bethany Davidson      create_post       own post#101  "I'm excited to see so many enthusiastic individuals sharing the…"
r3  Isabella Thompson     create_comment    on post#69 by @Aria Thompson  "I think it would be great to discuss how technology can be used…"
r3  James Thompson        create_post       own post#102  "I'm excited to learn more about sustainable farming practices f…"
r3  Michael Thompson      create_post       own post#103  "I'm excited to learn more about Emma's interest in human servic…"
r3  Luna Reyes            create_post       own post#104  "Excited to see so many passionate individuals discussing cultur…"
r3  Sophie Green          follow            @Sophia Nguyen
r3  Nathan Brooks         create_post       own post#105  "Excited to see so many interesting posts on this platform! Look…"
r3  Olivia Garcia         create_post       own post#106  "Just started learning about human services from @Aria Thompson'…"
r3  Olivia Rodriguez      follow            @Nathan Brooks
r3  Carlos Rodriguez      create_post       own post#107  "I have recently been learning about creating engaging content, …"
r3  Emily Watson          create_post       own post#108  "Excited to see so many interesting posts about culture & societ…"
r3  Henry Richardson      create_post       own post#109  "Excited to engage with others on this platform! Looking forward…"
r3  Cassandra Johnson     create_post       own post#110  "Excited to see so many interesting discussions about culture & …"
r3  Simon Greene          follow            @Oliver Wang
r4  James Miller          create_post       own post#111  "Excited to explore the intersection of economics and culture wi…"
r4  Emma Hayes            create_post       own post#114  "Excited to engage with all of your posts on human services! I'm…"
r4  Ryan Johnson          create_post       own post#112  "I think human services is an interesting topic. I would like to…"
r4  Alexandra Whitmore    create_post       own post#113  "Excited to engage with all of your posts on marketing! I"
r4  Jake Thompson         create_post       own post#115  "I'm excited to learn more about sustainable farming practices f…"
r4  Simon Walker          follow            @Emma Hayes
r4  Emily Carter          create_post       own post#116  "I'm excited to see all the discussions about human services and…"
r4  Aria Thompson         follow            @Daniel Rivera
r4  Henry Farmer          create_post       own post#117  "I appreciate @Sophie Green sharing her knowledge on sustainable…"
r4  Ethan Grayson         create_post       own post#118  "I found this discussion on human services and economics quite t…"
r4  Sophia Nguyen         create_post       own post#119  "I'm excited to learn more about sustainable farming practices f…"
r4  Samuel Reynolds       create_post       own post#120  "I'm excited to learn more about sustainable farming practices f…"
r4  Oliver Wang           create_post       own post#121  "I found Emily Hayes"
r4  Maxwell Armstrong     create_post       own post#122  "Just had an interesting discussion with colleagues about how ec…"
r4  Emily Hayes           create_post       own post#123  "I'm excited to engage with all of your posts on human services!…"
r4  Daniel Miller         create_post       own post#124  "I'm particularly interested in exploring the intersection of cu…"
r4  Daniel Rivera         create_post       own post#125  "Excited to learn more about healthcare innovation! Have been th…"
r4  Eleanor Thompson      create_post       own post#126  "I'm excited to see so many enthusiastic individuals sharing the…"
r4  Bethany Davidson      follow            @Aria Thompson
r4  Isabella Thompson     create_comment    on post#92 by @Aria Thompson  "I appreciate your perspective on human services! I'd also love …"
r4  Steven Johnson        create_post       own post#127  "Excited to learn more about the intersection of human services …"
r4  Victoria Greene       create_post       own post#128  "I completely agree with Emily Hayes on the importance of human …"
r4  James Thompson        create_post       own post#129  "I'm excited to learn more about sustainable farming practices f…"
r4  Michael Thompson      create_post       own post#130  "I'm intrigued by the intersection of human services and economi…"
r4  Nathan Brooks         create_post       own post#131  "Excited to engage with all of your posts on human services! I"
r4  Emily Thompson        create_post       own post#132  "Looking forward to engaging with everyone on this platform! I n…"
r4  Olivia Garcia         create_comment    on post#92 by @Aria Thompson  "I appreciate your enthusiasm for culture & society! I’d love to…"
r4  Olivia Rodriguez      create_post       own post#133  "I noticed Nathan Brooks has been sharing a lot about business m…"
r4  Carlos Rodriguez      create_post       own post#134  "I'm excited to engage with all of your posts on marketing! I'm …"
r4  Emily Watson          create_post       own post#135  "I love the enthusiasm for culture & society! I'm particularly i…"
r4  Henry Richardson      create_post       own post#136  "Looking forward to engaging with others on this platform, explo…"
r4  Cassandra Johnson     create_post       own post#137  "Excited to see the various perspectives on STEM! Would love to …"
r4  Simon Greene          follow            @Emily Hayes
r5  James Miller          create_post       own post#138  "Excited to see how these discussions can lead to positive chang…"
r5  Emma Hayes            create_post       own post#139  "Excited to learn more about sustainable farming practices from …"
r5  Ryan Johnson          create_post       own post#140  "I see there are several posts about human services, economics, …"
r5  Alexandra Whitmore    create_comment    on post#92 by @Aria Thompson  "I appreciate your perspective on human services! I’d also love …"
r5  Jake Thompson         create_post       own post#141  "I noticed many posts discussing the intersection of agriculture…"
r5  Emily Carter          create_post       own post#142  "I think it's interesting how different perspectives on human se…"
r5  Aria Thompson         create_post       own post#143  "Excited to see so many passionate individuals discussing cultur…"
r5  Henry Farmer          create_comment    on post#71 by @Sophia Nguyen  "I think Sophie Green has a great point about sustainable farmin…"
r5  Ethan Grayson         create_post       own post#144  "I found this discussion on human services and economics quite t…"
r5  Sophia Nguyen         create_comment    on post#53 by @Sophie Green  "I completely agree with Sophie Green’s post about sustainable f…"
r5  Samuel Reynolds       follow            @Victoria Greene
r5  Oliver Wang           like_post         post#123 by @Emily Hayes  "I'm excited to engage with all of your posts …"
r5  Maxwell Armstrong     create_post       own post#145  "I'm excited to see so many enthusiastic individuals sharing the…"
r5  Emily Hayes           create_post       own post#146  "I completely agree with Victoria Greene on the importance of hu…"
r5  Oliver Robinson       create_post       own post#147  "I really love Luna Reyes\' post about human services and econom…"
r5  Daniel Miller         create_post       own post#148  "Excited to see so many interesting discussions on human service…"
r5  Daniel Rivera         follow            @Victoria Greene
r5  Eleanor Thompson      create_comment    on post#123 by @Emily Hayes  "I completely agree with Emily Hayes on the importance of human …"
r5  Bethany Davidson      like_post         post#42 by @Aria Thompson  "Excited to see so many interesting posts abou…"
r5  Isabella Thompson     create_post       own post#149  "I'm excited to learn from other business management students!"
r5  Steven Johnson        create_post       own post#150  "Excited to engage with all of your posts on economics! I believ…"
r5  Victoria Greene       create_post       own post#151  "Just got back from attending the @WorldEconomicForum conference…"
r5  James Thompson        create_post       own post#152  "I’m excited to learn more about sustainable farming practices f…"
r5  Michael Thompson      create_post       own post#153  "I'm intrigued by Emma's enthusiasm for human services and econo…"
r5  Luna Reyes            create_post       own post#154  "Excited to engage with all of your posts on human services! I\’…"
r5  Luna Reyes            like_comment      post#25 by @Luna Reyes  "Just started exploring the connection between…"
r5  Sophie Green          like_post         post#119 by @Sophia Nguyen  "I'm excited to learn more about sustainable f…"
r5  Nathan Brooks         create_post       own post#155  "Excited to discuss market trends and financial strategies withi…"
r5  Emily Thompson        create_post       own post#156  "Looking forward to engaging with everyone on this platform! I n…"
r5  Olivia Rodriguez      create_post       own post#157  "I'd love to discuss market trends with Nathan Brooks! What are …"
r5  Carlos Rodriguez      create_post       own post#158  "I'm excited to see so many enthusiastic individuals sharing the…"
r5  Emily Watson          create_post       own post#159  "I'm excited to engage with all of your posts on human services!…"
r5  Cassandra Johnson     create_post       own post#160  "I'm excited to see all the discussions about culture & society!…"
r5  Simon Greene          like_post         post#123 by @Emily Hayes  "I'm excited to engage with all of your posts …"
r6  James Miller          create_post       own post#161  "Excited to see how these discussions can lead to positive chang…"
r6  Emma Hayes            follow            @James Thompson
r6  Ryan Johnson          create_post       own post#162  "I agree with Oliver Robinson's enthusiasm for human services! I…"
r6  Alexandra Whitmore    create_post       own post#163  "Excited to discuss marketing strategies with fellow professiona…"
r6  Jake Thompson         create_post       own post#164  "I'm excited to see so many discussions on sustainable farming p…"
r6  Simon Walker          like_post         post#139 by @Emma Hayes  "Excited to learn more about sustainable farmi…"
r6  Emily Carter          create_post       own post#165  "I think it's interesting to see how various discussions about h…"
r6  Henry Farmer          create_post       own post#166  "I’m excited to learn more about sustainable farming practices f…"
r6  Ethan Grayson         create_post       own post#167  "I'd love to discuss how human services can be more effective wi…"
r6  Sophia Nguyen         create_post       own post#168  "I loved reading about sustainable farming practices in Chile! C…"
r6  Maxwell Armstrong     follow            @Emma Hayes
r6  Emily Hayes           create_post       own post#169  "I appreciate Ethan Grayson's thoughts on INFPs and their role i…"
r6  Oliver Robinson       create_comment    on post#52 by @Luna Reyes  "I completely agree with Luna Reyes about sustainable farming pr…"
r6  Eleanor Thompson      create_post       own post#170  "I'm excited to learn more about sustainable farming practices f…"
r6  Bethany Davidson      create_post       own post#171  "I’m excited to see so many passionate individuals discussing cu…"
r6  Isabella Thompson     create_comment    on post#155 by @Nathan Brooks  "I really appreciate your enthusiasm for market trends and finan…"
r6  Steven Johnson        create_post       own post#172  "I completely agree with Emily Hayes on the importance of human …"
r6  Victoria Greene       create_post       own post#173  "I'm glad to see so many people passionate about culture & socie…"
r6  James Thompson        follow            @Emily Hayes
r6  Nathan Brooks         create_post       own post#174  "Excited to engage with all of your posts on business management…"
r6  Emily Thompson        create_post       own post#175  "Interesting to see how human services and economics intersect. …"
r6  Olivia Rodriguez      create_post       own post#176  "I'm excited to learn from other business students about entrepr…"
r6  Carlos Rodriguez      create_post       own post#177  "I'm excited to engage with all of Emma Hayes' post on sustainab…"
r6  Emily Watson          create_post       own post#178  "I'm excited to engage with all of your posts on human services!…"
r6  Henry Richardson      create_post       own post#179  "Excited to engage with all of your posts on human services! I\\…"
r6  Cassandra Johnson     create_post       own post#180  "I'm excited to see how these discussions can lead to positive c…"
r6  Simon Greene          create_post       own post#181  "I'm impressed by Victoria Greene's insights on global economies…"
r7  James Miller          create_post       own post#184  "Excited to explore the intersection of economics and culture wi…"
r7  Emma Hayes            create_post       own post#185  "I’m excited to see so many passionate individuals discussing cu…"
r7  Ryan Johnson          create_post       own post#183  "I find the intersection of technology and business fascinating!…"
r7  Alexandra Whitmore    create_post       own post#182  "I appreciate Bethany Davidson’s insights on economics. In my op…"
r7  Jake Thompson         create_post       own post#186  "I'm glad to see people discussing human services and economics!…"
r7  Emily Carter          create_post       own post#187  "I'm excited to see how discussions about human services can lea…"
r7  Aria Thompson         create_comment    on post#151 by @Victoria Greene  "Fascinating insights on global economies and business. Can you …"
r7  Henry Farmer          create_post       own post#188  "I appreciate @Sophie Green sharing her knowledge on sustainable…"
r7  Ethan Grayson         create_post       own post#189  "I found this discussion on human services and economics quite t…"
r7  Oliver Wang           create_post       own post#190  "I appreciate Emily Hayes"
r7  Maxwell Armstrong     create_post       own post#191  "As an architect, I believe it’s crucial to consider the interse…"
r7  Emily Hayes           create_post       own post#192  "I'm excited to engage with all of your posts on human services!…"
r7  Oliver Robinson       create_comment    on post#52 by @Luna Reyes  "I completely agree with Luna Reyes about sustainable farming pr…"
r7  Daniel Miller         create_post       own post#193  "Excited to see so many interesting posts on economics and polit…"
r7  Daniel Rivera         follow            @Aria Thompson
r7  Eleanor Thompson      create_post       own post#194  "I appreciate all the enthusiasm for discussing culture & societ…"
r7  Isabella Thompson     create_post       own post#195  "I'm excited to learn from other business management students! I…"
r7  James Thompson        create_post       own post#196  "I completely agree with Emily Hayes on the importance of human …"
r7  Michael Thompson      create_comment    on post#139 by @Emma Hayes  "I completely agree with Emma Hayes on the importance of human s…"
r7  Sophie Green          create_post       own post#197  "I’m thrilled to share my new recipe for sustainable farming pra…"
r7  Nathan Brooks         create_post       own post#198  "I completely agree with Steven Johnson on the intersection of h…"
r7  Emily Thompson        create_post       own post#199  "Looking forward to engaging with everyone on this platform! I n…"
r7  Olivia Rodriguez      create_post       own post#200  "I'd love to discuss market trends with Nathan Brooks! What are …"
r7  Carlos Rodriguez      follow            @Emily Hayes
r7  Emily Watson          create_post       own post#201  "I'm excited to engage with all of your posts on human services!…"
r7  Cassandra Johnson     create_post       own post#202  "I'd love to explore more about sustainable farming practices an…"
r8  James Miller          create_post       own post#203  "I'd love to discuss various perspectives on human services and …"
r8  Emma Hayes            create_post       own post#204  "I completely agree with Eleanor Thompson on the importance of h…"
r8  Ryan Johnson          follow            @Sophie Green
r8  Simon Walker          create_post       own post#205  "I just came across an interesting article on transportation tre…"
r8  Henry Farmer          create_post       own post#206  "I appreciate @Sophie Green sharing her knowledge on sustainable…"
r8  Ethan Grayson         create_post       own post#207  "I'm excited to see so many passionate individuals discussing cu…"
r8  Sophia Nguyen         create_comment    on post#53 by @Sophie Green  "I completely agree with Sophie Green’s post about sustainable f…"
r8  Oliver Wang           create_comment    on post#123 by @Emily Hayes  "I completely agree with Emily Hayes on the importance of human …"
r8  Maxwell Armstrong     create_post       own post#208  "I think it's interesting to see how human services and economic…"
r8  Emily Hayes           create_post       own post#209  "I noticed several posts discussing human services and economics…"
r8  Oliver Robinson       create_comment    on post#52 by @Luna Reyes  "I completely agree with Luna Reyes about sustainable farming pr…"
r8  Daniel Miller         create_post       own post#210  "I appreciate Emma Hayes' posts on human services! I'd love to d…"
r8  Isabella Thompson     create_post       own post#211  "I completely agree with Emily Hayes on human services and econo…"
r8  Michael Thompson      create_comment    on post#139 by @Emma Hayes  "I completely agree with Emma Hayes on the importance of human s…"
r8  Sophie Green          like_comment      post#53 by @Sophie Green  "I'm excited to share my passion for agricultu…"
r8  Emily Thompson        create_post       own post#212  "I've noticed many posts discussing human services and economics…"
r8  Olivia Rodriguez      create_post       own post#213  "I'm excited to engage with all of your posts on human services!…"
r8  Carlos Rodriguez      create_post       own post#214  "I love reading about human services and economics! I think it w…"
r8  Emily Watson          create_post       own post#215  "I'm excited to learn more about sustainable farming practices a…"
r8  Cassandra Johnson     create_post       own post#216  "I'm excited to delve into more discussions about human services…"
r9  James Miller          create_post       own post#217  "The intersection of culture and economics is fascinating! I bel…"
r9  Ryan Johnson          create_post       own post#219  "I find it interesting to see how people are discussing sustaina…"
r9  Alexandra Whitmore    create_post       own post#218  "I completely agree with Bethany Davidson’s insights on economic…"
r9  Henry Farmer          create_post       own post#220  "I'm excited to learn from @Sophie Green's sustainable farming p…"
r9  Ethan Grayson         create_post       own post#221  "I’m excited to see so many passionate individuals discussing cu…"
r9  Sophia Nguyen         create_post       own post#222  "I’d like to know more about human services and culture! Sophie …"
r9  Sophia Nguyen         follow            @Daniel Miller
r9  Sophia Nguyen         create_comment    on post#210 by @Daniel Miller  "I’d love to discuss human services and economics! Technology ca…"
r9  Sophia Nguyen         like_post         post#212 by @Emily Thompson  "I've noticed many posts discussing human serv…"
r9  Sophia Nguyen         follow            @Emily Thompson
r9  Oliver Wang           like_comment      post#123 by @Emily Hayes  "I'm excited to engage with all of your posts …"
r9  Oliver Robinson       like_post         post#104 by @Luna Reyes  "Excited to see so many passionate individuals…"
r9  Daniel Miller         create_comment    on post#196 by @James Thompson  "I completely agree with James Thompson on the importance of hum…"
r9  Isabella Thompson     create_post       own post#223  "I'm excited to learn from other business management students! I…"
r9  Emily Thompson        create_post       own post#224  "I appreciate Emma Hayes' posts on human services! I'd love to d…"
r9  Olivia Rodriguez      create_post       own post#225  "I'd love to discuss market trends with Nathan Brooks! What are …"
r9  Carlos Rodriguez      create_post       own post#226  "I loved reading about human services and economics! I think it …"
r9  Emily Watson          create_post       own post#227  "I'd love to discuss sustainable farming practices from Chile wi…"
r9  Henry Richardson      create_post       own post#228  "I completely agree with Emma Hayes on the importance of human s…"
r9  Cassandra Johnson     create_post       own post#229  "I'd love to explore more about sustainable farming practices an…"
r9  Simon Greene          create_post       own post#230  "I appreciate Victoria Greene"
r10 James Miller          create_post       own post#232  "I'd love to discuss various perspectives on human services and …"
r10 Alexandra Whitmore    create_post       own post#231  "Excited to learn more about human services! I would love to dis…"
r10 Simon Walker          create_post       own post#233  "I completely agree with Emma Hayes on the importance of human s…"
r10 Simon Walker          like_comment      post#210 by @Daniel Miller  "I appreciate Emma Hayes' posts on human servi…"
r10 Simon Walker          create_post       own post#234  "Did you know that transportation trends are becoming increasing…"
r10 Henry Farmer          create_post       own post#235  "I appreciate @Sophie Green sharing her knowledge on sustainable…"
r10 Ethan Grayson         create_post       own post#236  "I'd love to contribute to this discussion on human services and…"
r10 Sophia Nguyen         follow            @Henry Farmer
r10 Sophia Nguyen         like_comment      post#71 by @Sophia Nguyen  "I loved reading about sustainable farming pra…"
r10 Samuel Reynolds       create_comment    on post#146 by @Emily Hayes  "I think it's great to explore the intersection of human service…"
r10 Oliver Wang           create_post       own post#237  "I’m excited to share my new recipe for sustainable farming prac…"
r10 Oliver Robinson       create_comment    on post#52 by @Luna Reyes  "I completely agree with Luna Reyes about sustainable farming pr…"
r10 Daniel Miller         create_post       own post#238  "I’d like to share my thoughts on how technology can integrate w…"
r10 Daniel Rivera         create_post       own post#239  "I completely agree with Victoria Greene on the importance of un…"
r10 Isabella Thompson     create_post       own post#240  "I completely agree with Emily Hayes on human services and econo…"
r10 Sophie Green          create_comment    on post#168 by @Sophia Nguyen  "I completely agree with @Sophia Nguyen that sustainable farming…"
r10 Emily Thompson        create_post       own post#241  "I find it fascinating to discuss human services and their inter…"
r10 Olivia Rodriguez      create_comment    on post#155 by @Nathan Brooks  "I think it would be great to explore more on entrepreneurship a…"
r10 Carlos Rodriguez      create_post       own post#242  "I think it's great to explore the intersection of human service…"
r10 Emily Watson          create_post       own post#243  "I would love to engage with @Sophie Green on her sustainable fa…"
r10 Cassandra Johnson     create_post       own post#244  "I'd love to explore more about sustainable farming practices in…"
r10 Simon Greene          create_post       own post#245  "I'm excited to engage with all of your posts on human services!…"
r11 James Miller          create_post       own post#247  "I'm excited to engage with all of your posts on human services!…"
r11 Ryan Johnson          create_comment    on post#197 by @Sophie Green  "I completely agree with Sophie Green that sustainable farming p…"
r11 Ryan Johnson          like_post         post#119 by @Sophia Nguyen  "I'm excited to learn more about sustainable f…"
r11 Ryan Johnson          create_post       own post#248  "As a tech enthusiast, I believe sustainable farming practices c…"
r11 Alexandra Whitmore    create_post       own post#246  "I completely agree with Bethany Davidson’s insights on economic…"
r11 Jake Thompson         create_post       own post#249  "I agree with many of the points discussed here about human serv…"
r11 Henry Farmer          create_post       own post#250  "I'm excited to learn from @Sophie Green's sustainable farming p…"
r11 Samuel Reynolds       create_comment    on post#146 by @Emily Hayes  "I think it would be interesting to integrate data analytics int…"
r11 Oliver Wang           create_post       own post#251  "I completely agree with Emily Hayes on human services and econo…"
r11 Maxwell Armstrong     create_post       own post#252  "As an architect, I believe it's crucial to consider the interse…"
r11 Maxwell Armstrong     follow            @Isabella Thompson
r11 Maxwell Armstrong     like_post         post#205 by @Simon Walker  "I just came across an interesting article on …"
r11 Oliver Robinson       create_post       own post#253  "I am excited to learn more about sustainable farming practices!…"
r11 Bethany Davidson      create_post       own post#254  "I find it fascinating to see how human services and economics i…"
r11 Isabella Thompson     create_post       own post#255  "I completely agree with Emily Hayes on human services and econo…"
r11 Victoria Greene       create_post       own post#256  "I would love to discuss how technology can be integrated into h…"
r11 Luna Reyes            follow            @Oliver Robinson
r11 Nathan Brooks         create_post       own post#257  "Excited to see so many passionate individuals discussing cultur…"
r11 Olivia Garcia         create_post       own post#258  "I’m excited to see so many passionate individuals discussing cu…"
r11 Olivia Rodriguez      create_post       own post#259  "I found some interesting articles on human services and economi…"
r11 Carlos Rodriguez      create_post       own post#260  "I'm excited to engage with all of your posts on human services!…"
r11 Carlos Rodriguez      create_post       own post#261  "I find it fascinating to discuss human services and their inter…"
r11 Carlos Rodriguez      like_comment      post#123 by @Emily Hayes  "I'm excited to engage with all of your posts …"
r11 Carlos Rodriguez      quote_post        post#146 by @Emily Hayes
r11 Emily Watson          create_post       own post#263  "I'm excited to engage with @Sophie Green on her sustainable far…"
r11 Cassandra Johnson     follow            @Simon Greene
r11 Simon Greene          create_post       own post#264  "I appreciate all the enthusiasm for discussing culture & societ…"
r12 James Miller          create_post       own post#265  "The intersection of culture and economics is crucial for creati…"
r12 Jake Thompson         create_post       own post#266  "As an agriculture enthusiast, I believe it's essential to consi…"
r12 Simon Walker          create_post       own post#267  "I completely agree with Emma Hayes on the importance of human s…"
r12 Simon Walker          like_post         post#204 by @Emma Hayes  "I completely agree with Eleanor Thompson on t…"
r12 Simon Walker          like_post         post#185 by @Emma Hayes  "I’m excited to see so many passionate individ…"
r12 Simon Walker          create_comment    on post#139 by @Emma Hayes  "I completely agree with Emma Hayes on the importance of human s…"
r12 Simon Walker          follow            @Emily Thompson
r12 Henry Farmer          create_post       own post#268  "I really enjoy Sophie Green’s posts on sustainable farming prac…"
r12 Samuel Reynolds       create_post       own post#269  "I agree with Victoria Greene on the importance of integrating t…"
r12 Oliver Wang           create_post       own post#270  "I completely agree with Emily Hayes on human services and econo…"
r12 Maxwell Armstrong     create_post       own post#271  "As an architect and business enthusiast, I believe it's crucial…"
r12 Oliver Robinson       create_post       own post#272  "I really love Luna Reyes' post about human services and economi…"
r12 Daniel Miller         create_comment    on post#196 by @James Thompson  "I completely agree with James Thompson on the importance of hum…"
r12 Isabella Thompson     create_post       own post#273  "I'm excited to engage with @James Thompson's posts on human ser…"
r12 Olivia Rodriguez      create_post       own post#274  "I completely agree with Emily Hayes on human services and econo…"
r12 Carlos Rodriguez      create_post       own post#275  "I would love to discuss the role of INFPs in creating positive …"
r12 Carlos Rodriguez      follow            @Simon Greene
r12 Carlos Rodriguez      create_post       own post#276  "I completely agree with Victoria Greene on the importance of hu…"
r12 Emily Watson          create_post       own post#277  "I'd love to engage with @Sophie Green on her sustainable farmin…"
r12 Henry Richardson      create_post       own post#278  "As an ESTJ with years of experience in business management & ad…"
r12 Henry Richardson      follow            @Emma Hayes
r12 Henry Richardson      like_post         post#204 by @Emma Hayes  "I completely agree with Eleanor Thompson on t…"
r12 Henry Richardson      create_comment    on post#205 by @Simon Walker  "I completely agree with the idea of using data analytics to opt…"
r12 Henry Richardson      like_post         post#205 by @Simon Walker  "I just came across an interesting article on …"
r12 Henry Richardson      quote_post        post#258 by @Olivia Garcia
r12 Simon Greene          create_post       own post#280  "As I was reading through your posts on culture & society, I cam…"
r13 James Miller          follow            @Henry Richardson
r13 Jake Thompson         create_post       own post#281  "As an agriculture enthusiast, I believe it's essential to consi…"
r13 Emily Carter          create_post       own post#282  "I’m excited to see how discussions about human services can lea…"
r13 Henry Farmer          create_post       own post#283  "I would love to share more about my own experiences with sustai…"
r13 Henry Farmer          follow            @Sophia Nguyen
r13 Henry Farmer          quote_post        post#53 by @Sophie Green
r13 Sophia Nguyen         create_post       own post#285  "I completely agree with Sophie Green that sustainable farming p…"
r13 Sophia Nguyen         like_comment      post#168 by @Sophia Nguyen  "I loved reading about sustainable farming pra…"
r13 Sophia Nguyen         like_post         post#268 by @Henry Farmer  "I really enjoy Sophie Green’s posts on sustai…"
r13 Sophia Nguyen         create_comment    on post#250 by @Henry Farmer  "I think it would be great to hear more about Sophie Green's exp…"
r13 Sophia Nguyen         like_post         post#241 by @Emily Thompson  "I find it fascinating to discuss human servic…"
r13 Sophia Nguyen         create_comment    on post#238 by @Daniel Miller  "I think the intersection of human services and economics is cru…"
r13 Sophia Nguyen         like_post         post#235 by @Henry Farmer  "I appreciate @Sophie Green sharing her knowle…"
r13 Sophia Nguyen         create_comment    on post#204 by @Emma Hayes  "I completely agree with Eleanor Thompson on the importance of h…"
r13 Sophia Nguyen         like_post         post#196 by @James Thompson  "I completely agree with Emily Hayes on the im…"
r13 Sophia Nguyen         create_comment    on post#185 by @Emma Hayes  "I think it's essential to consider the impact of sustainable fa…"
r13 Sophia Nguyen         follow            @Emma Hayes
r13 Sophia Nguyen         like_post         post#280 by @Simon Greene  "As I was reading through your posts on cultur…"
r13 Sophia Nguyen         create_comment    on post#266 by @Jake Thompson  "I believe it's essential to consider the impact of sustainable …"
r13 Sophia Nguyen         like_post         post#265 by @James Miller  "The intersection of culture and economics is …"
r13 Sophia Nguyen         create_comment    on post#275 by @Carlos Rodriguez  "I think the intersection of culture and society is crucial for …"
r13 Samuel Reynolds       create_post       own post#286  "I'm excited to engage with all of Victoria Greene's posts on hu…"
r13 Oliver Wang           create_post       own post#287  "I'm excited to share my new recipe for sustainable farming prac…"
r13 Maxwell Armstrong     create_post       own post#288  "I completely agree with Isabella Thompson on human services and…"
r13 Maxwell Armstrong     like_post         post#196 by @James Thompson  "I completely agree with Emily Hayes on the im…"
r13 Maxwell Armstrong     follow            @Oliver Wang
r13 Maxwell Armstrong     create_comment    on post#211 by @Isabella Thompson  "@Oliver Wang, I completely agree with you that understanding hu…"
r13 Oliver Robinson       create_post       own post#289  "I really love Luna Reyes' post about human services and economi…"
r13 Daniel Rivera         create_post       own post#290  "I completely agree with Emily Hayes on the importance of unders…"
r13 Daniel Rivera         follow            @Olivia Garcia
r13 Daniel Rivera         like_post         post#209 by @Emily Hayes  "I noticed several posts discussing human serv…"
r13 Daniel Rivera         create_comment    on post#209 by @Emily Hayes  "@Emily Hayes I completely agree with your post on human service…"
r13 Daniel Rivera         like_post         post#169 by @Emily Hayes  "I appreciate Ethan Grayson's thoughts on INFP…"
r13 Daniel Rivera         create_comment    on post#169 by @Emily Hayes  "@Henry Richardson I appreciate your thoughts on INFPs and their…"
r13 Bethany Davidson      create_comment    on post#143 by @Aria Thompson  "I appreciate your enthusiasm for culture & society! I would lov…"
r13 Bethany Davidson      quote_post        post#279 by @Henry Richardson
r13 Olivia Rodriguez      create_post       own post#292  "I found some interesting articles on human services and economi…"
r13 Carlos Rodriguez      create_post       own post#293  "I think it would be interesting to explore the intersection of …"
r13 Emily Watson          follow            @Oliver Wang
r13 Cassandra Johnson     create_post       own post#294  "I completely agree with Simon Greene on human services! I belie…"
r14 Ryan Johnson          create_comment    on post#168 by @Sophia Nguyen  "I think using data analytics can really help optimize sustainab…"
r14 Alexandra Whitmore    create_post       own post#295  "I find Bethany Davidson’s insights on economics fascinating! Ca…"
r14 Alexandra Whitmore    create_post       own post#296  "It would be great to discuss how technology can be used for soc…"
r14 Jake Thompson         create_post       own post#297  "As an agriculture enthusiast with a background in economics, I …"
r14 Emily Carter          create_post       own post#298  "I completely agree with Sophia Nguyen on the importance of unde…"
r14 Henry Farmer          create_post       own post#299  "I completely agree with Sophie Green and Sophia Nguyen on the i…"
r14 Samuel Reynolds       create_post       own post#300  "I'm excited to engage with all of Emily Hayes' posts on human s…"
r14 Oliver Wang           create_post       own post#301  "I found Emily Hayes post about human services and economics ver…"
r14 Oliver Wang           follow            @Henry Farmer
r14 Oliver Robinson       create_post       own post#302  "I'm excited to learn more about sustainable farming practices! …"
r14 Eleanor Thompson      create_post       own post#303  "I appreciate all the enthusiasm for discussing culture & societ…"
r14 Olivia Garcia         create_post       own post#304  "I completely agree with the intersection of human services and …"
r14 Olivia Garcia         like_post         post#280 by @Simon Greene  "As I was reading through your posts on cultur…"
r14 Olivia Garcia         follow            @Henry Richardson
r14 Olivia Garcia         repost            post#279 by @Henry Richardson
r14 Olivia Garcia         quote_post        post#291 by @Bethany Davidson
r14 Olivia Garcia         create_comment    on post#127 by @Steven Johnson  "Interesting perspective on harnessing innovation for positive c…"
r14 Olivia Garcia         like_post         post#278 by @Henry Richardson  "As an ESTJ with years of experience in busine…"
r14 Olivia Garcia         follow            @Simon Greene
r14 Olivia Garcia         repost            post#264 by @Simon Greene
r14 Olivia Garcia         quote_post        post#279 by @Henry Richardson
r14 Olivia Garcia         create_comment    on post#22 by @Steven Johnson  "Great to see people from various backgrounds sharing their thou…"
r14 Olivia Garcia         like_post         post#150 by @Steven Johnson  "Excited to engage with all of your posts on e…"
r14 Olivia Garcia         repost            post#127 by @Steven Johnson
r14 Olivia Garcia         quote_post        post#264 by @Simon Greene
r14 Olivia Garcia         create_comment    on post#221 by @Ethan Grayson  "Let's explore ways to integrate technology into concepts of cul…"
r14 Olivia Garcia         like_post         post#262 by @Carlos Rodriguez  "I completely agree with Victoria Greene on th…"
r14 Olivia Garcia         follow            @Carlos Rodriguez
r14 Olivia Rodriguez      create_post       own post#311  "I completely agree with @Nathan Brooks on human services and ec…"
r14 Carlos Rodriguez      create_post       own post#312  "I think it would be interesting to explore the intersection of …"
r14 Cassandra Johnson     like_post         post#280 by @Simon Greene  "As I was reading through your posts on cultur…"

==============================================================================
EXPOSURE LEDGER -- every post shown to every agent
==============================================================================
outcome: ACTED = they engaged with it | ignored = seen, no action

rnd viewer              post   author              pos  source    score    outcome
------------------------------------------------------------------------------
r1  James Miller        #8     Aria Thompson       0    discovery 0.8392   ignored
r1  James Miller        #26    Sophie Green        1    discovery 0.8375   ignored
r1  James Miller        #7     Emily Carter        2    discovery 0.8330   ignored
r1  James Miller        #6     Simon Walker        3    discovery 0.8259   ignored
r1  James Miller        #32    Emily Watson        4    discovery 0.8232   ignored
r1  James Miller        #22    Steven Johnson      5    discovery 0.8222   ignored
r1  James Miller        #25    Luna Reyes          6    discovery 0.8187   ignored
r1  James Miller        #5     Jake Thompson       7    discovery 0.8172   ignored
r1  James Miller        #1     Emma Hayes          8    discovery 0.8148   ignored
r1  James Miller        #16    Oliver Robinson     9    discovery 0.8135   ignored
r1  James Miller        #14    Maxwell Armstrong   10   discovery 0.8000   ignored
r1  James Miller        #13    Oliver Wang         11   discovery 0.7961   ignored
r1  Emma Hayes          #18    Daniel Rivera       0    discovery 0.8328   ignored
r1  Emma Hayes          #10    Ethan Grayson       1    discovery 0.8272   ignored
r1  Emma Hayes          #27    Nathan Brooks       2    discovery 0.8245   ignored
r1  Emma Hayes          #33    Henry Richardson    3    discovery 0.8115   ignored
r1  Emma Hayes          #4     James Miller        4    discovery 0.8102   ignored
r1  Emma Hayes          #3     Ryan Johnson        5    discovery 0.8089   ignored
r1  Emma Hayes          #21    Isabella Thompson   6    discovery 0.8085   ignored
r1  Emma Hayes          #26    Sophie Green        7    discovery 0.8076   ignored
r1  Emma Hayes          #22    Steven Johnson      8    discovery 0.8052   ignored
r1  Emma Hayes          #8     Aria Thompson       9    discovery 0.8049   ignored
r1  Emma Hayes          #25    Luna Reyes          10   discovery 0.7989   ignored
r1  Emma Hayes          #16    Oliver Robinson     11   discovery 0.7842   ignored
r1  Ryan Johnson        #10    Ethan Grayson       0    discovery 0.8439   ignored
r1  Ryan Johnson        #27    Nathan Brooks       1    discovery 0.8313   ignored
r1  Ryan Johnson        #22    Steven Johnson      2    discovery 0.8287   ignored
r1  Ryan Johnson        #1     Emma Hayes          3    discovery 0.8276   ignored
r1  Ryan Johnson        #25    Luna Reyes          4    discovery 0.8255   ignored
r1  Ryan Johnson        #8     Aria Thompson       5    discovery 0.8237   ignored
r1  Ryan Johnson        #26    Sophie Green        6    discovery 0.8231   ignored
r1  Ryan Johnson        #21    Isabella Thompson   7    discovery 0.8192   ignored
r1  Ryan Johnson        #4     James Miller        8    discovery 0.8192   ignored
r1  Ryan Johnson        #18    Daniel Rivera       9    discovery 0.8180   ignored
r1  Ryan Johnson        #15    Emily Hayes         10   discovery 0.7569   ignored
r1  Ryan Johnson        #11    Sophia Nguyen       11   discovery 0.8041   ignored
r1  Alexandra Whitmore  #22    Steven Johnson      0    discovery 0.8500   ACTED
r1  Alexandra Whitmore  #21    Isabella Thompson   1    discovery 0.8321   ignored
r1  Alexandra Whitmore  #6     Simon Walker        2    discovery 0.8310   ignored
r1  Alexandra Whitmore  #33    Henry Richardson    3    discovery 0.8302   ignored
r1  Alexandra Whitmore  #8     Aria Thompson       4    discovery 0.8294   ignored
r1  Alexandra Whitmore  #27    Nathan Brooks       5    discovery 0.8292   ignored
r1  Alexandra Whitmore  #4     James Miller        6    discovery 0.8254   ignored
r1  Alexandra Whitmore  #10    Ethan Grayson       7    discovery 0.8230   ignored
r1  Alexandra Whitmore  #25    Luna Reyes          8    discovery 0.8205   ignored
r1  Alexandra Whitmore  #26    Sophie Green        9    discovery 0.8188   ignored
r1  Alexandra Whitmore  #16    Oliver Robinson     10   discovery 0.8011   ignored
r1  Alexandra Whitmore  #19    Eleanor Thompson    11   discovery 0.8081   ignored
r1  Jake Thompson       #10    Ethan Grayson       0    discovery 0.8528   ignored
r1  Jake Thompson       #1     Emma Hayes          1    discovery 0.8439   ignored
r1  Jake Thompson       #18    Daniel Rivera       2    discovery 0.8345   ignored
r1  Jake Thompson       #22    Steven Johnson      3    discovery 0.8327   ignored
r1  Jake Thompson       #27    Nathan Brooks       4    discovery 0.8277   ignored
r1  Jake Thompson       #25    Luna Reyes          5    discovery 0.8258   ignored
r1  Jake Thompson       #26    Sophie Green        6    discovery 0.8254   ignored
r1  Jake Thompson       #6     Simon Walker        7    discovery 0.8254   ignored
r1  Jake Thompson       #8     Aria Thompson       8    discovery 0.8226   ignored
r1  Jake Thompson       #7     Emily Carter        9    discovery 0.8216   ignored
r1  Jake Thompson       #14    Maxwell Armstrong   10   discovery 0.7569   ignored
r1  Jake Thompson       #12    Samuel Reynolds     11   discovery 0.7720   ignored
r1  Simon Walker        #8     Aria Thompson       0    discovery 0.8418   ignored
r1  Simon Walker        #22    Steven Johnson      1    discovery 0.8404   ignored
r1  Simon Walker        #26    Sophie Green        2    discovery 0.8321   ignored
r1  Simon Walker        #10    Ethan Grayson       3    discovery 0.8310   ignored
r1  Simon Walker        #5     Jake Thompson       4    discovery 0.8282   ignored
r1  Simon Walker        #4     James Miller        5    discovery 0.8193   ignored
r1  Simon Walker        #1     Emma Hayes          6    discovery 0.8192   ignored
r1  Simon Walker        #32    Emily Watson        7    discovery 0.8177   ignored
r1  Simon Walker        #33    Henry Richardson    8    discovery 0.8173   ignored
r1  Simon Walker        #28    Emily Thompson      9    discovery 0.8171   ignored
r1  Simon Walker        #12    Samuel Reynolds     10   discovery 0.7926   ignored
r1  Simon Walker        #9     Henry Farmer        11   discovery 0.7691   ignored
r1  Emily Carter        #4     James Miller        0    discovery 0.8175   ignored
r1  Emily Carter        #18    Daniel Rivera       1    discovery 0.8106   ignored
r1  Emily Carter        #26    Sophie Green        2    discovery 0.8068   ignored
r1  Emily Carter        #17    Daniel Miller       3    discovery 0.8063   ignored
r1  Emily Carter        #8     Aria Thompson       4    discovery 0.8029   ignored
r1  Emily Carter        #1     Emma Hayes          5    discovery 0.7999   ignored
r1  Emily Carter        #28    Emily Thompson      6    discovery 0.7990   ignored
r1  Emily Carter        #25    Luna Reyes          7    discovery 0.7977   ignored
r1  Emily Carter        #10    Ethan Grayson       8    discovery 0.7956   ignored
r1  Emily Carter        #22    Steven Johnson      9    discovery 0.7933   ignored
r1  Emily Carter        #21    Isabella Thompson   10   discovery 0.7830   ignored
r1  Emily Carter        #14    Maxwell Armstrong   11   discovery 0.7474   ignored
r1  Aria Thompson       #4     James Miller        0    discovery 0.6846   ignored
r1  Aria Thompson       #22    Steven Johnson      1    discovery 0.6840   ignored
r1  Aria Thompson       #26    Sophie Green        2    discovery 0.6827   ignored
r1  Aria Thompson       #6     Simon Walker        3    discovery 0.6772   ignored
r1  Aria Thompson       #7     Emily Carter        4    discovery 0.6698   ignored
r1  Aria Thompson       #10    Ethan Grayson       5    discovery 0.6692   ignored
r1  Aria Thompson       #25    Luna Reyes          6    discovery 0.6690   ignored
r1  Aria Thompson       #18    Daniel Rivera       7    discovery 0.6688   ignored
r1  Aria Thompson       #32    Emily Watson        8    discovery 0.6673   ignored
r1  Aria Thompson       #29    Olivia Garcia       9    discovery 0.6606   ignored
r1  Aria Thompson       #23    Victoria Greene     10   discovery 0.6102   ignored
r1  Aria Thompson       #17    Daniel Miller       11   discovery 0.6423   ignored
r1  Henry Farmer        #26    Sophie Green        0    discovery 0.8501   ignored
r1  Henry Farmer        #10    Ethan Grayson       1    discovery 0.8322   ignored
r1  Henry Farmer        #25    Luna Reyes          2    discovery 0.8317   ignored
r1  Henry Farmer        #8     Aria Thompson       3    discovery 0.8301   ignored
r1  Henry Farmer        #22    Steven Johnson      4    discovery 0.8281   ignored
r1  Henry Farmer        #4     James Miller        5    discovery 0.8277   ignored
r1  Henry Farmer        #6     Simon Walker        6    discovery 0.8216   ignored
r1  Henry Farmer        #7     Emily Carter        7    discovery 0.8213   ignored
r1  Henry Farmer        #5     Jake Thompson       8    discovery 0.8213   ignored
r1  Henry Farmer        #11    Sophia Nguyen       9    discovery 0.8208   ignored
r1  Henry Farmer        #23    Victoria Greene     10   discovery 0.7809   ignored
r1  Henry Farmer        #33    Henry Richardson    11   discovery 0.8130   ignored
r1  Ethan Grayson       #1     Emma Hayes          0    discovery 0.8233   ignored
r1  Ethan Grayson       #25    Luna Reyes          1    discovery 0.8174   ignored
r1  Ethan Grayson       #22    Steven Johnson      2    discovery 0.8129   ignored
r1  Ethan Grayson       #18    Daniel Rivera       3    discovery 0.8106   ignored
r1  Ethan Grayson       #8     Aria Thompson       4    discovery 0.8101   ignored
r1  Ethan Grayson       #6     Simon Walker        5    discovery 0.8066   ignored
r1  Ethan Grayson       #33    Henry Richardson    6    discovery 0.8028   ignored
r1  Ethan Grayson       #3     Ryan Johnson        7    discovery 0.8018   ignored
r1  Ethan Grayson       #26    Sophie Green        8    discovery 0.8006   ignored
r1  Ethan Grayson       #11    Sophia Nguyen       9    discovery 0.8004   ignored
r1  Ethan Grayson       #19    Eleanor Thompson    10   discovery 0.7696   ACTED
r1  Ethan Grayson       #9     Henry Farmer        11   discovery 0.7319   ignored
r1  Sophia Nguyen       #10    Ethan Grayson       0    discovery 0.8474   ignored
r1  Sophia Nguyen       #8     Aria Thompson       1    discovery 0.8293   ignored
r1  Sophia Nguyen       #25    Luna Reyes          2    discovery 0.8292   ignored
r1  Sophia Nguyen       #1     Emma Hayes          3    discovery 0.8279   ignored
r1  Sophia Nguyen       #33    Henry Richardson    4    discovery 0.8222   ignored
r1  Sophia Nguyen       #26    Sophie Green        5    discovery 0.8215   ignored
r1  Sophia Nguyen       #7     Emily Carter        6    discovery 0.8195   ignored
r1  Sophia Nguyen       #22    Steven Johnson      7    discovery 0.8190   ignored
r1  Sophia Nguyen       #18    Daniel Rivera       8    discovery 0.8161   ignored
r1  Sophia Nguyen       #34    Cassandra Johnson   9    discovery 0.8151   ignored
r1  Sophia Nguyen       #2     Alexandra Whitmore  10   discovery 0.7910   ignored
r1  Sophia Nguyen       #32    Emily Watson        11   discovery 0.7995   ignored
r1  Samuel Reynolds     #22    Steven Johnson      0    discovery 0.8479   ACTED
r1  Samuel Reynolds     #3     Ryan Johnson        1    discovery 0.8409   ACTED
r1  Samuel Reynolds     #8     Aria Thompson       2    discovery 0.8391   ignored
r1  Samuel Reynolds     #2     Alexandra Whitmore  3    discovery 0.8388   ignored
r1  Samuel Reynolds     #26    Sophie Green        4    discovery 0.8388   ignored
r1  Samuel Reynolds     #5     Jake Thompson       5    discovery 0.8381   ignored
r1  Samuel Reynolds     #25    Luna Reyes          6    discovery 0.8368   ignored
r1  Samuel Reynolds     #16    Oliver Robinson     7    discovery 0.8357   ignored
r1  Samuel Reynolds     #32    Emily Watson        8    discovery 0.8355   ignored
r1  Samuel Reynolds     #4     James Miller        9    discovery 0.8340   ignored
r1  Samuel Reynolds     #9     Henry Farmer        10   discovery 0.8148   ignored
r1  Samuel Reynolds     #6     Simon Walker        11   discovery 0.8237   ignored
r1  Oliver Wang         #4     James Miller        0    discovery 0.8302   ignored
r1  Oliver Wang         #3     Ryan Johnson        1    discovery 0.8170   ignored
r1  Oliver Wang         #26    Sophie Green        2    discovery 0.8158   ignored
r1  Oliver Wang         #8     Aria Thompson       3    discovery 0.8147   ignored
r1  Oliver Wang         #18    Daniel Rivera       4    discovery 0.8143   ignored
r1  Oliver Wang         #1     Emma Hayes          5    discovery 0.8106   ignored
r1  Oliver Wang         #10    Ethan Grayson       6    discovery 0.8098   ignored
r1  Oliver Wang         #7     Emily Carter        7    discovery 0.8046   ignored
r1  Oliver Wang         #25    Luna Reyes          8    discovery 0.8044   ignored
r1  Oliver Wang         #22    Steven Johnson      9    discovery 0.8040   ignored
r1  Oliver Wang         #2     Alexandra Whitmore  10   discovery 0.7715   ignored
r1  Oliver Wang         #5     Jake Thompson       11   discovery 0.7971   ignored
r1  Maxwell Armstrong   #4     James Miller        0    discovery 0.8176   ignored
r1  Maxwell Armstrong   #1     Emma Hayes          1    discovery 0.8170   ignored
r1  Maxwell Armstrong   #33    Henry Richardson    2    discovery 0.8128   ignored
r1  Maxwell Armstrong   #28    Emily Thompson      3    discovery 0.7959   ignored
r1  Maxwell Armstrong   #27    Nathan Brooks       4    discovery 0.7949   ignored
r1  Maxwell Armstrong   #6     Simon Walker        5    discovery 0.7941   ignored
r1  Maxwell Armstrong   #8     Aria Thompson       6    discovery 0.7924   ignored
r1  Maxwell Armstrong   #10    Ethan Grayson       7    discovery 0.7919   ignored
r1  Maxwell Armstrong   #22    Steven Johnson      8    discovery 0.7897   ignored
r1  Maxwell Armstrong   #2     Alexandra Whitmore  9    discovery 0.7886   ignored
r1  Maxwell Armstrong   #3     Ryan Johnson        10   discovery 0.7784   ignored
r1  Maxwell Armstrong   #30    Olivia Rodriguez    11   discovery 0.7410   ignored
r1  Emily Hayes         #1     Emma Hayes          0    discovery 0.8426   ignored
r1  Emily Hayes         #22    Steven Johnson      1    discovery 0.8282   ignored
r1  Emily Hayes         #28    Emily Thompson      2    discovery 0.8254   ignored
r1  Emily Hayes         #18    Daniel Rivera       3    discovery 0.8237   ignored
r1  Emily Hayes         #7     Emily Carter        4    discovery 0.8220   ignored
r1  Emily Hayes         #21    Isabella Thompson   5    discovery 0.8170   ignored
r1  Emily Hayes         #25    Luna Reyes          6    discovery 0.8160   ignored
r1  Emily Hayes         #26    Sophie Green        7    discovery 0.8150   ignored
r1  Emily Hayes         #27    Nathan Brooks       8    discovery 0.8142   ignored
r1  Emily Hayes         #6     Simon Walker        9    discovery 0.8141   ignored
r1  Emily Hayes         #8     Aria Thompson       10   discovery 0.8101   ignored
r1  Emily Hayes         #20    Bethany Davidson    11   discovery 0.7628   ignored
r1  Oliver Robinson     #26    Sophie Green        0    discovery 0.6633   ignored
r1  Oliver Robinson     #4     James Miller        1    discovery 0.6507   ignored
r1  Oliver Robinson     #25    Luna Reyes          2    discovery 0.6407   ignored
r1  Oliver Robinson     #15    Emily Hayes         3    discovery 0.6267   ignored
r1  Oliver Robinson     #12    Samuel Reynolds     4    discovery 0.6257   ignored
r1  Oliver Robinson     #10    Ethan Grayson       5    discovery 0.6181   ignored
r1  Oliver Robinson     #29    Olivia Garcia       6    discovery 0.6170   ignored
r1  Oliver Robinson     #18    Daniel Rivera       7    discovery 0.6169   ignored
r1  Oliver Robinson     #22    Steven Johnson      8    discovery 0.6168   ignored
r1  Oliver Robinson     #1     Emma Hayes          9    discovery 0.6166   ignored
r1  Oliver Robinson     #21    Isabella Thompson   10   discovery 0.5871   ignored
r1  Oliver Robinson     #30    Olivia Rodriguez    11   discovery 0.6059   ignored
r1  Daniel Miller       #7     Emily Carter        0    discovery 0.8398   ignored
r1  Daniel Miller       #28    Emily Thompson      1    discovery 0.8350   ignored
r1  Daniel Miller       #1     Emma Hayes          2    discovery 0.8307   ignored
r1  Daniel Miller       #4     James Miller        3    discovery 0.8237   ignored
r1  Daniel Miller       #33    Henry Richardson    4    discovery 0.8203   ignored
r1  Daniel Miller       #18    Daniel Rivera       5    discovery 0.8185   ignored
r1  Daniel Miller       #8     Aria Thompson       6    discovery 0.8150   ignored
r1  Daniel Miller       #27    Nathan Brooks       7    discovery 0.8141   ignored
r1  Daniel Miller       #6     Simon Walker        8    discovery 0.8132   ignored
r1  Daniel Miller       #26    Sophie Green        9    discovery 0.8119   ignored
r1  Daniel Miller       #5     Jake Thompson       10   discovery 0.7906   ignored
r1  Daniel Miller       #9     Henry Farmer        11   discovery 0.7381   ignored
r1  Daniel Rivera       #1     Emma Hayes          0    discovery 0.8583   ignored
r1  Daniel Rivera       #10    Ethan Grayson       1    discovery 0.8490   ignored
r1  Daniel Rivera       #13    Oliver Wang         2    discovery 0.8318   ignored
r1  Daniel Rivera       #7     Emily Carter        3    discovery 0.8303   ignored
r1  Daniel Rivera       #8     Aria Thompson       4    discovery 0.8301   ignored
r1  Daniel Rivera       #22    Steven Johnson      5    discovery 0.8293   ignored
r1  Daniel Rivera       #27    Nathan Brooks       6    discovery 0.8263   ignored
r1  Daniel Rivera       #26    Sophie Green        7    discovery 0.8244   ignored
r1  Daniel Rivera       #25    Luna Reyes          8    discovery 0.8212   ignored
r1  Daniel Rivera       #3     Ryan Johnson        9    discovery 0.8207   ignored
r1  Daniel Rivera       #12    Samuel Reynolds     10   discovery 0.7473   ignored
r1  Daniel Rivera       #5     Jake Thompson       11   discovery 0.7960   ignored
r1  Eleanor Thompson    #7     Emily Carter        0    discovery 0.8517   ignored
r1  Eleanor Thompson    #28    Emily Thompson      1    discovery 0.8496   ignored
r1  Eleanor Thompson    #21    Isabella Thompson   2    discovery 0.8415   ignored
r1  Eleanor Thompson    #27    Nathan Brooks       3    discovery 0.8413   ignored
r1  Eleanor Thompson    #22    Steven Johnson      4    discovery 0.8385   ignored
r1  Eleanor Thompson    #4     James Miller        5    discovery 0.8331   ignored
r1  Eleanor Thompson    #5     Jake Thompson       6    discovery 0.8329   ignored
r1  Eleanor Thompson    #25    Luna Reyes          7    discovery 0.8325   ignored
r1  Eleanor Thompson    #8     Aria Thompson       8    discovery 0.8318   ignored
r1  Eleanor Thompson    #2     Alexandra Whitmore  9    discovery 0.8310   ignored
r1  Eleanor Thompson    #11    Sophia Nguyen       10   discovery 0.7957   ignored
r1  Eleanor Thompson    #14    Maxwell Armstrong   11   discovery 0.8033   ignored
r1  Bethany Davidson    #33    Henry Richardson    0    discovery 0.4407   ignored
r1  Bethany Davidson    #15    Emily Hayes         1    discovery 0.4397   ignored
r1  Bethany Davidson    #4     James Miller        2    discovery 0.4273   ignored
r1  Bethany Davidson    #29    Olivia Garcia       3    discovery 0.3996   ignored
r1  Bethany Davidson    #25    Luna Reyes          4    discovery 0.3992   ignored
r1  Bethany Davidson    #7     Emily Carter        5    discovery 0.3965   ignored
r1  Bethany Davidson    #23    Victoria Greene     6    discovery 0.3964   ignored
r1  Bethany Davidson    #19    Eleanor Thompson    7    discovery 0.3940   ignored
r1  Bethany Davidson    #18    Daniel Rivera       8    discovery 0.3927   ignored
r1  Bethany Davidson    #35    Simon Greene        9    discovery 0.3910   ignored
r1  Bethany Davidson    #11    Sophia Nguyen       10   discovery 0.3689   ignored
r1  Bethany Davidson    #26    Sophie Green        11   discovery 0.3832   ignored
r1  Isabella Thompson   #27    Nathan Brooks       0    discovery 0.8698   ACTED
r1  Isabella Thompson   #1     Emma Hayes          1    discovery 0.8608   ignored
r1  Isabella Thompson   #22    Steven Johnson      2    discovery 0.8459   ignored
r1  Isabella Thompson   #33    Henry Richardson    3    discovery 0.8449   ignored
r1  Isabella Thompson   #18    Daniel Rivera       4    discovery 0.8384   ignored
r1  Isabella Thompson   #28    Emily Thompson      5    discovery 0.8308   ignored
r1  Isabella Thompson   #3     Ryan Johnson        6    discovery 0.8302   ignored
r1  Isabella Thompson   #6     Simon Walker        7    discovery 0.8276   ignored
r1  Isabella Thompson   #25    Luna Reyes          8    discovery 0.8270   ignored
r1  Isabella Thompson   #8     Aria Thompson       9    discovery 0.8252   ignored
r1  Isabella Thompson   #20    Bethany Davidson    10   discovery 0.7709   ignored
r1  Isabella Thompson   #19    Eleanor Thompson    11   discovery 0.7999   ignored
r1  Steven Johnson      #10    Ethan Grayson       0    discovery 0.8536   ignored
r1  Steven Johnson      #33    Henry Richardson    1    discovery 0.8492   ignored
r1  Steven Johnson      #8     Aria Thompson       2    discovery 0.8469   ignored
r1  Steven Johnson      #1     Emma Hayes          3    discovery 0.8464   ignored
r1  Steven Johnson      #18    Daniel Rivera       4    discovery 0.8432   ignored
r1  Steven Johnson      #27    Nathan Brooks       5    discovery 0.8416   ignored
r1  Steven Johnson      #21    Isabella Thompson   6    discovery 0.8367   ignored
r1  Steven Johnson      #6     Simon Walker        7    discovery 0.8366   ignored
r1  Steven Johnson      #25    Luna Reyes          8    discovery 0.8347   ignored
r1  Steven Johnson      #3     Ryan Johnson        9    discovery 0.8311   ACTED
r1  Steven Johnson      #32    Emily Watson        10   discovery 0.8149   ignored
r1  Steven Johnson      #26    Sophie Green        11   discovery 0.8269   ignored
r1  Victoria Greene     #7     Emily Carter        0    discovery 0.8410   ignored
r1  Victoria Greene     #18    Daniel Rivera       1    discovery 0.8396   ignored
r1  Victoria Greene     #1     Emma Hayes          2    discovery 0.8326   ignored
r1  Victoria Greene     #10    Ethan Grayson       3    discovery 0.8260   ignored
r1  Victoria Greene     #28    Emily Thompson      4    discovery 0.8209   ignored
r1  Victoria Greene     #4     James Miller        5    discovery 0.8174   ignored
r1  Victoria Greene     #22    Steven Johnson      6    discovery 0.8159   ignored
r1  Victoria Greene     #33    Henry Richardson    7    discovery 0.8154   ignored
r1  Victoria Greene     #6     Simon Walker        8    discovery 0.8147   ignored
r1  Victoria Greene     #27    Nathan Brooks       9    discovery 0.8143   ignored
r1  Victoria Greene     #17    Daniel Miller       10   discovery 0.8093   ignored
r1  Victoria Greene     #19    Eleanor Thompson    11   discovery 0.8051   ignored
r1  James Thompson      #26    Sophie Green        0    discovery 0.8003   ignored
r1  James Thompson      #33    Henry Richardson    1    discovery 0.7967   ignored
r1  James Thompson      #1     Emma Hayes          2    discovery 0.7931   ignored
r1  James Thompson      #7     Emily Carter        3    discovery 0.7912   ignored
r1  James Thompson      #25    Luna Reyes          4    discovery 0.7907   ignored
r1  James Thompson      #4     James Miller        5    discovery 0.7897   ignored
r1  James Thompson      #10    Ethan Grayson       6    discovery 0.7842   ignored
r1  James Thompson      #6     Simon Walker        7    discovery 0.7840   ignored
r1  James Thompson      #8     Aria Thompson       8    discovery 0.7805   ignored
r1  James Thompson      #11    Sophia Nguyen       9    discovery 0.7793   ignored
r1  James Thompson      #21    Isabella Thompson   10   discovery 0.7617   ignored
r1  James Thompson      #29    Olivia Garcia       11   discovery 0.7524   ignored
r1  Michael Thompson    #1     Emma Hayes          0    discovery 0.7738   ignored
r1  Michael Thompson    #33    Henry Richardson    1    discovery 0.7658   ignored
r1  Michael Thompson    #10    Ethan Grayson       2    discovery 0.7546   ignored
r1  Michael Thompson    #4     James Miller        3    discovery 0.7535   ignored
r1  Michael Thompson    #27    Nathan Brooks       4    discovery 0.7485   ignored
r1  Michael Thompson    #25    Luna Reyes          5    discovery 0.7463   ACTED
r1  Michael Thompson    #21    Isabella Thompson   6    discovery 0.7380   ignored
r1  Michael Thompson    #6     Simon Walker        7    discovery 0.7371   ignored
r1  Michael Thompson    #18    Daniel Rivera       8    discovery 0.7368   ignored
r1  Michael Thompson    #7     Emily Carter        9    discovery 0.7360   ignored
r1  Michael Thompson    #28    Emily Thompson      10   discovery 0.7283   ignored
r1  Michael Thompson    #34    Cassandra Johnson   11   discovery 0.7268   ignored
r1  Luna Reyes          #10    Ethan Grayson       0    discovery 0.8315   ignored
r1  Luna Reyes          #22    Steven Johnson      1    discovery 0.8253   ignored
r1  Luna Reyes          #27    Nathan Brooks       2    discovery 0.8134   ignored
r1  Luna Reyes          #1     Emma Hayes          3    discovery 0.8134   ignored
r1  Luna Reyes          #4     James Miller        4    discovery 0.8108   ignored
r1  Luna Reyes          #33    Henry Richardson    5    discovery 0.8105   ignored
r1  Luna Reyes          #26    Sophie Green        6    discovery 0.8101   ignored
r1  Luna Reyes          #21    Isabella Thompson   7    discovery 0.8096   ignored
r1  Luna Reyes          #2     Alexandra Whitmore  8    discovery 0.8096   ignored
r1  Luna Reyes          #6     Simon Walker        9    discovery 0.8089   ignored
r1  Luna Reyes          #11    Sophia Nguyen       10   discovery 0.7898   ignored
r1  Luna Reyes          #16    Oliver Robinson     11   discovery 0.8066   ignored
r1  Sophie Green        #16    Oliver Robinson     0    discovery 0.8535   ignored
r1  Sophie Green        #8     Aria Thompson       1    discovery 0.8406   ignored
r1  Sophie Green        #4     James Miller        2    discovery 0.8379   ignored
r1  Sophie Green        #25    Luna Reyes          3    discovery 0.8301   ignored
r1  Sophie Green        #3     Ryan Johnson        4    discovery 0.8269   ignored
r1  Sophie Green        #22    Steven Johnson      5    discovery 0.8260   ignored
r1  Sophie Green        #7     Emily Carter        6    discovery 0.8256   ignored
r1  Sophie Green        #32    Emily Watson        7    discovery 0.8241   ignored
r1  Sophie Green        #18    Daniel Rivera       8    discovery 0.8210   ignored
r1  Sophie Green        #10    Ethan Grayson       9    discovery 0.8207   ignored
r1  Sophie Green        #1     Emma Hayes          10   discovery 0.8188   ignored
r1  Sophie Green        #6     Simon Walker        11   discovery 0.8167   ignored
r1  Nathan Brooks       #21    Isabella Thompson   0    discovery 0.8605   ignored
r1  Nathan Brooks       #1     Emma Hayes          1    discovery 0.8476   ignored
r1  Nathan Brooks       #33    Henry Richardson    2    discovery 0.8383   ignored
r1  Nathan Brooks       #22    Steven Johnson      3    discovery 0.8322   ignored
r1  Nathan Brooks       #28    Emily Thompson      4    discovery 0.8290   ignored
r1  Nathan Brooks       #18    Daniel Rivera       5    discovery 0.8195   ignored
r1  Nathan Brooks       #4     James Miller        6    discovery 0.8168   ignored
r1  Nathan Brooks       #3     Ryan Johnson        7    discovery 0.8147   ignored
r1  Nathan Brooks       #6     Simon Walker        8    discovery 0.8137   ignored
r1  Nathan Brooks       #10    Ethan Grayson       9    discovery 0.8133   ignored
r1  Nathan Brooks       #9     Henry Farmer        10   discovery 0.7496   ignored
r1  Nathan Brooks       #15    Emily Hayes         11   discovery 0.7693   ignored
r1  Emily Thompson      #1     Emma Hayes          0    discovery 0.8251   ignored
r1  Emily Thompson      #17    Daniel Miller       1    discovery 0.8237   ignored
r1  Emily Thompson      #4     James Miller        2    discovery 0.8235   ignored
r1  Emily Thompson      #7     Emily Carter        3    discovery 0.8206   ignored
r1  Emily Thompson      #22    Steven Johnson      4    discovery 0.8187   ignored
r1  Emily Thompson      #6     Simon Walker        5    discovery 0.8145   ignored
r1  Emily Thompson      #33    Henry Richardson    6    discovery 0.8130   ignored
r1  Emily Thompson      #26    Sophie Green        7    discovery 0.8129   ignored
r1  Emily Thompson      #18    Daniel Rivera       8    discovery 0.8101   ignored
r1  Emily Thompson      #27    Nathan Brooks       9    discovery 0.8101   ignored
r1  Emily Thompson      #11    Sophia Nguyen       10   discovery 0.7816   ignored
r1  Emily Thompson      #5     Jake Thompson       11   discovery 0.7999   ignored
r1  Olivia Garcia       #18    Daniel Rivera       0    discovery 0.8114   ignored
r1  Olivia Garcia       #11    Sophia Nguyen       1    discovery 0.8061   ignored
r1  Olivia Garcia       #1     Emma Hayes          2    discovery 0.8058   ignored
r1  Olivia Garcia       #8     Aria Thompson       3    discovery 0.7997   ignored
r1  Olivia Garcia       #22    Steven Johnson      4    discovery 0.7966   ACTED
r1  Olivia Garcia       #26    Sophie Green        5    discovery 0.7965   ignored
r1  Olivia Garcia       #10    Ethan Grayson       6    discovery 0.7946   ignored
r1  Olivia Garcia       #25    Luna Reyes          7    discovery 0.7941   ACTED
r1  Olivia Garcia       #33    Henry Richardson    8    discovery 0.7938   ACTED
r1  Olivia Garcia       #27    Nathan Brooks       9    discovery 0.7876   ignored
r1  Olivia Garcia       #28    Emily Thompson      10   discovery 0.7759   ignored
r1  Olivia Garcia       #7     Emily Carter        11   discovery 0.7832   ignored
r1  Olivia Rodriguez    #8     Aria Thompson       0    discovery 0.8589   ignored
r1  Olivia Rodriguez    #32    Emily Watson        1    discovery 0.8500   ignored
r1  Olivia Rodriguez    #11    Sophia Nguyen       2    discovery 0.8497   ignored
r1  Olivia Rodriguez    #26    Sophie Green        3    discovery 0.8491   ignored
r1  Olivia Rodriguez    #16    Oliver Robinson     4    discovery 0.8491   ignored
r1  Olivia Rodriguez    #22    Steven Johnson      5    discovery 0.8489   ignored
r1  Olivia Rodriguez    #3     Ryan Johnson        6    discovery 0.8360   ignored
r1  Olivia Rodriguez    #25    Luna Reyes          7    discovery 0.8360   ignored
r1  Olivia Rodriguez    #10    Ethan Grayson       8    discovery 0.8349   ignored
r1  Olivia Rodriguez    #4     James Miller        9    discovery 0.8294   ignored
r1  Olivia Rodriguez    #27    Nathan Brooks       10   discovery 0.8089   ignored
r1  Olivia Rodriguez    #2     Alexandra Whitmore  11   discovery 0.8166   ignored
r1  Carlos Rodriguez    #33    Henry Richardson    0    discovery 0.7384   ignored
r1  Carlos Rodriguez    #4     James Miller        1    discovery 0.7213   ignored
r1  Carlos Rodriguez    #26    Sophie Green        2    discovery 0.6995   ignored
r1  Carlos Rodriguez    #16    Oliver Robinson     3    discovery 0.6986   ignored
r1  Carlos Rodriguez    #8     Aria Thompson       4    discovery 0.6953   ignored
r1  Carlos Rodriguez    #11    Sophia Nguyen       5    discovery 0.6940   ignored
r1  Carlos Rodriguez    #6     Simon Walker        6    discovery 0.6939   ignored
r1  Carlos Rodriguez    #9     Henry Farmer        7    discovery 0.6921   ignored
r1  Carlos Rodriguez    #32    Emily Watson        8    discovery 0.6907   ignored
r1  Carlos Rodriguez    #34    Cassandra Johnson   9    discovery 0.6907   ignored
r1  Carlos Rodriguez    #5     Jake Thompson       10   discovery 0.6672   ignored
r1  Carlos Rodriguez    #22    Steven Johnson      11   discovery 0.6836   ignored
r1  Emily Watson        #8     Aria Thompson       0    discovery 0.8517   ignored
r1  Emily Watson        #22    Steven Johnson      1    discovery 0.8425   ignored
r1  Emily Watson        #26    Sophie Green        2    discovery 0.8346   ignored
r1  Emily Watson        #10    Ethan Grayson       3    discovery 0.8326   ignored
r1  Emily Watson        #4     James Miller        4    discovery 0.8289   ignored
r1  Emily Watson        #11    Sophia Nguyen       5    discovery 0.8281   ignored
r1  Emily Watson        #6     Simon Walker        6    discovery 0.8273   ignored
r1  Emily Watson        #3     Ryan Johnson        7    discovery 0.8270   ignored
r1  Emily Watson        #25    Luna Reyes          8    discovery 0.8268   ignored
r1  Emily Watson        #18    Daniel Rivera       9    discovery 0.8227   ignored
r1  Emily Watson        #33    Henry Richardson    10   discovery 0.8196   ignored
r1  Emily Watson        #19    Eleanor Thompson    11   discovery 0.7597   ignored
r1  Henry Richardson    #22    Steven Johnson      0    discovery 0.8271   ignored
r1  Henry Richardson    #4     James Miller        1    discovery 0.8194   ignored
r1  Henry Richardson    #27    Nathan Brooks       2    discovery 0.8122   ignored
r1  Henry Richardson    #6     Simon Walker        3    discovery 0.8114   ignored
r1  Henry Richardson    #21    Isabella Thompson   4    discovery 0.8031   ignored
r1  Henry Richardson    #1     Emma Hayes          5    discovery 0.8023   ignored
r1  Henry Richardson    #28    Emily Thompson      6    discovery 0.8014   ignored
r1  Henry Richardson    #8     Aria Thompson       7    discovery 0.7949   ignored
r1  Henry Richardson    #26    Sophie Green        8    discovery 0.7948   ignored
r1  Henry Richardson    #10    Ethan Grayson       9    discovery 0.7910   ignored
r1  Henry Richardson    #23    Victoria Greene     10   discovery 0.7407   ignored
r1  Henry Richardson    #11    Sophia Nguyen       11   discovery 0.7888   ignored
r1  Cassandra Johnson   #1     Emma Hayes          0    discovery 0.8443   ignored
r1  Cassandra Johnson   #10    Ethan Grayson       1    discovery 0.8394   ignored
r1  Cassandra Johnson   #27    Nathan Brooks       2    discovery 0.8241   ignored
r1  Cassandra Johnson   #11    Sophia Nguyen       3    discovery 0.8223   ignored
r1  Cassandra Johnson   #18    Daniel Rivera       4    discovery 0.8210   ignored
r1  Cassandra Johnson   #7     Emily Carter        5    discovery 0.8159   ignored
r1  Cassandra Johnson   #3     Ryan Johnson        6    discovery 0.8099   ignored
r1  Cassandra Johnson   #33    Henry Richardson    7    discovery 0.8095   ignored
r1  Cassandra Johnson   #4     James Miller        8    discovery 0.8079   ignored
r1  Cassandra Johnson   #25    Luna Reyes          9    discovery 0.8077   ignored
r1  Cassandra Johnson   #8     Aria Thompson       10   discovery 0.7997   ignored
r1  Cassandra Johnson   #13    Oliver Wang         11   discovery 0.7864   ignored
r1  Simon Greene        #25    Luna Reyes          0    discovery 0.8237   ignored
r1  Simon Greene        #26    Sophie Green        1    discovery 0.8190   ignored
r1  Simon Greene        #4     James Miller        2    discovery 0.8117   ignored
r1  Simon Greene        #16    Oliver Robinson     3    discovery 0.8100   ignored
r1  Simon Greene        #22    Steven Johnson      4    discovery 0.8098   ignored
r1  Simon Greene        #8     Aria Thompson       5    discovery 0.8058   ignored
r1  Simon Greene        #7     Emily Carter        6    discovery 0.7943   ignored
r1  Simon Greene        #11    Sophia Nguyen       7    discovery 0.7911   ignored
r1  Simon Greene        #32    Emily Watson        8    discovery 0.7893   ignored
r1  Simon Greene        #12    Samuel Reynolds     9    discovery 0.7869   ignored
r1  Simon Greene        #33    Henry Richardson    10   discovery 0.7736   ignored
r1  Simon Greene        #2     Alexandra Whitmore  11   discovery 0.7733   ignored
r2  James Miller        #42    Aria Thompson       0    discovery 0.8665   ignored
r2  James Miller        #45    Emily Hayes         1    discovery 0.8497   ignored
r2  James Miller        #50    James Thompson      2    discovery 0.8464   ignored
r2  James Miller        #39    Jake Thompson       3    discovery 0.8390   ignored
r2  James Miller        #43    Oliver Wang         4    discovery 0.8390   ignored
r2  James Miller        #52    Luna Reyes          5    discovery 0.8382   ignored
r2  James Miller        #53    Sophie Green        6    discovery 0.8316   ignored
r2  James Miller        #56    Olivia Garcia       7    discovery 0.8254   ignored
r2  James Miller        #37    Emma Hayes          8    discovery 0.8247   ignored
r2  James Miller        #46    Oliver Robinson     9    discovery 0.8226   ignored
r2  James Miller        #49    Bethany Davidson    10   discovery 0.8074   ignored
r2  James Miller        #57    Olivia Rodriguez    11   discovery 0.8204   ignored
r2  Emma Hayes          #45    Emily Hayes         0    discovery 0.8373   ignored
r2  Emma Hayes          #50    James Thompson      1    discovery 0.8360   ignored
r2  Emma Hayes          #42    Aria Thompson       2    discovery 0.8325   ignored
r2  Emma Hayes          #46    Oliver Robinson     3    discovery 0.8169   ignored
r2  Emma Hayes          #52    Luna Reyes          4    discovery 0.8156   ignored
r2  Emma Hayes          #44    Maxwell Armstrong   5    discovery 0.8102   ignored
r2  Emma Hayes          #43    Oliver Wang         6    discovery 0.8044   ignored
r2  Emma Hayes          #53    Sophie Green        7    discovery 0.8019   ignored
r2  Emma Hayes          #57    Olivia Rodriguez    8    discovery 0.7999   ignored
r2  Emma Hayes          #61    Cassandra Johnson   9    discovery 0.7962   ignored
r2  Emma Hayes          #26    Sophie Green        10   discovery 0.7383   ignored
r2  Emma Hayes          #4     James Miller        11   discovery 0.7396   ignored
r2  Ryan Johnson        #37    Emma Hayes          0    discovery 0.8325   ignored
r2  Ryan Johnson        #50    James Thompson      1    discovery 0.8325   ignored
r2  Ryan Johnson        #45    Emily Hayes         2    discovery 0.8238   ignored
r2  Ryan Johnson        #44    Maxwell Armstrong   3    discovery 0.8207   ignored
r2  Ryan Johnson        #49    Bethany Davidson    4    discovery 0.8112   ignored
r2  Ryan Johnson        #46    Oliver Robinson     5    discovery 0.8083   ignored
r2  Ryan Johnson        #54    Nathan Brooks       6    discovery 0.8080   ignored
r2  Ryan Johnson        #42    Aria Thompson       7    discovery 0.8078   ignored
r2  Ryan Johnson        #56    Olivia Garcia       8    discovery 0.8008   ignored
r2  Ryan Johnson        #39    Jake Thompson       9    discovery 0.7994   ignored
r2  Ryan Johnson        #43    Oliver Wang         10   discovery 0.7966   ignored
r2  Ryan Johnson        #52    Luna Reyes          11   discovery 0.7919   ignored
r2  Alexandra Whitmore  #49    Bethany Davidson    0    discovery 0.8564   ignored
r2  Alexandra Whitmore  #50    James Thompson      1    discovery 0.8466   ignored
r2  Alexandra Whitmore  #38    Ryan Johnson        2    discovery 0.8381   ignored
r2  Alexandra Whitmore  #39    Jake Thompson       3    discovery 0.8363   ignored
r2  Alexandra Whitmore  #59    Emily Watson        4    discovery 0.8340   ignored
r2  Alexandra Whitmore  #60    Henry Richardson    5    discovery 0.8286   ignored
r2  Alexandra Whitmore  #54    Nathan Brooks       6    discovery 0.8279   ignored
r2  Alexandra Whitmore  #46    Oliver Robinson     7    discovery 0.8204   ignored
r2  Alexandra Whitmore  #43    Oliver Wang         8    discovery 0.8191   ignored
r2  Alexandra Whitmore  #53    Sophie Green        9    discovery 0.8188   ignored
r2  Alexandra Whitmore  #40    Simon Walker        10   discovery 0.7834   ignored
r2  Alexandra Whitmore  #47    Daniel Miller       11   discovery 0.8053   ignored
r2  Jake Thompson       #42    Aria Thompson       0    discovery 0.8509   ignored
r2  Jake Thompson       #43    Oliver Wang         1    discovery 0.8488   ignored
r2  Jake Thompson       #37    Emma Hayes          2    discovery 0.8486   ignored
r2  Jake Thompson       #50    James Thompson      3    discovery 0.8462   ignored
r2  Jake Thompson       #56    Olivia Garcia       4    discovery 0.8392   ignored
r2  Jake Thompson       #46    Oliver Robinson     5    discovery 0.8381   ignored
r2  Jake Thompson       #44    Maxwell Armstrong   6    discovery 0.8346   ignored
r2  Jake Thompson       #45    Emily Hayes         7    discovery 0.8337   ignored
r2  Jake Thompson       #53    Sophie Green        8    discovery 0.8316   ignored
r2  Jake Thompson       #52    Luna Reyes          9    discovery 0.8297   ignored
r2  Jake Thompson       #54    Nathan Brooks       10   discovery 0.8118   ignored
r2  Jake Thompson       #38    Ryan Johnson        11   discovery 0.8279   ignored
r2  Simon Walker        #45    Emily Hayes         0    discovery 0.8456   ignored
r2  Simon Walker        #56    Olivia Garcia       1    discovery 0.8446   ignored
r2  Simon Walker        #44    Maxwell Armstrong   2    discovery 0.8430   ignored
r2  Simon Walker        #37    Emma Hayes          3    discovery 0.8347   ignored
r2  Simon Walker        #50    James Thompson      4    discovery 0.8335   ignored
r2  Simon Walker        #42    Aria Thompson       5    discovery 0.8331   ignored
r2  Simon Walker        #43    Oliver Wang         6    discovery 0.8317   ignored
r2  Simon Walker        #38    Ryan Johnson        7    discovery 0.8304   ignored
r2  Simon Walker        #39    Jake Thompson       8    discovery 0.8288   ignored
r2  Simon Walker        #49    Bethany Davidson    9    discovery 0.8283   ignored
r2  Simon Walker        #36    James Miller        10   discovery 0.8129   ignored
r2  Simon Walker        #48    Daniel Rivera       11   discovery 0.7818   ignored
r2  Emily Carter        #42    Aria Thompson       0    discovery 0.8420   ignored
r2  Emily Carter        #50    James Thompson      1    discovery 0.8338   ignored
r2  Emily Carter        #36    James Miller        2    discovery 0.8296   ignored
r2  Emily Carter        #56    Olivia Garcia       3    discovery 0.8289   ignored
r2  Emily Carter        #45    Emily Hayes         4    discovery 0.8244   ignored
r2  Emily Carter        #44    Maxwell Armstrong   5    discovery 0.8154   ignored
r2  Emily Carter        #43    Oliver Wang         6    discovery 0.8124   ignored
r2  Emily Carter        #52    Luna Reyes          7    discovery 0.8076   ignored
r2  Emily Carter        #55    Emily Thompson      8    discovery 0.8060   ignored
r2  Emily Carter        #48    Daniel Rivera       9    discovery 0.8048   ignored
r2  Emily Carter        #53    Sophie Green        10   discovery 0.7988   ignored
r2  Emily Carter        #1     Emma Hayes          11   discovery 0.7554   ignored
r2  Aria Thompson       #50    James Thompson      0    discovery 0.6294   ignored
r2  Aria Thompson       #46    Oliver Robinson     1    discovery 0.6136   ignored
r2  Aria Thompson       #52    Luna Reyes          2    discovery 0.5927   ignored
r2  Aria Thompson       #45    Emily Hayes         3    discovery 0.5882   ignored
r2  Aria Thompson       #43    Oliver Wang         4    discovery 0.5866   ignored
r2  Aria Thompson       #37    Emma Hayes          5    discovery 0.5852   ignored
r2  Aria Thompson       #36    James Miller        6    discovery 0.5840   ignored
r2  Aria Thompson       #53    Sophie Green        7    discovery 0.5830   ignored
r2  Aria Thompson       #56    Olivia Garcia       8    discovery 0.5800   ignored
r2  Aria Thompson       #55    Emily Thompson      9    discovery 0.5768   ignored
r2  Aria Thompson       #48    Daniel Rivera       10   discovery 0.5747   ignored
r2  Aria Thompson       #61    Cassandra Johnson   11   discovery 0.5377   ignored
r2  Henry Farmer        #53    Sophie Green        0    network   0.8501   ACTED
r2  Henry Farmer        #26    Sophie Green        1    network   0.7827   ignored
r2  Henry Farmer        #50    James Thompson      2    discovery 0.8399   ignored
r2  Henry Farmer        #46    Oliver Robinson     3    discovery 0.8396   ignored
r2  Henry Farmer        #52    Luna Reyes          4    discovery 0.8382   ignored
r2  Henry Farmer        #45    Emily Hayes         5    discovery 0.8350   ignored
r2  Henry Farmer        #57    Olivia Rodriguez    6    discovery 0.8299   ignored
r2  Henry Farmer        #42    Aria Thompson       7    discovery 0.8297   ignored
r2  Henry Farmer        #37    Emma Hayes          8    discovery 0.8206   ignored
r2  Henry Farmer        #43    Oliver Wang         9    discovery 0.8201   ignored
r2  Henry Farmer        #22    Steven Johnson      10   discovery 0.7625   ignored
r2  Henry Farmer        #25    Luna Reyes          11   discovery 0.7658   ignored
r2  Ethan Grayson       #50    James Thompson      0    discovery 0.8371   ignored
r2  Ethan Grayson       #42    Aria Thompson       1    discovery 0.8334   ignored
r2  Ethan Grayson       #45    Emily Hayes         2    discovery 0.8281   ignored
r2  Ethan Grayson       #37    Emma Hayes          3    discovery 0.8255   ignored
r2  Ethan Grayson       #46    Oliver Robinson     4    discovery 0.8219   ignored
r2  Ethan Grayson       #56    Olivia Garcia       5    discovery 0.8143   ignored
r2  Ethan Grayson       #52    Luna Reyes          6    discovery 0.8099   ignored
r2  Ethan Grayson       #57    Olivia Rodriguez    7    discovery 0.8055   ignored
r2  Ethan Grayson       #43    Oliver Wang         8    discovery 0.8016   ignored
r2  Ethan Grayson       #36    James Miller        9    discovery 0.8015   ignored
r2  Ethan Grayson       #60    Henry Richardson    10   discovery 0.7765   ignored
r2  Ethan Grayson       #40    Simon Walker        11   discovery 0.7737   ignored
r2  Sophia Nguyen       #53    Sophie Green        0    network   0.8215   ACTED
r2  Sophia Nguyen       #26    Sophie Green        1    network   -        ignored
r2  Sophia Nguyen       #50    James Thompson      2    discovery 0.8553   ignored
r2  Sophia Nguyen       #45    Emily Hayes         3    discovery 0.8541   ignored
r2  Sophia Nguyen       #37    Emma Hayes          4    discovery 0.8436   ignored
r2  Sophia Nguyen       #42    Aria Thompson       5    discovery 0.8435   ignored
r2  Sophia Nguyen       #57    Olivia Rodriguez    6    discovery 0.8420   ignored
r2  Sophia Nguyen       #46    Oliver Robinson     7    discovery 0.8417   ignored
r2  Sophia Nguyen       #52    Luna Reyes          8    discovery 0.8303   ignored
r2  Sophia Nguyen       #56    Olivia Garcia       9    discovery 0.8263   ignored
r2  Sophia Nguyen       #39    Jake Thompson       10   discovery 0.8093   ignored
r2  Sophia Nguyen       #25    Luna Reyes          11   discovery 0.7635   ignored
r2  Samuel Reynolds     #49    Bethany Davidson    0    discovery 0.8550   ignored
r2  Samuel Reynolds     #58    Carlos Rodriguez    1    discovery 0.8513   ignored
r2  Samuel Reynolds     #46    Oliver Robinson     2    discovery 0.8468   ignored
r2  Samuel Reynolds     #59    Emily Watson        3    discovery 0.8441   ignored
r2  Samuel Reynolds     #39    Jake Thompson       4    discovery 0.8393   ignored
r2  Samuel Reynolds     #53    Sophie Green        5    discovery 0.8388   ignored
r2  Samuel Reynolds     #50    James Thompson      6    discovery 0.8328   ignored
r2  Samuel Reynolds     #54    Nathan Brooks       7    discovery 0.8308   ignored
r2  Samuel Reynolds     #38    Ryan Johnson        8    discovery 0.8302   ignored
r2  Samuel Reynolds     #43    Oliver Wang         9    discovery 0.8277   ignored
r2  Samuel Reynolds     #3     Ryan Johnson        10   discovery 0.7742   ACTED
r2  Samuel Reynolds     #56    Olivia Garcia       11   discovery 0.8179   ignored
r2  Oliver Wang         #46    Oliver Robinson     0    discovery 0.8546   ignored
r2  Oliver Wang         #42    Aria Thompson       1    discovery 0.8495   ignored
r2  Oliver Wang         #52    Luna Reyes          2    discovery 0.8489   ignored
r2  Oliver Wang         #53    Sophie Green        3    discovery 0.8484   ignored
r2  Oliver Wang         #39    Jake Thompson       4    discovery 0.8446   ignored
r2  Oliver Wang         #50    James Thompson      5    discovery 0.8432   ignored
r2  Oliver Wang         #45    Emily Hayes         6    discovery 0.8423   ignored
r2  Oliver Wang         #37    Emma Hayes          7    discovery 0.8395   ignored
r2  Oliver Wang         #47    Daniel Miller       8    discovery 0.8326   ignored
r2  Oliver Wang         #57    Olivia Rodriguez    9    discovery 0.8317   ignored
r2  Oliver Wang         #56    Olivia Garcia       10   discovery 0.8186   ignored
r2  Oliver Wang         #10    Ethan Grayson       11   discovery 0.7706   ignored
r2  Maxwell Armstrong   #50    James Thompson      0    discovery 0.8141   ignored
r2  Maxwell Armstrong   #37    Emma Hayes          1    discovery 0.8026   ignored
r2  Maxwell Armstrong   #46    Oliver Robinson     2    discovery 0.7978   ignored
r2  Maxwell Armstrong   #49    Bethany Davidson    3    discovery 0.7976   ignored
r2  Maxwell Armstrong   #45    Emily Hayes         4    discovery 0.7972   ignored
r2  Maxwell Armstrong   #38    Ryan Johnson        5    discovery 0.7968   ignored
r2  Maxwell Armstrong   #42    Aria Thompson       6    discovery 0.7841   ignored
r2  Maxwell Armstrong   #56    Olivia Garcia       7    discovery 0.7815   ignored
r2  Maxwell Armstrong   #53    Sophie Green        8    discovery 0.7718   ignored
r2  Maxwell Armstrong   #55    Emily Thompson      9    discovery 0.7684   ignored
r2  Maxwell Armstrong   #40    Simon Walker        10   discovery 0.7620   ignored
r2  Maxwell Armstrong   #47    Daniel Miller       11   discovery 0.7534   ignored
r2  Emily Hayes         #50    James Thompson      0    discovery 0.6731   ignored
r2  Emily Hayes         #42    Aria Thompson       1    discovery 0.6553   ignored
r2  Emily Hayes         #46    Oliver Robinson     2    discovery 0.6545   ignored
r2  Emily Hayes         #37    Emma Hayes          3    discovery 0.6498   ignored
r2  Emily Hayes         #52    Luna Reyes          4    discovery 0.6362   ignored
r2  Emily Hayes         #56    Olivia Garcia       5    discovery 0.6303   ignored
r2  Emily Hayes         #55    Emily Thompson      6    discovery 0.6284   ignored
r2  Emily Hayes         #48    Daniel Rivera       7    discovery 0.6237   ignored
r2  Emily Hayes         #43    Oliver Wang         8    discovery 0.6234   ignored
r2  Emily Hayes         #44    Maxwell Armstrong   9    discovery 0.6221   ignored
r2  Emily Hayes         #61    Cassandra Johnson   10   discovery 0.5923   ignored
r2  Emily Hayes         #38    Ryan Johnson        11   discovery 0.5987   ignored
r2  Oliver Robinson     #50    James Thompson      0    discovery 0.7881   ignored
r2  Oliver Robinson     #53    Sophie Green        1    discovery 0.7867   ignored
r2  Oliver Robinson     #52    Luna Reyes          2    discovery 0.7740   ACTED
r2  Oliver Robinson     #42    Aria Thompson       3    discovery 0.7704   ignored
r2  Oliver Robinson     #45    Emily Hayes         4    discovery 0.7630   ignored
r2  Oliver Robinson     #37    Emma Hayes          5    discovery 0.7609   ignored
r2  Oliver Robinson     #43    Oliver Wang         6    discovery 0.7567   ignored
r2  Oliver Robinson     #57    Olivia Rodriguez    7    discovery 0.7534   ignored
r2  Oliver Robinson     #59    Emily Watson        8    discovery 0.7527   ignored
r2  Oliver Robinson     #49    Bethany Davidson    9    discovery 0.7519   ignored
r2  Oliver Robinson     #11    Sophia Nguyen       10   discovery 0.6924   ignored
r2  Oliver Robinson     #47    Daniel Miller       11   discovery 0.7365   ignored
r2  Daniel Miller       #42    Aria Thompson       0    discovery 0.8450   ignored
r2  Daniel Miller       #45    Emily Hayes         1    discovery 0.8370   ignored
r2  Daniel Miller       #50    James Thompson      2    discovery 0.8357   ignored
r2  Daniel Miller       #37    Emma Hayes          3    discovery 0.8310   ignored
r2  Daniel Miller       #43    Oliver Wang         4    discovery 0.8270   ignored
r2  Daniel Miller       #52    Luna Reyes          5    discovery 0.8251   ignored
r2  Daniel Miller       #44    Maxwell Armstrong   6    discovery 0.8236   ignored
r2  Daniel Miller       #39    Jake Thompson       7    discovery 0.8216   ignored
r2  Daniel Miller       #46    Oliver Robinson     8    discovery 0.8189   ignored
r2  Daniel Miller       #60    Henry Richardson    9    discovery 0.8151   ignored
r2  Daniel Miller       #1     Emma Hayes          10   discovery 0.7631   ignored
r2  Daniel Miller       #4     James Miller        11   discovery 0.7561   ignored
r2  Daniel Rivera       #50    James Thompson      0    discovery 0.8606   ignored
r2  Daniel Rivera       #42    Aria Thompson       1    discovery 0.8386   ignored
r2  Daniel Rivera       #52    Luna Reyes          2    discovery 0.8372   ignored
r2  Daniel Rivera       #45    Emily Hayes         3    discovery 0.8275   ignored
r2  Daniel Rivera       #46    Oliver Robinson     4    discovery 0.8204   ignored
r2  Daniel Rivera       #37    Emma Hayes          5    discovery 0.8193   ignored
r2  Daniel Rivera       #53    Sophie Green        6    discovery 0.8189   ignored
r2  Daniel Rivera       #43    Oliver Wang         7    discovery 0.8163   ignored
r2  Daniel Rivera       #54    Nathan Brooks       8    discovery 0.8103   ignored
r2  Daniel Rivera       #57    Olivia Rodriguez    9    discovery 0.8053   ignored
r2  Daniel Rivera       #59    Emily Watson        10   discovery 0.8026   ignored
r2  Daniel Rivera       #40    Simon Walker        11   discovery 0.7903   ignored
r2  Eleanor Thompson    #44    Maxwell Armstrong   0    discovery 0.8530   ignored
r2  Eleanor Thompson    #38    Ryan Johnson        1    discovery 0.8502   ignored
r2  Eleanor Thompson    #49    Bethany Davidson    2    discovery 0.8499   ignored
r2  Eleanor Thompson    #50    James Thompson      3    discovery 0.8497   ignored
r2  Eleanor Thompson    #39    Jake Thompson       4    discovery 0.8435   ignored
r2  Eleanor Thompson    #42    Aria Thompson       5    discovery 0.8391   ignored
r2  Eleanor Thompson    #43    Oliver Wang         6    discovery 0.8375   ignored
r2  Eleanor Thompson    #45    Emily Hayes         7    discovery 0.8371   ignored
r2  Eleanor Thompson    #47    Daniel Miller       8    discovery 0.8364   ignored
r2  Eleanor Thompson    #60    Henry Richardson    9    discovery 0.8346   ignored
r2  Eleanor Thompson    #40    Simon Walker        10   discovery 0.8206   ignored
r2  Eleanor Thompson    #55    Emily Thompson      11   discovery 0.8185   ignored
r2  Bethany Davidson    #50    James Thompson      0    discovery 0.6684   ignored
r2  Bethany Davidson    #46    Oliver Robinson     1    discovery 0.6537   ignored
r2  Bethany Davidson    #55    Emily Thompson      2    discovery 0.6291   ignored
r2  Bethany Davidson    #59    Emily Watson        3    discovery 0.6287   ignored
r2  Bethany Davidson    #53    Sophie Green        4    discovery 0.6245   ignored
r2  Bethany Davidson    #56    Olivia Garcia       5    discovery 0.6233   ignored
r2  Bethany Davidson    #42    Aria Thompson       6    discovery 0.6219   ACTED
r2  Bethany Davidson    #44    Maxwell Armstrong   7    discovery 0.6182   ignored
r2  Bethany Davidson    #52    Luna Reyes          8    discovery 0.6172   ignored
r2  Bethany Davidson    #43    Oliver Wang         9    discovery 0.6149   ignored
r2  Bethany Davidson    #6     Simon Walker        10   discovery 0.5821   ignored
r2  Bethany Davidson    #58    Carlos Rodriguez    11   discovery 0.5871   ignored
r2  Isabella Thompson   #50    James Thompson      0    discovery 0.8618   ignored
r2  Isabella Thompson   #38    Ryan Johnson        1    discovery 0.8589   ignored
r2  Isabella Thompson   #54    Nathan Brooks       2    discovery 0.8410   ignored
r2  Isabella Thompson   #44    Maxwell Armstrong   3    discovery 0.8378   ignored
r2  Isabella Thompson   #37    Emma Hayes          4    discovery 0.8325   ignored
r2  Isabella Thompson   #42    Aria Thompson       5    discovery 0.8313   ignored
r2  Isabella Thompson   #39    Jake Thompson       6    discovery 0.8287   ignored
r2  Isabella Thompson   #59    Emily Watson        7    discovery 0.8281   ignored
r2  Isabella Thompson   #46    Oliver Robinson     8    discovery 0.8257   ignored
r2  Isabella Thompson   #49    Bethany Davidson    9    discovery 0.8219   ignored
r2  Isabella Thompson   #45    Emily Hayes         10   discovery 0.8214   ignored
r2  Isabella Thompson   #36    James Miller        11   discovery 0.7941   ignored
r2  Steven Johnson      #50    James Thompson      0    discovery 0.8694   ignored
r2  Steven Johnson      #42    Aria Thompson       1    discovery 0.8541   ignored
r2  Steven Johnson      #54    Nathan Brooks       2    discovery 0.8473   ignored
r2  Steven Johnson      #56    Olivia Garcia       3    discovery 0.8421   ignored
r2  Steven Johnson      #38    Ryan Johnson        4    discovery 0.8396   ignored
r2  Steven Johnson      #46    Oliver Robinson     5    discovery 0.8356   ignored
r2  Steven Johnson      #43    Oliver Wang         6    discovery 0.8351   ignored
r2  Steven Johnson      #60    Henry Richardson    7    discovery 0.8350   ignored
r2  Steven Johnson      #39    Jake Thompson       8    discovery 0.8346   ignored
r2  Steven Johnson      #45    Emily Hayes         9    discovery 0.8335   ignored
r2  Steven Johnson      #57    Olivia Rodriguez    10   discovery 0.8329   ignored
r2  Steven Johnson      #55    Emily Thompson      11   discovery 0.8290   ignored
r2  Victoria Greene     #50    James Thompson      0    discovery 0.8455   ignored
r2  Victoria Greene     #45    Emily Hayes         1    discovery 0.8362   ignored
r2  Victoria Greene     #44    Maxwell Armstrong   2    discovery 0.8309   ignored
r2  Victoria Greene     #37    Emma Hayes          3    discovery 0.8284   ignored
r2  Victoria Greene     #42    Aria Thompson       4    discovery 0.8280   ignored
r2  Victoria Greene     #52    Luna Reyes          5    discovery 0.8247   ignored
r2  Victoria Greene     #38    Ryan Johnson        6    discovery 0.8163   ignored
r2  Victoria Greene     #46    Oliver Robinson     7    discovery 0.8161   ignored
r2  Victoria Greene     #56    Olivia Garcia       8    discovery 0.8159   ignored
r2  Victoria Greene     #40    Simon Walker        9    discovery 0.8130   ignored
r2  Victoria Greene     #48    Daniel Rivera       10   discovery 0.8091   ignored
r2  Victoria Greene     #39    Jake Thompson       11   discovery 0.8019   ignored
r2  James Thompson      #46    Oliver Robinson     0    discovery 0.8093   ignored
r2  James Thompson      #42    Aria Thompson       1    discovery 0.8010   ignored
r2  James Thompson      #53    Sophie Green        2    discovery 0.7962   ignored
r2  James Thompson      #37    Emma Hayes          3    discovery 0.7952   ignored
r2  James Thompson      #52    Luna Reyes          4    discovery 0.7949   ignored
r2  James Thompson      #45    Emily Hayes         5    discovery 0.7902   ignored
r2  James Thompson      #59    Emily Watson        6    discovery 0.7859   ignored
r2  James Thompson      #49    Bethany Davidson    7    discovery 0.7816   ignored
r2  James Thompson      #43    Oliver Wang         8    discovery 0.7779   ignored
r2  James Thompson      #57    Olivia Rodriguez    9    discovery 0.7773   ignored
r2  James Thompson      #22    Steven Johnson      10   discovery 0.7357   ignored
r2  James Thompson      #26    Sophie Green        11   discovery 0.7331   ignored
r2  Michael Thompson    #63    Emma Hayes          0    network   -        ignored
r2  Michael Thompson    #37    Emma Hayes          1    network   0.7710   ignored
r2  Michael Thompson    #1     Emma Hayes          2    network   0.7201   ignored
r2  Michael Thompson    #50    James Thompson      3    discovery 0.8173   ignored
r2  Michael Thompson    #45    Emily Hayes         4    discovery 0.7875   ignored
r2  Michael Thompson    #44    Maxwell Armstrong   5    discovery 0.7873   ignored
r2  Michael Thompson    #46    Oliver Robinson     6    discovery 0.7768   ignored
r2  Michael Thompson    #42    Aria Thompson       7    discovery 0.7761   ignored
r2  Michael Thompson    #38    Ryan Johnson        8    discovery 0.7703   ignored
r2  Michael Thompson    #52    Luna Reyes          9    discovery 0.7624   ignored
r2  Michael Thompson    #41    Emily Carter        10   discovery 0.7157   ignored
r2  Michael Thompson    #10    Ethan Grayson       11   discovery 0.7066   ignored
r2  Luna Reyes          #50    James Thompson      0    discovery 0.8431   ignored
r2  Luna Reyes          #46    Oliver Robinson     1    discovery 0.8393   ignored
r2  Luna Reyes          #45    Emily Hayes         2    discovery 0.8285   ignored
r2  Luna Reyes          #42    Aria Thompson       3    discovery 0.8277   ignored
r2  Luna Reyes          #53    Sophie Green        4    discovery 0.8199   ignored
r2  Luna Reyes          #37    Emma Hayes          5    discovery 0.8175   ignored
r2  Luna Reyes          #43    Oliver Wang         6    discovery 0.8120   ignored
r2  Luna Reyes          #56    Olivia Garcia       7    discovery 0.8088   ignored
r2  Luna Reyes          #39    Jake Thompson       8    discovery 0.8039   ignored
r2  Luna Reyes          #49    Bethany Davidson    9    discovery 0.7981   ignored
r2  Luna Reyes          #44    Maxwell Armstrong   10   discovery 0.7945   ignored
r2  Luna Reyes          #1     Emma Hayes          11   discovery 0.7486   ignored
r2  Sophie Green        #46    Oliver Robinson     0    discovery 0.8672   ignored
r2  Sophie Green        #52    Luna Reyes          1    discovery 0.8489   ACTED
r2  Sophie Green        #50    James Thompson      2    discovery 0.8405   ignored
r2  Sophie Green        #43    Oliver Wang         3    discovery 0.8379   ignored
r2  Sophie Green        #39    Jake Thompson       4    discovery 0.8376   ignored
r2  Sophie Green        #42    Aria Thompson       5    discovery 0.8334   ignored
r2  Sophie Green        #57    Olivia Rodriguez    6    discovery 0.8303   ignored
r2  Sophie Green        #59    Emily Watson        7    discovery 0.8295   ignored
r2  Sophie Green        #45    Emily Hayes         8    discovery 0.8286   ignored
r2  Sophie Green        #37    Emma Hayes          9    discovery 0.8233   ignored
r2  Sophie Green        #60    Henry Richardson    10   discovery 0.7930   ignored
r2  Sophie Green        #62    Simon Greene        11   discovery 0.7754   ignored
r2  Nathan Brooks       #50    James Thompson      0    discovery 0.8617   ignored
r2  Nathan Brooks       #38    Ryan Johnson        1    discovery 0.8523   ignored
r2  Nathan Brooks       #45    Emily Hayes         2    discovery 0.8391   ignored
r2  Nathan Brooks       #42    Aria Thompson       3    discovery 0.8383   ignored
r2  Nathan Brooks       #46    Oliver Robinson     4    discovery 0.8351   ignored
r2  Nathan Brooks       #43    Oliver Wang         5    discovery 0.8347   ignored
r2  Nathan Brooks       #37    Emma Hayes          6    discovery 0.8343   ignored
r2  Nathan Brooks       #56    Olivia Garcia       7    discovery 0.8334   ignored
r2  Nathan Brooks       #39    Jake Thompson       8    discovery 0.8327   ignored
r2  Nathan Brooks       #44    Maxwell Armstrong   9    discovery 0.8308   ignored
r2  Nathan Brooks       #61    Cassandra Johnson   10   discovery 0.7831   ignored
r2  Nathan Brooks       #60    Henry Richardson    11   discovery 0.8199   ignored
r2  Emily Thompson      #50    James Thompson      0    discovery 0.8512   ignored
r2  Emily Thompson      #56    Olivia Garcia       1    discovery 0.8393   ignored
r2  Emily Thompson      #42    Aria Thompson       2    discovery 0.8336   ignored
r2  Emily Thompson      #44    Maxwell Armstrong   3    discovery 0.8317   ignored
r2  Emily Thompson      #52    Luna Reyes          4    discovery 0.8313   ignored
r2  Emily Thompson      #39    Jake Thompson       5    discovery 0.8312   ignored
r2  Emily Thompson      #37    Emma Hayes          6    discovery 0.8311   ignored
r2  Emily Thompson      #57    Olivia Rodriguez    7    discovery 0.8299   ignored
r2  Emily Thompson      #45    Emily Hayes         8    discovery 0.8296   ignored
r2  Emily Thompson      #46    Oliver Robinson     9    discovery 0.8280   ignored
r2  Emily Thompson      #54    Nathan Brooks       10   discovery 0.8140   ignored
r2  Emily Thompson      #43    Oliver Wang         11   discovery 0.8262   ignored
r2  Olivia Garcia       #22    Steven Johnson      0    network   0.7771   ACTED
r2  Olivia Garcia       #50    James Thompson      1    discovery 0.8589   ignored
r2  Olivia Garcia       #42    Aria Thompson       2    discovery 0.8538   ignored
r2  Olivia Garcia       #52    Luna Reyes          3    discovery 0.8416   ignored
r2  Olivia Garcia       #46    Oliver Robinson     4    discovery 0.8402   ignored
r2  Olivia Garcia       #43    Oliver Wang         5    discovery 0.8345   ignored
r2  Olivia Garcia       #37    Emma Hayes          6    discovery 0.8328   ignored
r2  Olivia Garcia       #57    Olivia Rodriguez    7    discovery 0.8303   ignored
r2  Olivia Garcia       #39    Jake Thompson       8    discovery 0.8280   ignored
r2  Olivia Garcia       #45    Emily Hayes         9    discovery 0.8279   ignored
r2  Olivia Garcia       #40    Simon Walker        10   discovery 0.7860   ignored
r2  Olivia Garcia       #41    Emily Carter        11   discovery 0.8019   ignored
r2  Olivia Rodriguez    #45    Emily Hayes         0    discovery 0.8545   ignored
r2  Olivia Rodriguez    #46    Oliver Robinson     1    discovery 0.8470   ignored
r2  Olivia Rodriguez    #50    James Thompson      2    discovery 0.8426   ignored
r2  Olivia Rodriguez    #53    Sophie Green        3    discovery 0.8405   ignored
r2  Olivia Rodriguez    #56    Olivia Garcia       4    discovery 0.8390   ignored
r2  Olivia Rodriguez    #43    Oliver Wang         5    discovery 0.8389   ignored
r2  Olivia Rodriguez    #39    Jake Thompson       6    discovery 0.8347   ignored
r2  Olivia Rodriguez    #42    Aria Thompson       7    discovery 0.8342   ignored
r2  Olivia Rodriguez    #52    Luna Reyes          8    discovery 0.8336   ignored
r2  Olivia Rodriguez    #37    Emma Hayes          9    discovery 0.8282   ignored
r2  Olivia Rodriguez    #58    Carlos Rodriguez    10   discovery 0.8072   ignored
r2  Olivia Rodriguez    #49    Bethany Davidson    11   discovery 0.8244   ignored
r2  Carlos Rodriguez    #46    Oliver Robinson     0    discovery 0.8226   ignored
r2  Carlos Rodriguez    #49    Bethany Davidson    1    discovery 0.8123   ignored
r2  Carlos Rodriguez    #50    James Thompson      2    discovery 0.8027   ignored
r2  Carlos Rodriguez    #53    Sophie Green        3    discovery 0.7965   ignored
r2  Carlos Rodriguez    #59    Emily Watson        4    discovery 0.7951   ignored
r2  Carlos Rodriguez    #57    Olivia Rodriguez    5    discovery 0.7888   ignored
r2  Carlos Rodriguez    #54    Nathan Brooks       6    discovery 0.7796   ignored
r2  Carlos Rodriguez    #52    Luna Reyes          7    discovery 0.7778   ignored
r2  Carlos Rodriguez    #43    Oliver Wang         8    discovery 0.7740   ignored
r2  Carlos Rodriguez    #45    Emily Hayes         9    discovery 0.7739   ignored
r2  Carlos Rodriguez    #6     Simon Walker        10   discovery 0.7356   ignored
r2  Carlos Rodriguez    #37    Emma Hayes          11   discovery 0.7623   ignored
r2  Emily Watson        #50    James Thompson      0    discovery 0.8541   ignored
r2  Emily Watson        #46    Oliver Robinson     1    discovery 0.8403   ignored
r2  Emily Watson        #53    Sophie Green        2    discovery 0.8385   ignored
r2  Emily Watson        #52    Luna Reyes          3    discovery 0.8293   ignored
r2  Emily Watson        #39    Jake Thompson       4    discovery 0.8250   ignored
r2  Emily Watson        #48    Daniel Rivera       5    discovery 0.8208   ignored
r2  Emily Watson        #42    Aria Thompson       6    discovery 0.8204   ignored
r2  Emily Watson        #43    Oliver Wang         7    discovery 0.8195   ignored
r2  Emily Watson        #37    Emma Hayes          8    discovery 0.8194   ignored
r2  Emily Watson        #45    Emily Hayes         9    discovery 0.8190   ignored
r2  Emily Watson        #38    Ryan Johnson        10   discovery 0.7927   ignored
r2  Emily Watson        #36    James Miller        11   discovery 0.7867   ignored
r2  Henry Richardson    #49    Bethany Davidson    0    discovery 0.8557   ignored
r2  Henry Richardson    #39    Jake Thompson       1    discovery 0.8507   ignored
r2  Henry Richardson    #50    James Thompson      2    discovery 0.8425   ignored
r2  Henry Richardson    #38    Ryan Johnson        3    discovery 0.8370   ignored
r2  Henry Richardson    #42    Aria Thompson       4    discovery 0.8355   ignored
r2  Henry Richardson    #56    Olivia Garcia       5    discovery 0.8347   ignored
r2  Henry Richardson    #44    Maxwell Armstrong   6    discovery 0.8332   ignored
r2  Henry Richardson    #45    Emily Hayes         7    discovery 0.8323   ignored
r2  Henry Richardson    #43    Oliver Wang         8    discovery 0.8309   ignored
r2  Henry Richardson    #57    Olivia Rodriguez    9    discovery 0.8283   ignored
r2  Henry Richardson    #37    Emma Hayes          10   discovery 0.8103   ignored
r2  Henry Richardson    #46    Oliver Robinson     11   discovery 0.8145   ignored
r2  Cassandra Johnson   #37    Emma Hayes          0    discovery 0.8697   ignored
r2  Cassandra Johnson   #45    Emily Hayes         1    discovery 0.8504   ignored
r2  Cassandra Johnson   #50    James Thompson      2    discovery 0.8463   ignored
r2  Cassandra Johnson   #52    Luna Reyes          3    discovery 0.8404   ignored
r2  Cassandra Johnson   #42    Aria Thompson       4    discovery 0.8330   ignored
r2  Cassandra Johnson   #57    Olivia Rodriguez    5    discovery 0.8264   ignored
r2  Cassandra Johnson   #46    Oliver Robinson     6    discovery 0.8240   ignored
r2  Cassandra Johnson   #43    Oliver Wang         7    discovery 0.8215   ignored
r2  Cassandra Johnson   #56    Olivia Garcia       8    discovery 0.8200   ignored
r2  Cassandra Johnson   #38    Ryan Johnson        9    discovery 0.8146   ignored
r2  Cassandra Johnson   #11    Sophia Nguyen       10   discovery 0.7636   ignored
r2  Cassandra Johnson   #1     Emma Hayes          11   discovery 0.7764   ignored
r2  Simon Greene        #50    James Thompson      0    discovery 0.8176   ignored
r2  Simon Greene        #46    Oliver Robinson     1    discovery 0.8070   ignored
r2  Simon Greene        #52    Luna Reyes          2    discovery 0.7861   ignored
r2  Simon Greene        #45    Emily Hayes         3    discovery 0.7846   ignored
r2  Simon Greene        #53    Sophie Green        4    discovery 0.7824   ignored
r2  Simon Greene        #42    Aria Thompson       5    discovery 0.7806   ignored
r2  Simon Greene        #44    Maxwell Armstrong   6    discovery 0.7735   ignored
r2  Simon Greene        #54    Nathan Brooks       7    discovery 0.7720   ignored
r2  Simon Greene        #57    Olivia Rodriguez    8    discovery 0.7667   ignored
r2  Simon Greene        #56    Olivia Garcia       9    discovery 0.7657   ignored
r2  Simon Greene        #43    Oliver Wang         10   discovery 0.7619   ignored
r2  Simon Greene        #36    James Miller        11   discovery 0.7472   ignored
r3  James Miller        #72    Oliver Wang         0    discovery 0.5438   ignored
r3  James Miller        #82    Carlos Rodriguez    1    discovery 0.5199   ignored
r3  James Miller        #79    Luna Reyes          2    discovery 0.5144   ignored
r3  James Miller        #85    Cassandra Johnson   3    discovery 0.5086   ignored
r3  James Miller        #74    Emily Hayes         4    discovery 0.5037   ignored
r3  James Miller        #75    Daniel Rivera       5    discovery 0.4944   ignored
r3  James Miller        #50    James Thompson      6    discovery 0.4898   ignored
r3  James Miller        #46    Oliver Robinson     7    discovery 0.4894   ignored
r3  James Miller        #70    Henry Farmer        8    discovery 0.4893   ignored
r3  James Miller        #78    Michael Thompson    9    discovery 0.4874   ignored
r3  James Miller        #69    Aria Thompson       10   discovery 0.4758   ignored
r3  James Miller        #52    Luna Reyes          11   discovery 0.4695   ignored
r3  Emma Hayes          #79    Luna Reyes          0    discovery 0.7548   ignored
r3  Emma Hayes          #72    Oliver Wang         1    discovery 0.7368   ignored
r3  Emma Hayes          #74    Emily Hayes         2    discovery 0.7364   ignored
r3  Emma Hayes          #65    James Miller        3    discovery 0.7287   ignored
r3  Emma Hayes          #85    Cassandra Johnson   4    discovery 0.7265   ignored
r3  Emma Hayes          #75    Daniel Rivera       5    discovery 0.7242   ignored
r3  Emma Hayes          #78    Michael Thompson    6    discovery 0.7185   ignored
r3  Emma Hayes          #82    Carlos Rodriguez    7    discovery 0.7129   ignored
r3  Emma Hayes          #68    Emily Carter        8    discovery 0.7076   ignored
r3  Emma Hayes          #83    Emily Watson        9    discovery 0.7013   ignored
r3  Emma Hayes          #73    Maxwell Armstrong   10   discovery 0.6881   ignored
r3  Emma Hayes          #77    James Thompson      11   discovery 0.6371   ignored
r3  Ryan Johnson        #83    Emily Watson        0    discovery 0.8294   ignored
r3  Ryan Johnson        #73    Maxwell Armstrong   1    discovery 0.8207   ignored
r3  Ryan Johnson        #79    Luna Reyes          2    discovery 0.8204   ignored
r3  Ryan Johnson        #80    Nathan Brooks       3    discovery 0.8150   ignored
r3  Ryan Johnson        #74    Emily Hayes         4    discovery 0.8131   ignored
r3  Ryan Johnson        #82    Carlos Rodriguez    5    discovery 0.8112   ignored
r3  Ryan Johnson        #85    Cassandra Johnson   6    discovery 0.8078   ignored
r3  Ryan Johnson        #65    James Miller        7    discovery 0.8057   ignored
r3  Ryan Johnson        #72    Oliver Wang         8    discovery 0.7964   ignored
r3  Ryan Johnson        #70    Henry Farmer        9    discovery 0.7952   ignored
r3  Ryan Johnson        #45    Emily Hayes         10   discovery 0.7585   ignored
r3  Ryan Johnson        #75    Daniel Rivera       11   discovery 0.7803   ignored
r3  Alexandra Whitmore  #76    Bethany Davidson    0    network   0.8059   ignored
r3  Alexandra Whitmore  #49    Bethany Davidson    1    network   0.7886   ignored
r3  Alexandra Whitmore  #20    Bethany Davidson    2    network   -        ignored
r3  Alexandra Whitmore  #80    Nathan Brooks       3    discovery 0.8544   ignored
r3  Alexandra Whitmore  #84    Henry Richardson    4    discovery 0.8425   ignored
r3  Alexandra Whitmore  #64    Ryan Johnson        5    discovery 0.8381   ignored
r3  Alexandra Whitmore  #82    Carlos Rodriguez    6    discovery 0.8364   ignored
r3  Alexandra Whitmore  #65    James Miller        7    discovery 0.8238   ignored
r3  Alexandra Whitmore  #70    Henry Farmer        8    discovery 0.8202   ignored
r3  Alexandra Whitmore  #74    Emily Hayes         9    discovery 0.8163   ignored
r3  Alexandra Whitmore  #79    Luna Reyes          10   discovery 0.7968   ignored
r3  Alexandra Whitmore  #75    Daniel Rivera       11   discovery 0.7889   ignored
r3  Jake Thompson       #72    Oliver Wang         0    discovery 0.8497   ignored
r3  Jake Thompson       #79    Luna Reyes          1    discovery 0.8362   ignored
r3  Jake Thompson       #65    James Miller        2    discovery 0.8343   ignored
r3  Jake Thompson       #78    Michael Thompson    3    discovery 0.8321   ignored
r3  Jake Thompson       #85    Cassandra Johnson   4    discovery 0.8232   ignored
r3  Jake Thompson       #63    Emma Hayes          5    discovery 0.8181   ignored
r3  Jake Thompson       #73    Maxwell Armstrong   6    discovery 0.8171   ignored
r3  Jake Thompson       #83    Emily Watson        7    discovery 0.8077   ignored
r3  Jake Thompson       #71    Sophia Nguyen       8    discovery 0.8050   ignored
r3  Jake Thompson       #64    Ryan Johnson        9    discovery 0.8037   ignored
r3  Jake Thompson       #84    Henry Richardson    10   discovery 0.7809   ignored
r3  Jake Thompson       #43    Oliver Wang         11   discovery 0.7387   ignored
r3  Simon Walker        #65    James Miller        0    discovery 0.8459   ignored
r3  Simon Walker        #82    Carlos Rodriguez    1    discovery 0.8420   ACTED
r3  Simon Walker        #79    Luna Reyes          2    discovery 0.8391   ignored
r3  Simon Walker        #74    Emily Hayes         3    discovery 0.8367   ignored
r3  Simon Walker        #80    Nathan Brooks       4    discovery 0.8363   ignored
r3  Simon Walker        #73    Maxwell Armstrong   5    discovery 0.8343   ignored
r3  Simon Walker        #85    Cassandra Johnson   6    discovery 0.8335   ignored
r3  Simon Walker        #72    Oliver Wang         7    discovery 0.8306   ignored
r3  Simon Walker        #69    Aria Thompson       8    discovery 0.8290   ignored
r3  Simon Walker        #68    Emily Carter        9    discovery 0.8276   ignored
r3  Simon Walker        #49    Bethany Davidson    10   discovery 0.7776   ignored
r3  Simon Walker        #43    Oliver Wang         11   discovery 0.7643   ignored
r3  Emily Carter        #79    Luna Reyes          0    discovery 0.8426   ignored
r3  Emily Carter        #85    Cassandra Johnson   1    discovery 0.8316   ignored
r3  Emily Carter        #65    James Miller        2    discovery 0.8294   ignored
r3  Emily Carter        #74    Emily Hayes         3    discovery 0.8292   ignored
r3  Emily Carter        #72    Oliver Wang         4    discovery 0.8240   ignored
r3  Emily Carter        #63    Emma Hayes          5    discovery 0.8232   ignored
r3  Emily Carter        #73    Maxwell Armstrong   6    discovery 0.8230   ignored
r3  Emily Carter        #75    Daniel Rivera       7    discovery 0.8184   ignored
r3  Emily Carter        #78    Michael Thompson    8    discovery 0.8145   ignored
r3  Emily Carter        #82    Carlos Rodriguez    9    discovery 0.8121   ignored
r3  Emily Carter        #43    Oliver Wang         10   discovery 0.7424   ignored
r3  Emily Carter        #52    Luna Reyes          11   discovery 0.7491   ignored
r3  Aria Thompson       #72    Oliver Wang         0    discovery 0.4388   ignored
r3  Aria Thompson       #82    Carlos Rodriguez    1    discovery 0.4197   ignored
r3  Aria Thompson       #79    Luna Reyes          2    discovery 0.4150   ignored
r3  Aria Thompson       #65    James Miller        3    discovery 0.4106   ignored
r3  Aria Thompson       #85    Cassandra Johnson   4    discovery 0.4084   ignored
r3  Aria Thompson       #78    Michael Thompson    5    discovery 0.4060   ignored
r3  Aria Thompson       #75    Daniel Rivera       6    discovery 0.4051   ignored
r3  Aria Thompson       #50    James Thompson      7    discovery 0.4029   ignored
r3  Aria Thompson       #74    Emily Hayes         8    discovery 0.3988   ignored
r3  Aria Thompson       #46    Oliver Robinson     9    discovery 0.3946   ignored
r3  Aria Thompson       #37    Emma Hayes          10   discovery 0.3616   ignored
r3  Aria Thompson       #73    Maxwell Armstrong   11   discovery 0.3630   ignored
r3  Henry Farmer        #53    Sophie Green        0    network   0.7170   ACTED
r3  Henry Farmer        #26    Sophie Green        1    network   -        ignored
r3  Henry Farmer        #65    James Miller        2    discovery 0.7601   ignored
r3  Henry Farmer        #72    Oliver Wang         3    discovery 0.7537   ignored
r3  Henry Farmer        #82    Carlos Rodriguez    4    discovery 0.7528   ignored
r3  Henry Farmer        #85    Cassandra Johnson   5    discovery 0.7352   ignored
r3  Henry Farmer        #79    Luna Reyes          6    discovery 0.7310   ignored
r3  Henry Farmer        #74    Emily Hayes         7    discovery 0.7236   ignored
r3  Henry Farmer        #75    Daniel Rivera       8    discovery 0.7199   ignored
r3  Henry Farmer        #83    Emily Watson        9    discovery 0.7190   ignored
r3  Henry Farmer        #63    Emma Hayes          10   discovery 0.7038   ignored
r3  Henry Farmer        #64    Ryan Johnson        11   discovery 0.6914   ignored
r3  Ethan Grayson       #74    Emily Hayes         0    network   0.8285   ignored
r3  Ethan Grayson       #45    Emily Hayes         1    network   0.7624   ignored
r3  Ethan Grayson       #15    Emily Hayes         2    network   -        ignored
r3  Ethan Grayson       #65    James Miller        3    discovery 0.8367   ignored
r3  Ethan Grayson       #85    Cassandra Johnson   4    discovery 0.8334   ignored
r3  Ethan Grayson       #79    Luna Reyes          5    discovery 0.8271   ignored
r3  Ethan Grayson       #83    Emily Watson        6    discovery 0.8164   ignored
r3  Ethan Grayson       #82    Carlos Rodriguez    7    discovery 0.8156   ignored
r3  Ethan Grayson       #72    Oliver Wang         8    discovery 0.8114   ignored
r3  Ethan Grayson       #84    Henry Richardson    9    discovery 0.8068   ignored
r3  Ethan Grayson       #78    Michael Thompson    10   discovery 0.8040   ignored
r3  Ethan Grayson       #69    Aria Thompson       11   discovery 0.7997   ignored
r3  Sophia Nguyen       #53    Sophie Green        0    network   0.7693   ACTED
r3  Sophia Nguyen       #26    Sophie Green        1    network   -        ignored
r3  Sophia Nguyen       #65    James Miller        2    discovery 0.8687   ignored
r3  Sophia Nguyen       #79    Luna Reyes          3    discovery 0.8656   ignored
r3  Sophia Nguyen       #72    Oliver Wang         4    discovery 0.8525   ignored
r3  Sophia Nguyen       #85    Cassandra Johnson   5    discovery 0.8489   ignored
r3  Sophia Nguyen       #74    Emily Hayes         6    discovery 0.8487   ignored
r3  Sophia Nguyen       #70    Henry Farmer        7    discovery 0.8333   ignored
r3  Sophia Nguyen       #63    Emma Hayes          8    discovery 0.8325   ignored
r3  Sophia Nguyen       #68    Emily Carter        9    discovery 0.8287   ignored
r3  Sophia Nguyen       #64    Ryan Johnson        10   discovery 0.7990   ignored
r3  Sophia Nguyen       #80    Nathan Brooks       11   discovery 0.7911   ignored
r3  Samuel Reynolds     #82    Carlos Rodriguez    0    discovery 0.8620   ignored
r3  Samuel Reynolds     #80    Nathan Brooks       1    discovery 0.8426   ignored
r3  Samuel Reynolds     #70    Henry Farmer        2    discovery 0.8374   ignored
r3  Samuel Reynolds     #84    Henry Richardson    3    discovery 0.8371   ignored
r3  Samuel Reynolds     #65    James Miller        4    discovery 0.8330   ignored
r3  Samuel Reynolds     #64    Ryan Johnson        5    discovery 0.8302   ignored
r3  Samuel Reynolds     #76    Bethany Davidson    6    discovery 0.8079   ignored
r3  Samuel Reynolds     #81    Olivia Rodriguez    7    discovery 0.8066   ignored
r3  Samuel Reynolds     #72    Oliver Wang         8    discovery 0.8063   ignored
r3  Samuel Reynolds     #68    Emily Carter        9    discovery 0.8060   ignored
r3  Samuel Reynolds     #78    Michael Thompson    10   discovery 0.7777   ignored
r3  Samuel Reynolds     #85    Cassandra Johnson   11   discovery 0.8002   ignored
r3  Oliver Wang         #65    James Miller        0    discovery 0.8652   ignored
r3  Oliver Wang         #79    Luna Reyes          1    discovery 0.8605   ignored
r3  Oliver Wang         #82    Carlos Rodriguez    2    discovery 0.8495   ignored
r3  Oliver Wang         #85    Cassandra Johnson   3    discovery 0.8410   ignored
r3  Oliver Wang         #70    Henry Farmer        4    discovery 0.8298   ignored
r3  Oliver Wang         #83    Emily Watson        5    discovery 0.8275   ignored
r3  Oliver Wang         #74    Emily Hayes         6    discovery 0.8261   ignored
r3  Oliver Wang         #75    Daniel Rivera       7    discovery 0.8184   ignored
r3  Oliver Wang         #68    Emily Carter        8    discovery 0.8177   ignored
r3  Oliver Wang         #84    Henry Richardson    9    discovery 0.8144   ignored
r3  Oliver Wang         #57    Olivia Rodriguez    10   discovery 0.7523   ignored
r3  Oliver Wang         #71    Sophia Nguyen       11   discovery 0.8108   ignored
r3  Maxwell Armstrong   #79    Luna Reyes          0    discovery 0.7995   ignored
r3  Maxwell Armstrong   #74    Emily Hayes         1    discovery 0.7987   ignored
r3  Maxwell Armstrong   #64    Ryan Johnson        2    discovery 0.7968   ignored
r3  Maxwell Armstrong   #82    Carlos Rodriguez    3    discovery 0.7923   ignored
r3  Maxwell Armstrong   #65    James Miller        4    discovery 0.7896   ignored
r3  Maxwell Armstrong   #83    Emily Watson        5    discovery 0.7896   ignored
r3  Maxwell Armstrong   #68    Emily Carter        6    discovery 0.7871   ignored
r3  Maxwell Armstrong   #80    Nathan Brooks       7    discovery 0.7867   ignored
r3  Maxwell Armstrong   #72    Oliver Wang         8    discovery 0.7855   ignored
r3  Maxwell Armstrong   #85    Cassandra Johnson   9    discovery 0.7841   ignored
r3  Maxwell Armstrong   #75    Daniel Rivera       10   discovery 0.7470   ignored
r3  Maxwell Armstrong   #69    Aria Thompson       11   discovery 0.7636   ignored
r3  Emily Hayes         #85    Cassandra Johnson   0    discovery 0.7536   ignored
r3  Emily Hayes         #65    James Miller        1    discovery 0.7500   ignored
r3  Emily Hayes         #72    Oliver Wang         2    discovery 0.7489   ignored
r3  Emily Hayes         #79    Luna Reyes          3    discovery 0.7402   ignored
r3  Emily Hayes         #63    Emma Hayes          4    discovery 0.7294   ignored
r3  Emily Hayes         #83    Emily Watson        5    discovery 0.7205   ignored
r3  Emily Hayes         #78    Michael Thompson    6    discovery 0.7204   ignored
r3  Emily Hayes         #84    Henry Richardson    7    discovery 0.7180   ignored
r3  Emily Hayes         #75    Daniel Rivera       8    discovery 0.7179   ignored
r3  Emily Hayes         #82    Carlos Rodriguez    9    discovery 0.7153   ignored
r3  Emily Hayes         #36    James Miller        10   discovery 0.6579   ignored
r3  Emily Hayes         #64    Ryan Johnson        11   discovery 0.6857   ignored
r3  Oliver Robinson     #79    Luna Reyes          0    network   0.7954   ignored
r3  Oliver Robinson     #52    Luna Reyes          1    network   0.7127   ACTED
r3  Oliver Robinson     #25    Luna Reyes          2    network   -        ignored
r3  Oliver Robinson     #82    Carlos Rodriguez    3    discovery 0.8387   ignored
r3  Oliver Robinson     #65    James Miller        4    discovery 0.7921   ignored
r3  Oliver Robinson     #72    Oliver Wang         5    discovery 0.7919   ignored
r3  Oliver Robinson     #70    Henry Farmer        6    discovery 0.7827   ignored
r3  Oliver Robinson     #85    Cassandra Johnson   7    discovery 0.7704   ignored
r3  Oliver Robinson     #83    Emily Watson        8    discovery 0.7533   ignored
r3  Oliver Robinson     #74    Emily Hayes         9    discovery 0.7522   ignored
r3  Oliver Robinson     #50    James Thompson      10   discovery 0.7256   ignored
r3  Oliver Robinson     #45    Emily Hayes         11   discovery 0.7026   ignored
r3  Daniel Miller       #87    Emma Hayes          0    network   -        ignored
r3  Daniel Miller       #63    Emma Hayes          1    network   0.8022   ignored
r3  Daniel Miller       #37    Emma Hayes          2    network   0.7652   ignored
r3  Daniel Miller       #1     Emma Hayes          3    network   -        ignored
r3  Daniel Miller       #74    Emily Hayes         4    discovery 0.8477   ignored
r3  Daniel Miller       #85    Cassandra Johnson   5    discovery 0.8450   ignored
r3  Daniel Miller       #65    James Miller        6    discovery 0.8334   ignored
r3  Daniel Miller       #79    Luna Reyes          7    discovery 0.8331   ignored
r3  Daniel Miller       #84    Henry Richardson    8    discovery 0.8265   ignored
r3  Daniel Miller       #72    Oliver Wang         9    discovery 0.8245   ignored
r3  Daniel Miller       #78    Michael Thompson    10   discovery 0.7947   ignored
r3  Daniel Miller       #68    Emily Carter        11   discovery 0.8179   ignored
r3  Daniel Rivera       #65    James Miller        0    discovery 0.8422   ignored
r3  Daniel Rivera       #79    Luna Reyes          1    discovery 0.8384   ignored
r3  Daniel Rivera       #85    Cassandra Johnson   2    discovery 0.8354   ignored
r3  Daniel Rivera       #72    Oliver Wang         3    discovery 0.8340   ignored
r3  Daniel Rivera       #78    Michael Thompson    4    discovery 0.8294   ignored
r3  Daniel Rivera       #63    Emma Hayes          5    discovery 0.8279   ignored
r3  Daniel Rivera       #74    Emily Hayes         6    discovery 0.8214   ignored
r3  Daniel Rivera       #70    Henry Farmer        7    discovery 0.8157   ignored
r3  Daniel Rivera       #68    Emily Carter        8    discovery 0.8127   ignored
r3  Daniel Rivera       #69    Aria Thompson       9    discovery 0.8103   ignored
r3  Daniel Rivera       #50    James Thompson      10   discovery 0.7855   ignored
r3  Daniel Rivera       #83    Emily Watson        11   discovery 0.8054   ignored
r3  Eleanor Thompson    #80    Nathan Brooks       0    discovery 0.8629   ignored
r3  Eleanor Thompson    #73    Maxwell Armstrong   1    discovery 0.8530   ignored
r3  Eleanor Thompson    #64    Ryan Johnson        2    discovery 0.8502   ignored
r3  Eleanor Thompson    #68    Emily Carter        3    discovery 0.8471   ignored
r3  Eleanor Thompson    #84    Henry Richardson    4    discovery 0.8450   ignored
r3  Eleanor Thompson    #85    Cassandra Johnson   5    discovery 0.8391   ignored
r3  Eleanor Thompson    #65    James Miller        6    discovery 0.8364   ignored
r3  Eleanor Thompson    #82    Carlos Rodriguez    7    discovery 0.8344   ignored
r3  Eleanor Thompson    #79    Luna Reyes          8    discovery 0.8342   ignored
r3  Eleanor Thompson    #76    Bethany Davidson    9    discovery 0.8339   ignored
r3  Eleanor Thompson    #75    Daniel Rivera       10   discovery 0.8067   ignored
r3  Eleanor Thompson    #42    Aria Thompson       11   discovery 0.7726   ignored
r3  Bethany Davidson    #65    James Miller        0    discovery 0.8313   ignored
r3  Bethany Davidson    #78    Michael Thompson    1    discovery 0.8300   ignored
r3  Bethany Davidson    #73    Maxwell Armstrong   2    discovery 0.8281   ignored
r3  Bethany Davidson    #68    Emily Carter        3    discovery 0.8276   ignored
r3  Bethany Davidson    #84    Henry Richardson    4    discovery 0.8244   ignored
r3  Bethany Davidson    #80    Nathan Brooks       5    discovery 0.8218   ignored
r3  Bethany Davidson    #82    Carlos Rodriguez    6    discovery 0.8176   ignored
r3  Bethany Davidson    #70    Henry Farmer        7    discovery 0.8163   ignored
r3  Bethany Davidson    #74    Emily Hayes         8    discovery 0.8158   ignored
r3  Bethany Davidson    #85    Cassandra Johnson   9    discovery 0.8149   ignored
r3  Bethany Davidson    #71    Sophia Nguyen       10   discovery 0.7693   ignored
r3  Bethany Davidson    #67    Simon Walker        11   discovery 0.7510   ignored
r3  Isabella Thompson   #77    James Thompson      0    network   0.7916   ignored
r3  Isabella Thompson   #50    James Thompson      1    network   0.7935   ignored
r3  Isabella Thompson   #24    James Thompson      2    network   -        ignored
r3  Isabella Thompson   #64    Ryan Johnson        3    discovery 0.8589   ignored
r3  Isabella Thompson   #73    Maxwell Armstrong   4    discovery 0.8378   ignored
r3  Isabella Thompson   #79    Luna Reyes          5    discovery 0.8344   ignored
r3  Isabella Thompson   #72    Oliver Wang         6    discovery 0.8333   ignored
r3  Isabella Thompson   #83    Emily Watson        7    discovery 0.8323   ignored
r3  Isabella Thompson   #80    Nathan Brooks       8    discovery 0.8319   ignored
r3  Isabella Thompson   #85    Cassandra Johnson   9    discovery 0.8313   ignored
r3  Isabella Thompson   #69    Aria Thompson       10   discovery 0.8070   ACTED
r3  Isabella Thompson   #71    Sophia Nguyen       11   discovery 0.7887   ignored
r3  Steven Johnson      #85    Cassandra Johnson   0    discovery 0.8541   ignored
r3  Steven Johnson      #65    James Miller        1    discovery 0.8539   ignored
r3  Steven Johnson      #72    Oliver Wang         2    discovery 0.8475   ignored
r3  Steven Johnson      #78    Michael Thompson    3    discovery 0.8467   ignored
r3  Steven Johnson      #84    Henry Richardson    4    discovery 0.8446   ignored
r3  Steven Johnson      #79    Luna Reyes          5    discovery 0.8413   ignored
r3  Steven Johnson      #64    Ryan Johnson        6    discovery 0.8396   ignored
r3  Steven Johnson      #74    Emily Hayes         7    discovery 0.8391   ignored
r3  Steven Johnson      #83    Emily Watson        8    discovery 0.8377   ignored
r3  Steven Johnson      #82    Carlos Rodriguez    9    discovery 0.8376   ignored
r3  Steven Johnson      #70    Henry Farmer        10   discovery 0.8285   ignored
r3  Steven Johnson      #46    Oliver Robinson     11   discovery 0.7694   ignored
r3  Victoria Greene     #97    Emily Hayes         0    network   -        ignored
r3  Victoria Greene     #74    Emily Hayes         1    network   0.8361   ignored
r3  Victoria Greene     #45    Emily Hayes         2    network   0.7700   ignored
r3  Victoria Greene     #15    Emily Hayes         3    network   -        ignored
r3  Victoria Greene     #79    Luna Reyes          4    discovery 0.8491   ignored
r3  Victoria Greene     #72    Oliver Wang         5    discovery 0.8407   ignored
r3  Victoria Greene     #65    James Miller        6    discovery 0.8399   ignored
r3  Victoria Greene     #68    Emily Carter        7    discovery 0.8374   ignored
r3  Victoria Greene     #73    Maxwell Armstrong   8    discovery 0.8309   ignored
r3  Victoria Greene     #85    Cassandra Johnson   9    discovery 0.8280   ignored
r3  Victoria Greene     #44    Maxwell Armstrong   10   discovery 0.7651   ignored
r3  Victoria Greene     #69    Aria Thompson       11   discovery 0.8053   ignored
r3  James Thompson      #70    Henry Farmer        0    discovery 0.8194   ignored
r3  James Thompson      #82    Carlos Rodriguez    1    discovery 0.8189   ignored
r3  James Thompson      #65    James Miller        2    discovery 0.8188   ignored
r3  James Thompson      #83    Emily Watson        3    discovery 0.8156   ignored
r3  James Thompson      #79    Luna Reyes          4    discovery 0.8124   ignored
r3  James Thompson      #84    Henry Richardson    5    discovery 0.8099   ignored
r3  James Thompson      #74    Emily Hayes         6    discovery 0.8079   ignored
r3  James Thompson      #85    Cassandra Johnson   7    discovery 0.8069   ignored
r3  James Thompson      #72    Oliver Wang         8    discovery 0.8025   ignored
r3  James Thompson      #75    Daniel Rivera       9    discovery 0.8013   ignored
r3  James Thompson      #68    Emily Carter        10   discovery 0.7870   ignored
r3  James Thompson      #66    Jake Thompson       11   discovery 0.7473   ignored
r3  Michael Thompson    #87    Emma Hayes          0    network   -        ignored
r3  Michael Thompson    #63    Emma Hayes          1    network   0.5190   ignored
r3  Michael Thompson    #37    Emma Hayes          2    network   0.4782   ignored
r3  Michael Thompson    #1     Emma Hayes          3    network   -        ignored
r3  Michael Thompson    #72    Oliver Wang         4    discovery 0.5597   ignored
r3  Michael Thompson    #85    Cassandra Johnson   5    discovery 0.5368   ignored
r3  Michael Thompson    #65    James Miller        6    discovery 0.5360   ignored
r3  Michael Thompson    #79    Luna Reyes          7    discovery 0.5347   ignored
r3  Michael Thompson    #82    Carlos Rodriguez    8    discovery 0.5291   ignored
r3  Michael Thompson    #75    Daniel Rivera       9    discovery 0.5268   ignored
r3  Michael Thompson    #80    Nathan Brooks       10   discovery 0.4750   ignored
r3  Michael Thompson    #67    Simon Walker        11   discovery 0.4828   ignored
r3  Luna Reyes          #72    Oliver Wang         0    discovery 0.5718   ignored
r3  Luna Reyes          #82    Carlos Rodriguez    1    discovery 0.5612   ignored
r3  Luna Reyes          #85    Cassandra Johnson   2    discovery 0.5443   ignored
r3  Luna Reyes          #74    Emily Hayes         3    discovery 0.5441   ignored
r3  Luna Reyes          #65    James Miller        4    discovery 0.5424   ignored
r3  Luna Reyes          #83    Emily Watson        5    discovery 0.5300   ignored
r3  Luna Reyes          #75    Daniel Rivera       6    discovery 0.5282   ignored
r3  Luna Reyes          #46    Oliver Robinson     7    discovery 0.5261   ignored
r3  Luna Reyes          #63    Emma Hayes          8    discovery 0.5253   ignored
r3  Luna Reyes          #50    James Thompson      9    discovery 0.5238   ignored
r3  Luna Reyes          #42    Aria Thompson       10   discovery 0.5012   ignored
r3  Luna Reyes          #37    Emma Hayes          11   discovery 0.5012   ignored
r3  Sophie Green        #70    Henry Farmer        0    discovery 0.9019   ignored
r3  Sophie Green        #65    James Miller        1    discovery 0.8627   ignored
r3  Sophie Green        #82    Carlos Rodriguez    2    discovery 0.8575   ignored
r3  Sophie Green        #79    Luna Reyes          3    discovery 0.8384   ignored
r3  Sophie Green        #72    Oliver Wang         4    discovery 0.8377   ignored
r3  Sophie Green        #85    Cassandra Johnson   5    discovery 0.8334   ignored
r3  Sophie Green        #83    Emily Watson        6    discovery 0.8254   ignored
r3  Sophie Green        #84    Henry Richardson    7    discovery 0.8218   ignored
r3  Sophie Green        #75    Daniel Rivera       8    discovery 0.8214   ignored
r3  Sophie Green        #71    Sophia Nguyen       9    discovery 0.8209   ignored
r3  Sophie Green        #80    Nathan Brooks       10   discovery 0.8093   ignored
r3  Sophie Green        #57    Olivia Rodriguez    11   discovery 0.7645   ignored
r3  Nathan Brooks       #82    Carlos Rodriguez    0    discovery 0.8191   ignored
r3  Nathan Brooks       #84    Henry Richardson    1    discovery 0.8184   ignored
r3  Nathan Brooks       #65    James Miller        2    discovery 0.8175   ignored
r3  Nathan Brooks       #64    Ryan Johnson        3    discovery 0.8146   ignored
r3  Nathan Brooks       #73    Maxwell Armstrong   4    discovery 0.8145   ignored
r3  Nathan Brooks       #74    Emily Hayes         5    discovery 0.8110   ignored
r3  Nathan Brooks       #85    Cassandra Johnson   6    discovery 0.8109   ignored
r3  Nathan Brooks       #72    Oliver Wang         7    discovery 0.8009   ignored
r3  Nathan Brooks       #79    Luna Reyes          8    discovery 0.8006   ignored
r3  Nathan Brooks       #83    Emily Watson        9    discovery 0.7961   ignored
r3  Nathan Brooks       #70    Henry Farmer        10   discovery 0.7916   ignored
r3  Nathan Brooks       #43    Oliver Wang         11   discovery 0.7383   ignored
r3  Emily Thompson      #102   James Thompson      0    network   -        ignored
r3  Emily Thompson      #77    James Thompson      1    network   0.7726   ignored
r3  Emily Thompson      #50    James Thompson      2    network   0.7837   ignored
r3  Emily Thompson      #24    James Thompson      3    network   -        ignored
r3  Emily Thompson      #65    James Miller        4    discovery 0.8559   ignored
r3  Emily Thompson      #78    Michael Thompson    5    discovery 0.8532   ignored
r3  Emily Thompson      #72    Oliver Wang         6    discovery 0.8515   ignored
r3  Emily Thompson      #84    Henry Richardson    7    discovery 0.8508   ignored
r3  Emily Thompson      #74    Emily Hayes         8    discovery 0.8406   ignored
r3  Emily Thompson      #63    Emma Hayes          9    discovery 0.8367   ignored
r3  Emily Thompson      #76    Bethany Davidson    10   discovery 0.8222   ignored
r3  Emily Thompson      #70    Henry Farmer        11   discovery 0.8182   ignored
r3  Olivia Garcia       #22    Steven Johnson      0    network   -        ACTED
r3  Olivia Garcia       #65    James Miller        1    discovery 0.8754   ignored
r3  Olivia Garcia       #72    Oliver Wang         2    discovery 0.8629   ignored
r3  Olivia Garcia       #78    Michael Thompson    3    discovery 0.8589   ignored
r3  Olivia Garcia       #85    Cassandra Johnson   4    discovery 0.8538   ignored
r3  Olivia Garcia       #69    Aria Thompson       5    discovery 0.8468   ignored
r3  Olivia Garcia       #84    Henry Richardson    6    discovery 0.8433   ignored
r3  Olivia Garcia       #79    Luna Reyes          7    discovery 0.8410   ignored
r3  Olivia Garcia       #75    Daniel Rivera       8    discovery 0.8356   ignored
r3  Olivia Garcia       #82    Carlos Rodriguez    9    discovery 0.8346   ignored
r3  Olivia Garcia       #42    Aria Thompson       10   discovery 0.7861   ignored
r3  Olivia Garcia       #63    Emma Hayes          11   discovery 0.8346   ignored
r3  Olivia Rodriguez    #82    Carlos Rodriguez    0    discovery 0.8596   ignored
r3  Olivia Rodriguez    #65    James Miller        1    discovery 0.8506   ignored
r3  Olivia Rodriguez    #70    Henry Farmer        2    discovery 0.8493   ignored
r3  Olivia Rodriguez    #84    Henry Richardson    3    discovery 0.8365   ignored
r3  Olivia Rodriguez    #72    Oliver Wang         4    discovery 0.8313   ignored
r3  Olivia Rodriguez    #83    Emily Watson        5    discovery 0.8275   ignored
r3  Olivia Rodriguez    #85    Cassandra Johnson   6    discovery 0.8193   ignored
r3  Olivia Rodriguez    #79    Luna Reyes          7    discovery 0.8186   ignored
r3  Olivia Rodriguez    #69    Aria Thompson       8    discovery 0.8163   ignored
r3  Olivia Rodriguez    #80    Nathan Brooks       9    discovery 0.8128   ignored
r3  Olivia Rodriguez    #71    Sophia Nguyen       10   discovery 0.7804   ignored
r3  Olivia Rodriguez    #54    Nathan Brooks       11   discovery 0.7700   ignored
r3  Carlos Rodriguez    #46    Oliver Robinson     0    discovery 0.5947   ignored
r3  Carlos Rodriguez    #72    Oliver Wang         1    discovery 0.5943   ignored
r3  Carlos Rodriguez    #79    Luna Reyes          2    discovery 0.5812   ignored
r3  Carlos Rodriguez    #65    James Miller        3    discovery 0.5798   ignored
r3  Carlos Rodriguez    #70    Henry Farmer        4    discovery 0.5741   ignored
r3  Carlos Rodriguez    #85    Cassandra Johnson   5    discovery 0.5601   ignored
r3  Carlos Rodriguez    #83    Emily Watson        6    discovery 0.5557   ignored
r3  Carlos Rodriguez    #50    James Thompson      7    discovery 0.5534   ignored
r3  Carlos Rodriguez    #74    Emily Hayes         8    discovery 0.5530   ignored
r3  Carlos Rodriguez    #81    Olivia Rodriguez    9    discovery 0.5521   ignored
r3  Carlos Rodriguez    #59    Emily Watson        10   discovery 0.5252   ignored
r3  Carlos Rodriguez    #52    Luna Reyes          11   discovery 0.5240   ignored
r3  Emily Watson        #79    Luna Reyes          0    discovery 0.8489   ignored
r3  Emily Watson        #65    James Miller        1    discovery 0.8426   ignored
r3  Emily Watson        #74    Emily Hayes         2    discovery 0.8373   ignored
r3  Emily Watson        #72    Oliver Wang         3    discovery 0.8350   ignored
r3  Emily Watson        #85    Cassandra Johnson   4    discovery 0.8312   ignored
r3  Emily Watson        #70    Henry Farmer        5    discovery 0.8173   ignored
r3  Emily Watson        #82    Carlos Rodriguez    6    discovery 0.8167   ignored
r3  Emily Watson        #63    Emma Hayes          7    discovery 0.8157   ignored
r3  Emily Watson        #75    Daniel Rivera       8    discovery 0.8128   ignored
r3  Emily Watson        #37    Emma Hayes          9    discovery 0.8061   ignored
r3  Emily Watson        #42    Aria Thompson       10   discovery 0.7653   ignored
r3  Emily Watson        #78    Michael Thompson    11   discovery 0.8041   ignored
r3  Henry Richardson    #65    James Miller        0    discovery 0.8614   ignored
r3  Henry Richardson    #80    Nathan Brooks       1    discovery 0.8532   ignored
r3  Henry Richardson    #85    Cassandra Johnson   2    discovery 0.8488   ignored
r3  Henry Richardson    #82    Carlos Rodriguez    3    discovery 0.8414   ignored
r3  Henry Richardson    #70    Henry Farmer        4    discovery 0.8405   ignored
r3  Henry Richardson    #74    Emily Hayes         5    discovery 0.8401   ignored
r3  Henry Richardson    #72    Oliver Wang         6    discovery 0.8341   ignored
r3  Henry Richardson    #78    Michael Thompson    7    discovery 0.8331   ignored
r3  Henry Richardson    #69    Aria Thompson       8    discovery 0.8307   ignored
r3  Henry Richardson    #68    Emily Carter        9    discovery 0.8299   ignored
r3  Henry Richardson    #39    Jake Thompson       10   discovery 0.7917   ignored
r3  Henry Richardson    #50    James Thompson      11   discovery 0.7882   ignored
r3  Cassandra Johnson   #74    Emily Hayes         0    discovery 0.8536   ignored
r3  Cassandra Johnson   #79    Luna Reyes          1    discovery 0.8528   ignored
r3  Cassandra Johnson   #65    James Miller        2    discovery 0.8504   ignored
r3  Cassandra Johnson   #83    Emily Watson        3    discovery 0.8474   ignored
r3  Cassandra Johnson   #72    Oliver Wang         4    discovery 0.8430   ignored
r3  Cassandra Johnson   #75    Daniel Rivera       5    discovery 0.8204   ignored
r3  Cassandra Johnson   #82    Carlos Rodriguez    6    discovery 0.8165   ignored
r3  Cassandra Johnson   #78    Michael Thompson    7    discovery 0.8128   ignored
r3  Cassandra Johnson   #84    Henry Richardson    8    discovery 0.8094   ignored
r3  Cassandra Johnson   #73    Maxwell Armstrong   9    discovery 0.8089   ignored
r3  Cassandra Johnson   #77    James Thompson      10   discovery 0.7620   ignored
r3  Cassandra Johnson   #80    Nathan Brooks       11   discovery 0.7956   ignored
r3  Simon Greene        #65    James Miller        0    discovery 0.8507   ignored
r3  Simon Greene        #84    Henry Richardson    1    discovery 0.8483   ignored
r3  Simon Greene        #80    Nathan Brooks       2    discovery 0.8419   ignored
r3  Simon Greene        #74    Emily Hayes         3    discovery 0.8388   ignored
r3  Simon Greene        #82    Carlos Rodriguez    4    discovery 0.8387   ignored
r3  Simon Greene        #85    Cassandra Johnson   5    discovery 0.8312   ignored
r3  Simon Greene        #70    Henry Farmer        6    discovery 0.8290   ignored
r3  Simon Greene        #63    Emma Hayes          7    discovery 0.8258   ignored
r3  Simon Greene        #79    Luna Reyes          8    discovery 0.8224   ignored
r3  Simon Greene        #72    Oliver Wang         9    discovery 0.8209   ignored
r3  Simon Greene        #64    Ryan Johnson        10   discovery 0.8101   ignored
r3  Simon Greene        #73    Maxwell Armstrong   11   discovery 0.8105   ignored
r4  James Miller        #92    Aria Thompson       0    discovery 0.8470   ignored
r4  James Miller        #101   Bethany Davidson    1    discovery 0.8401   ignored
r4  James Miller        #99    Daniel Rivera       2    discovery 0.8375   ignored
r4  James Miller        #104   Luna Reyes          3    discovery 0.8370   ignored
r4  James Miller        #106   Olivia Garcia       4    discovery 0.8362   ignored
r4  James Miller        #108   Emily Watson        5    discovery 0.8359   ignored
r4  James Miller        #110   Cassandra Johnson   6    discovery 0.8290   ignored
r4  James Miller        #87    Emma Hayes          7    discovery 0.8252   ignored
r4  James Miller        #102   James Thompson      8    discovery 0.8231   ignored
r4  James Miller        #94    Sophia Nguyen       9    discovery 0.8212   ignored
r4  James Miller        #100   Eleanor Thompson    10   discovery 0.7585   ignored
r4  James Miller        #63    Emma Hayes          11   discovery 0.7615   ignored
r4  Emma Hayes          #102   James Thompson      0    discovery 0.5573   ignored
r4  Emma Hayes          #99    Daniel Rivera       1    discovery 0.5509   ignored
r4  Emma Hayes          #106   Olivia Garcia       2    discovery 0.5506   ignored
r4  Emma Hayes          #108   Emily Watson        3    discovery 0.5421   ignored
r4  Emma Hayes          #89    James Miller        4    discovery 0.5420   ignored
r4  Emma Hayes          #104   Luna Reyes          5    discovery 0.5316   ignored
r4  Emma Hayes          #110   Cassandra Johnson   6    discovery 0.5302   ignored
r4  Emma Hayes          #92    Aria Thompson       7    discovery 0.5275   ignored
r4  Emma Hayes          #94    Sophia Nguyen       8    discovery 0.5241   ignored
r4  Emma Hayes          #103   Michael Thompson    9    discovery 0.5224   ignored
r4  Emma Hayes          #96    Maxwell Armstrong   10   discovery 0.4965   ignored
r4  Emma Hayes          #97    Emily Hayes         11   discovery 0.5046   ignored
r4  Ryan Johnson        #106   Olivia Garcia       0    discovery 0.8281   ignored
r4  Ryan Johnson        #101   Bethany Davidson    1    discovery 0.8219   ignored
r4  Ryan Johnson        #103   Michael Thompson    2    discovery 0.8210   ignored
r4  Ryan Johnson        #105   Nathan Brooks       3    discovery 0.8207   ignored
r4  Ryan Johnson        #100   Eleanor Thompson    4    discovery 0.8201   ignored
r4  Ryan Johnson        #107   Carlos Rodriguez    5    discovery 0.8176   ignored
r4  Ryan Johnson        #104   Luna Reyes          6    discovery 0.8150   ignored
r4  Ryan Johnson        #87    Emma Hayes          7    discovery 0.8125   ignored
r4  Ryan Johnson        #108   Emily Watson        8    discovery 0.8111   ignored
r4  Ryan Johnson        #110   Cassandra Johnson   9    discovery 0.8075   ignored
r4  Ryan Johnson        #65    James Miller        10   discovery 0.7568   ignored
r4  Ryan Johnson        #79    Luna Reyes          11   discovery 0.7625   ignored
r4  Alexandra Whitmore  #101   Bethany Davidson    0    network   0.8238   ignored
r4  Alexandra Whitmore  #76    Bethany Davidson    1    network   -        ignored
r4  Alexandra Whitmore  #49    Bethany Davidson    2    network   -        ignored
r4  Alexandra Whitmore  #20    Bethany Davidson    3    network   -        ignored
r4  Alexandra Whitmore  #105   Nathan Brooks       4    discovery 0.8299   ignored
r4  Alexandra Whitmore  #88    Ryan Johnson        5    discovery 0.8223   ignored
r4  Alexandra Whitmore  #104   Luna Reyes          6    discovery 0.8146   ignored
r4  Alexandra Whitmore  #100   Eleanor Thompson    7    discovery 0.8136   ignored
r4  Alexandra Whitmore  #92    Aria Thompson       8    discovery 0.8109   ACTED
r4  Alexandra Whitmore  #87    Emma Hayes          9    discovery 0.8101   ignored
r4  Alexandra Whitmore  #103   Michael Thompson    10   discovery 0.7898   ignored
r4  Alexandra Whitmore  #99    Daniel Rivera       11   discovery 0.7954   ignored
r4  Jake Thompson       #87    Emma Hayes          0    discovery 0.8536   ignored
r4  Jake Thompson       #99    Daniel Rivera       1    discovery 0.8524   ignored
r4  Jake Thompson       #103   Michael Thompson    2    discovery 0.8505   ignored
r4  Jake Thompson       #96    Maxwell Armstrong   3    discovery 0.8474   ignored
r4  Jake Thompson       #106   Olivia Garcia       4    discovery 0.8469   ignored
r4  Jake Thompson       #102   James Thompson      5    discovery 0.8468   ignored
r4  Jake Thompson       #101   Bethany Davidson    6    discovery 0.8449   ignored
r4  Jake Thompson       #108   Emily Watson        7    discovery 0.8431   ignored
r4  Jake Thompson       #94    Sophia Nguyen       8    discovery 0.8396   ignored
r4  Jake Thompson       #104   Luna Reyes          9    discovery 0.8310   ignored
r4  Jake Thompson       #98    Daniel Miller       10   discovery 0.7944   ignored
r4  Jake Thompson       #100   Eleanor Thompson    11   discovery 0.7722   ignored
r4  Simon Walker        #101   Bethany Davidson    0    discovery 0.8459   ignored
r4  Simon Walker        #103   Michael Thompson    1    discovery 0.8395   ignored
r4  Simon Walker        #106   Olivia Garcia       2    discovery 0.8391   ignored
r4  Simon Walker        #104   Luna Reyes          3    discovery 0.8355   ignored
r4  Simon Walker        #108   Emily Watson        4    discovery 0.8335   ignored
r4  Simon Walker        #105   Nathan Brooks       5    discovery 0.8331   ignored
r4  Simon Walker        #110   Cassandra Johnson   6    discovery 0.8323   ignored
r4  Simon Walker        #88    Ryan Johnson        7    discovery 0.8308   ignored
r4  Simon Walker        #99    Daniel Rivera       8    discovery 0.8298   ignored
r4  Simon Walker        #87    Emma Hayes          9    discovery 0.8293   ignored
r4  Simon Walker        #89    James Miller        10   discovery 0.7900   ignored
r4  Simon Walker        #73    Maxwell Armstrong   11   discovery 0.7682   ignored
r4  Emily Carter        #92    Aria Thompson       0    discovery 0.8637   ignored
r4  Emily Carter        #87    Emma Hayes          1    discovery 0.8573   ignored
r4  Emily Carter        #94    Sophia Nguyen       2    discovery 0.8471   ignored
r4  Emily Carter        #101   Bethany Davidson    3    discovery 0.8448   ignored
r4  Emily Carter        #96    Maxwell Armstrong   4    discovery 0.8446   ignored
r4  Emily Carter        #103   Michael Thompson    5    discovery 0.8438   ignored
r4  Emily Carter        #102   James Thompson      6    discovery 0.8429   ignored
r4  Emily Carter        #108   Emily Watson        7    discovery 0.8420   ignored
r4  Emily Carter        #104   Luna Reyes          8    discovery 0.8392   ignored
r4  Emily Carter        #99    Daniel Rivera       9    discovery 0.8388   ignored
r4  Emily Carter        #110   Cassandra Johnson   10   discovery 0.8244   ignored
r4  Emily Carter        #74    Emily Hayes         11   discovery 0.7658   ignored
r4  Aria Thompson       #102   James Thompson      0    discovery 0.4487   ignored
r4  Aria Thompson       #99    Daniel Rivera       1    discovery 0.4351   ignored
r4  Aria Thompson       #89    James Miller        2    discovery 0.4304   ignored
r4  Aria Thompson       #106   Olivia Garcia       3    discovery 0.4123   ignored
r4  Aria Thompson       #94    Sophia Nguyen       4    discovery 0.4122   ignored
r4  Aria Thompson       #108   Emily Watson        5    discovery 0.4085   ignored
r4  Aria Thompson       #101   Bethany Davidson    6    discovery 0.4073   ignored
r4  Aria Thompson       #110   Cassandra Johnson   7    discovery 0.4059   ignored
r4  Aria Thompson       #72    Oliver Wang         8    discovery 0.4035   ignored
r4  Aria Thompson       #104   Luna Reyes          9    discovery 0.4021   ignored
r4  Aria Thompson       #46    Oliver Robinson     10   discovery 0.3526   ignored
r4  Aria Thompson       #78    Michael Thompson    11   discovery 0.3681   ignored
r4  Henry Farmer        #53    Sophie Green        0    network   -        ACTED
r4  Henry Farmer        #26    Sophie Green        1    network   -        ignored
r4  Henry Farmer        #94    Sophia Nguyen       2    fof       0.8505   ignored
r4  Henry Farmer        #71    Sophia Nguyen       3    fof       0.7485   ACTED
r4  Henry Farmer        #11    Sophia Nguyen       4    fof       -        ignored
r4  Henry Farmer        #102   James Thompson      5    discovery 0.8653   ignored
r4  Henry Farmer        #99    Daniel Rivera       6    discovery 0.8531   ignored
r4  Henry Farmer        #101   Bethany Davidson    7    discovery 0.8471   ignored
r4  Henry Farmer        #106   Olivia Garcia       8    discovery 0.8442   ignored
r4  Henry Farmer        #103   Michael Thompson    9    discovery 0.8330   ignored
r4  Henry Farmer        #98    Daniel Miller       10   discovery 0.7599   ignored
r4  Henry Farmer        #90    Jake Thompson       11   discovery 0.7642   ignored
r4  Ethan Grayson       #97    Emily Hayes         0    network   0.7509   ignored
r4  Ethan Grayson       #74    Emily Hayes         1    network   0.7629   ignored
r4  Ethan Grayson       #45    Emily Hayes         2    network   -        ignored
r4  Ethan Grayson       #15    Emily Hayes         3    network   -        ignored
r4  Ethan Grayson       #101   Bethany Davidson    4    discovery 0.8367   ignored
r4  Ethan Grayson       #92    Aria Thompson       5    discovery 0.8341   ignored
r4  Ethan Grayson       #108   Emily Watson        6    discovery 0.8334   ignored
r4  Ethan Grayson       #104   Luna Reyes          7    discovery 0.8301   ignored
r4  Ethan Grayson       #87    Emma Hayes          8    discovery 0.8284   ignored
r4  Ethan Grayson       #106   Olivia Garcia       9    discovery 0.8271   ignored
r4  Ethan Grayson       #79    Luna Reyes          10   discovery 0.7615   ignored
r4  Ethan Grayson       #72    Oliver Wang         11   discovery 0.7470   ignored
r4  Sophia Nguyen       #53    Sophie Green        0    network   -        ACTED
r4  Sophia Nguyen       #26    Sophie Green        1    network   -        ignored
r4  Sophia Nguyen       #102   James Thompson      2    discovery 0.8881   ignored
r4  Sophia Nguyen       #101   Bethany Davidson    3    discovery 0.8850   ignored
r4  Sophia Nguyen       #87    Emma Hayes          4    discovery 0.8659   ignored
r4  Sophia Nguyen       #106   Olivia Garcia       5    discovery 0.8637   ignored
r4  Sophia Nguyen       #103   Michael Thompson    6    discovery 0.8621   ignored
r4  Sophia Nguyen       #92    Aria Thompson       7    discovery 0.8618   ignored
r4  Sophia Nguyen       #99    Daniel Rivera       8    discovery 0.8595   ignored
r4  Sophia Nguyen       #108   Emily Watson        9    discovery 0.8576   ignored
r4  Sophia Nguyen       #107   Carlos Rodriguez    10   discovery 0.7736   ignored
r4  Sophia Nguyen       #88    Ryan Johnson        11   discovery 0.7703   ignored
r4  Samuel Reynolds     #101   Bethany Davidson    0    discovery 0.8731   ignored
r4  Samuel Reynolds     #94    Sophia Nguyen       1    discovery 0.8490   ignored
r4  Samuel Reynolds     #102   James Thompson      2    discovery 0.8477   ignored
r4  Samuel Reynolds     #92    Aria Thompson       3    discovery 0.8454   ignored
r4  Samuel Reynolds     #105   Nathan Brooks       4    discovery 0.8392   ignored
r4  Samuel Reynolds     #99    Daniel Rivera       5    discovery 0.8385   ignored
r4  Samuel Reynolds     #103   Michael Thompson    6    discovery 0.8369   ignored
r4  Samuel Reynolds     #87    Emma Hayes          7    discovery 0.8329   ignored
r4  Samuel Reynolds     #106   Olivia Garcia       8    discovery 0.8307   ignored
r4  Samuel Reynolds     #104   Luna Reyes          9    discovery 0.8280   ignored
r4  Samuel Reynolds     #108   Emily Watson        10   discovery 0.8256   ignored
r4  Samuel Reynolds     #96    Maxwell Armstrong   11   discovery 0.7958   ignored
r4  Oliver Wang         #97    Emily Hayes         0    network   0.7837   ignored
r4  Oliver Wang         #74    Emily Hayes         1    network   0.7606   ignored
r4  Oliver Wang         #45    Emily Hayes         2    network   -        ignored
r4  Oliver Wang         #15    Emily Hayes         3    network   -        ignored
r4  Oliver Wang         #99    Daniel Rivera       4    discovery 0.8823   ignored
r4  Oliver Wang         #101   Bethany Davidson    5    discovery 0.8652   ignored
r4  Oliver Wang         #102   James Thompson      6    discovery 0.8647   ignored
r4  Oliver Wang         #106   Olivia Garcia       7    discovery 0.8605   ignored
r4  Oliver Wang         #94    Sophia Nguyen       8    discovery 0.8502   ignored
r4  Oliver Wang         #108   Emily Watson        9    discovery 0.8410   ignored
r4  Oliver Wang         #96    Maxwell Armstrong   10   discovery 0.7933   ignored
r4  Oliver Wang         #103   Michael Thompson    11   discovery 0.8382   ignored
r4  Maxwell Armstrong   #106   Olivia Garcia       0    discovery 0.7608   ignored
r4  Maxwell Armstrong   #102   James Thompson      1    discovery 0.7607   ignored
r4  Maxwell Armstrong   #103   Michael Thompson    2    discovery 0.7550   ignored
r4  Maxwell Armstrong   #104   Luna Reyes          3    discovery 0.7547   ignored
r4  Maxwell Armstrong   #99    Daniel Rivera       4    discovery 0.7504   ignored
r4  Maxwell Armstrong   #87    Emma Hayes          5    discovery 0.7451   ignored
r4  Maxwell Armstrong   #108   Emily Watson        6    discovery 0.7447   ignored
r4  Maxwell Armstrong   #92    Aria Thompson       7    discovery 0.7422   ignored
r4  Maxwell Armstrong   #110   Cassandra Johnson   8    discovery 0.7376   ignored
r4  Maxwell Armstrong   #97    Emily Hayes         9    discovery 0.7375   ignored
r4  Maxwell Armstrong   #79    Luna Reyes          10   discovery 0.7005   ignored
r4  Maxwell Armstrong   #105   Nathan Brooks       11   discovery 0.7136   ignored
r4  Emily Hayes         #104   Luna Reyes          0    discovery 0.8623   ignored
r4  Emily Hayes         #92    Aria Thompson       1    discovery 0.8621   ignored
r4  Emily Hayes         #87    Emma Hayes          2    discovery 0.8595   ignored
r4  Emily Hayes         #101   Bethany Davidson    3    discovery 0.8525   ignored
r4  Emily Hayes         #108   Emily Watson        4    discovery 0.8473   ignored
r4  Emily Hayes         #99    Daniel Rivera       5    discovery 0.8466   ignored
r4  Emily Hayes         #106   Olivia Garcia       6    discovery 0.8462   ignored
r4  Emily Hayes         #103   Michael Thompson    7    discovery 0.8459   ignored
r4  Emily Hayes         #102   James Thompson      8    discovery 0.8433   ignored
r4  Emily Hayes         #96    Maxwell Armstrong   9    discovery 0.8418   ignored
r4  Emily Hayes         #68    Emily Carter        10   discovery 0.7602   ignored
r4  Emily Hayes         #98    Daniel Miller       11   discovery 0.7843   ignored
r4  Oliver Robinson     #104   Luna Reyes          0    network   0.7562   ACTED
r4  Oliver Robinson     #79    Luna Reyes          1    network   0.7324   ignored
r4  Oliver Robinson     #52    Luna Reyes          2    network   -        ACTED
r4  Oliver Robinson     #25    Luna Reyes          3    network   -        ignored
r4  Oliver Robinson     #102   James Thompson      4    discovery 0.8106   ignored
r4  Oliver Robinson     #106   Olivia Garcia       5    discovery 0.7954   ignored
r4  Oliver Robinson     #101   Bethany Davidson    6    discovery 0.7921   ignored
r4  Oliver Robinson     #99    Daniel Rivera       7    discovery 0.7863   ignored
r4  Oliver Robinson     #94    Sophia Nguyen       8    discovery 0.7774   ignored
r4  Oliver Robinson     #82    Carlos Rodriguez    9    discovery 0.7723   ignored
r4  Oliver Robinson     #92    Aria Thompson       10   discovery 0.7639   ignored
r4  Oliver Robinson     #97    Emily Hayes         11   discovery 0.7176   ignored
r4  Daniel Miller       #114   Emma Hayes          0    network   -        ignored
r4  Daniel Miller       #87    Emma Hayes          1    network   0.8372   ignored
r4  Daniel Miller       #63    Emma Hayes          2    network   -        ignored
r4  Daniel Miller       #37    Emma Hayes          3    network   -        ignored
r4  Daniel Miller       #1     Emma Hayes          4    network   -        ignored
r4  Daniel Miller       #104   Luna Reyes          5    discovery 0.8480   ignored
r4  Daniel Miller       #108   Emily Watson        6    discovery 0.8450   ignored
r4  Daniel Miller       #105   Nathan Brooks       7    discovery 0.8417   ignored
r4  Daniel Miller       #110   Cassandra Johnson   8    discovery 0.8400   ignored
r4  Daniel Miller       #101   Bethany Davidson    9    discovery 0.8334   ignored
r4  Daniel Miller       #103   Michael Thompson    10   discovery 0.8208   ignored
r4  Daniel Miller       #90    Jake Thompson       11   discovery 0.8021   ignored
r4  Daniel Rivera       #101   Bethany Davidson    0    discovery 0.8630   ignored
r4  Daniel Rivera       #106   Olivia Garcia       1    discovery 0.8609   ignored
r4  Daniel Rivera       #102   James Thompson      2    discovery 0.8582   ignored
r4  Daniel Rivera       #108   Emily Watson        3    discovery 0.8540   ignored
r4  Daniel Rivera       #94    Sophia Nguyen       4    discovery 0.8500   ignored
r4  Daniel Rivera       #87    Emma Hayes          5    discovery 0.8492   ignored
r4  Daniel Rivera       #89    James Miller        6    discovery 0.8476   ignored
r4  Daniel Rivera       #110   Cassandra Johnson   7    discovery 0.8460   ignored
r4  Daniel Rivera       #92    Aria Thompson       8    discovery 0.8450   ignored
r4  Daniel Rivera       #104   Luna Reyes          9    discovery 0.8447   ignored
r4  Daniel Rivera       #105   Nathan Brooks       10   discovery 0.8420   ignored
r4  Daniel Rivera       #97    Emily Hayes         11   discovery 0.7869   ignored
r4  Eleanor Thompson    #105   Nathan Brooks       0    discovery 0.8447   ignored
r4  Eleanor Thompson    #101   Bethany Davidson    1    discovery 0.8385   ignored
r4  Eleanor Thompson    #108   Emily Watson        2    discovery 0.8384   ignored
r4  Eleanor Thompson    #98    Daniel Miller       3    discovery 0.8355   ignored
r4  Eleanor Thompson    #106   Olivia Garcia       4    discovery 0.8352   ignored
r4  Eleanor Thompson    #110   Cassandra Johnson   5    discovery 0.8338   ignored
r4  Eleanor Thompson    #99    Daniel Rivera       6    discovery 0.8332   ignored
r4  Eleanor Thompson    #88    Ryan Johnson        7    discovery 0.8308   ignored
r4  Eleanor Thompson    #104   Luna Reyes          8    discovery 0.8302   ignored
r4  Eleanor Thompson    #102   James Thompson      9    discovery 0.8283   ignored
r4  Eleanor Thompson    #73    Maxwell Armstrong   10   discovery 0.7803   ignored
r4  Eleanor Thompson    #93    Henry Farmer        11   discovery 0.7923   ignored
r4  Bethany Davidson    #102   James Thompson      0    discovery 0.3837   ignored
r4  Bethany Davidson    #99    Daniel Rivera       1    discovery 0.3581   ignored
r4  Bethany Davidson    #106   Olivia Garcia       2    discovery 0.3464   ignored
r4  Bethany Davidson    #94    Sophia Nguyen       3    discovery 0.3387   ignored
r4  Bethany Davidson    #89    James Miller        4    discovery 0.3373   ignored
r4  Bethany Davidson    #93    Henry Farmer        5    discovery 0.3339   ignored
r4  Bethany Davidson    #72    Oliver Wang         6    discovery 0.3323   ignored
r4  Bethany Davidson    #92    Aria Thompson       7    discovery 0.3264   ignored
r4  Bethany Davidson    #110   Cassandra Johnson   8    discovery 0.3232   ignored
r4  Bethany Davidson    #108   Emily Watson        9    discovery 0.3227   ignored
r4  Bethany Davidson    #82    Carlos Rodriguez    10   discovery 0.3113   ignored
r4  Bethany Davidson    #87    Emma Hayes          11   discovery 0.2885   ignored
r4  Isabella Thompson   #102   James Thompson      0    network   0.8279   ignored
r4  Isabella Thompson   #77    James Thompson      1    network   -        ignored
r4  Isabella Thompson   #50    James Thompson      2    network   -        ignored
r4  Isabella Thompson   #24    James Thompson      3    network   -        ignored
r4  Isabella Thompson   #99    Daniel Rivera       4    discovery 0.8371   ignored
r4  Isabella Thompson   #106   Olivia Garcia       5    discovery 0.8344   ignored
r4  Isabella Thompson   #105   Nathan Brooks       6    discovery 0.8341   ignored
r4  Isabella Thompson   #108   Emily Watson        7    discovery 0.8313   ignored
r4  Isabella Thompson   #101   Bethany Davidson    8    discovery 0.8285   ignored
r4  Isabella Thompson   #92    Aria Thompson       9    discovery 0.8277   ACTED
r4  Isabella Thompson   #109   Henry Richardson    10   discovery 0.7777   ignored
r4  Isabella Thompson   #95    Samuel Reynolds     11   discovery 0.7903   ignored
r4  Steven Johnson      #87    Emma Hayes          0    discovery 0.8569   ignored
r4  Steven Johnson      #108   Emily Watson        1    discovery 0.8541   ignored
r4  Steven Johnson      #101   Bethany Davidson    2    discovery 0.8539   ignored
r4  Steven Johnson      #92    Aria Thompson       3    discovery 0.8537   ignored
r4  Steven Johnson      #99    Daniel Rivera       4    discovery 0.8507   ignored
r4  Steven Johnson      #105   Nathan Brooks       5    discovery 0.8432   ignored
r4  Steven Johnson      #104   Luna Reyes          6    discovery 0.8420   ignored
r4  Steven Johnson      #106   Olivia Garcia       7    discovery 0.8413   ignored
r4  Steven Johnson      #102   James Thompson      8    discovery 0.8395   ignored
r4  Steven Johnson      #103   Michael Thompson    9    discovery 0.8395   ignored
r4  Steven Johnson      #79    Luna Reyes          10   discovery 0.7746   ignored
r4  Steven Johnson      #94    Sophia Nguyen       11   discovery 0.8342   ignored
r4  Victoria Greene     #123   Emily Hayes         0    network   -        ignored
r4  Victoria Greene     #97    Emily Hayes         1    network   0.8038   ignored
r4  Victoria Greene     #74    Emily Hayes         2    network   0.7698   ignored
r4  Victoria Greene     #45    Emily Hayes         3    network   -        ignored
r4  Victoria Greene     #15    Emily Hayes         4    network   -        ignored
r4  Victoria Greene     #106   Olivia Garcia       5    discovery 0.8491   ignored
r4  Victoria Greene     #99    Daniel Rivera       6    discovery 0.8432   ignored
r4  Victoria Greene     #102   James Thompson      7    discovery 0.8419   ignored
r4  Victoria Greene     #104   Luna Reyes          8    discovery 0.8410   ignored
r4  Victoria Greene     #101   Bethany Davidson    9    discovery 0.8399   ignored
r4  Victoria Greene     #88    Ryan Johnson        10   discovery 0.7857   ignored
r4  Victoria Greene     #105   Nathan Brooks       11   discovery 0.8220   ignored
r4  James Thompson      #101   Bethany Davidson    0    discovery 0.8490   ignored
r4  James Thompson      #94    Sophia Nguyen       1    discovery 0.8422   ignored
r4  James Thompson      #106   Olivia Garcia       2    discovery 0.8396   ignored
r4  James Thompson      #99    Daniel Rivera       3    discovery 0.8395   ignored
r4  James Thompson      #92    Aria Thompson       4    discovery 0.8273   ignored
r4  James Thompson      #103   Michael Thompson    5    discovery 0.8189   ignored
r4  James Thompson      #108   Emily Watson        6    discovery 0.8165   ignored
r4  James Thompson      #104   Luna Reyes          7    discovery 0.8143   ignored
r4  James Thompson      #87    Emma Hayes          8    discovery 0.8126   ignored
r4  James Thompson      #89    James Miller        9    discovery 0.8053   ignored
r4  James Thompson      #90    Jake Thompson       10   discovery 0.7472   ignored
r4  James Thompson      #85    Cassandra Johnson   11   discovery 0.7518   ignored
r4  Michael Thompson    #114   Emma Hayes          0    network   -        ignored
r4  Michael Thompson    #87    Emma Hayes          1    network   0.7415   ignored
r4  Michael Thompson    #63    Emma Hayes          2    network   0.6696   ignored
r4  Michael Thompson    #37    Emma Hayes          3    network   -        ignored
r4  Michael Thompson    #1     Emma Hayes          4    network   -        ignored
r4  Michael Thompson    #106   Olivia Garcia       5    discovery 0.7609   ignored
r4  Michael Thompson    #102   James Thompson      6    discovery 0.7582   ignored
r4  Michael Thompson    #99    Daniel Rivera       7    discovery 0.7542   ignored
r4  Michael Thompson    #104   Luna Reyes          8    discovery 0.7529   ignored
r4  Michael Thompson    #101   Bethany Davidson    9    discovery 0.7521   ignored
r4  Michael Thompson    #74    Emily Hayes         10   discovery 0.6901   ignored
r4  Michael Thompson    #91    Emily Carter        11   discovery 0.6671   ignored
r4  Luna Reyes          #101   Bethany Davidson    0    discovery 0.8268   ignored
r4  Luna Reyes          #87    Emma Hayes          1    discovery 0.8220   ignored
r4  Luna Reyes          #108   Emily Watson        2    discovery 0.8210   ignored
r4  Luna Reyes          #92    Aria Thompson       3    discovery 0.8201   ignored
r4  Luna Reyes          #106   Olivia Garcia       4    discovery 0.8176   ignored
r4  Luna Reyes          #110   Cassandra Johnson   5    discovery 0.8133   ignored
r4  Luna Reyes          #103   Michael Thompson    6    discovery 0.8120   ignored
r4  Luna Reyes          #102   James Thompson      7    discovery 0.8100   ignored
r4  Luna Reyes          #99    Daniel Rivera       8    discovery 0.8081   ignored
r4  Luna Reyes          #105   Nathan Brooks       9    discovery 0.7990   ignored
r4  Luna Reyes          #96    Maxwell Armstrong   10   discovery 0.7943   ignored
r4  Luna Reyes          #82    Carlos Rodriguez    11   discovery 0.7262   ignored
r4  Sophie Green        #119   Sophia Nguyen       0    network   -        ACTED
r4  Sophie Green        #94    Sophia Nguyen       1    network   0.8438   ignored
r4  Sophie Green        #71    Sophia Nguyen       2    network   -        ignored
r4  Sophie Green        #11    Sophia Nguyen       3    network   -        ignored
r4  Sophie Green        #101   Bethany Davidson    4    discovery 0.8627   ignored
r4  Sophie Green        #102   James Thompson      5    discovery 0.8415   ignored
r4  Sophie Green        #106   Olivia Garcia       6    discovery 0.8384   ignored
r4  Sophie Green        #87    Emma Hayes          7    discovery 0.8375   ignored
r4  Sophie Green        #105   Nathan Brooks       8    discovery 0.8370   ignored
r4  Sophie Green        #108   Emily Watson        9    discovery 0.8334   ignored
r4  Sophie Green        #107   Carlos Rodriguez    10   discovery 0.8035   ignored
r4  Sophie Green        #90    Jake Thompson       11   discovery 0.7726   ignored
r4  Nathan Brooks       #101   Bethany Davidson    0    discovery 0.8508   ignored
r4  Nathan Brooks       #99    Daniel Rivera       1    discovery 0.8503   ignored
r4  Nathan Brooks       #104   Luna Reyes          2    discovery 0.8489   ignored
r4  Nathan Brooks       #110   Cassandra Johnson   3    discovery 0.8487   ignored
r4  Nathan Brooks       #108   Emily Watson        4    discovery 0.8480   ignored
r4  Nathan Brooks       #87    Emma Hayes          5    discovery 0.8385   ignored
r4  Nathan Brooks       #106   Olivia Garcia       6    discovery 0.8384   ignored
r4  Nathan Brooks       #102   James Thompson      7    discovery 0.8353   ignored
r4  Nathan Brooks       #98    Daniel Miller       8    discovery 0.8331   ignored
r4  Nathan Brooks       #94    Sophia Nguyen       9    discovery 0.8307   ignored
r4  Nathan Brooks       #72    Oliver Wang         10   discovery 0.7812   ignored
r4  Nathan Brooks       #89    James Miller        11   discovery 0.8179   ignored
r4  Emily Thompson      #129   James Thompson      0    network   -        ignored
r4  Emily Thompson      #102   James Thompson      1    network   0.8366   ignored
r4  Emily Thompson      #77    James Thompson      2    network   -        ignored
r4  Emily Thompson      #50    James Thompson      3    network   -        ignored
r4  Emily Thompson      #24    James Thompson      4    network   -        ignored
r4  Emily Thompson      #101   Bethany Davidson    5    discovery 0.8559   ignored
r4  Emily Thompson      #99    Daniel Rivera       6    discovery 0.8492   ignored
r4  Emily Thompson      #104   Luna Reyes          7    discovery 0.8454   ignored
r4  Emily Thompson      #92    Aria Thompson       8    discovery 0.8452   ignored
r4  Emily Thompson      #103   Michael Thompson    9    discovery 0.8448   ignored
r4  Emily Thompson      #96    Maxwell Armstrong   10   discovery 0.8149   ignored
r4  Emily Thompson      #98    Daniel Miller       11   discovery 0.8106   ignored
r4  Olivia Garcia       #127   Steven Johnson      0    network   -        ACTED
r4  Olivia Garcia       #22    Steven Johnson      1    network   -        ACTED
r4  Olivia Garcia       #102   James Thompson      2    discovery 0.6597   ignored
r4  Olivia Garcia       #99    Daniel Rivera       3    discovery 0.6486   ignored
r4  Olivia Garcia       #89    James Miller        4    discovery 0.6348   ignored
r4  Olivia Garcia       #94    Sophia Nguyen       5    discovery 0.6179   ignored
r4  Olivia Garcia       #103   Michael Thompson    6    discovery 0.6166   ignored
r4  Olivia Garcia       #101   Bethany Davidson    7    discovery 0.6164   ignored
r4  Olivia Garcia       #104   Luna Reyes          8    discovery 0.6152   ignored
r4  Olivia Garcia       #79    Luna Reyes          9    discovery 0.6130   ignored
r4  Olivia Garcia       #65    James Miller        10   discovery 0.5676   ignored
r4  Olivia Garcia       #92    Aria Thompson       11   discovery 0.6115   ACTED
r4  Olivia Rodriguez    #105   Nathan Brooks       0    network   0.8390   ignored
r4  Olivia Rodriguez    #80    Nathan Brooks       1    network   0.7484   ignored
r4  Olivia Rodriguez    #54    Nathan Brooks       2    network   -        ignored
r4  Olivia Rodriguez    #27    Nathan Brooks       3    network   -        ignored
r4  Olivia Rodriguez    #101   Bethany Davidson    4    discovery 0.8506   ignored
r4  Olivia Rodriguez    #92    Aria Thompson       5    discovery 0.8300   ignored
r4  Olivia Rodriguez    #99    Daniel Rivera       6    discovery 0.8283   ignored
r4  Olivia Rodriguez    #94    Sophia Nguyen       7    discovery 0.8234   ignored
r4  Olivia Rodriguez    #108   Emily Watson        8    discovery 0.8193   ignored
r4  Olivia Rodriguez    #106   Olivia Garcia       9    discovery 0.8186   ignored
r4  Olivia Rodriguez    #96    Maxwell Armstrong   10   discovery 0.7537   ignored
r4  Olivia Rodriguez    #104   Luna Reyes          11   discovery 0.8111   ignored
r4  Carlos Rodriguez    #101   Bethany Davidson    0    discovery 0.7679   ignored
r4  Carlos Rodriguez    #88    Ryan Johnson        1    discovery 0.7674   ignored
r4  Carlos Rodriguez    #106   Olivia Garcia       2    discovery 0.7649   ignored
r4  Carlos Rodriguez    #105   Nathan Brooks       3    discovery 0.7532   ignored
r4  Carlos Rodriguez    #104   Luna Reyes          4    discovery 0.7519   ignored
r4  Carlos Rodriguez    #102   James Thompson      5    discovery 0.7511   ignored
r4  Carlos Rodriguez    #92    Aria Thompson       6    discovery 0.7486   ignored
r4  Carlos Rodriguez    #108   Emily Watson        7    discovery 0.7458   ignored
r4  Carlos Rodriguez    #95    Samuel Reynolds     8    discovery 0.7457   ignored
r4  Carlos Rodriguez    #87    Emma Hayes          9    discovery 0.7457   ignored
r4  Carlos Rodriguez    #109   Henry Richardson    10   discovery 0.7135   ignored
r4  Carlos Rodriguez    #90    Jake Thompson       11   discovery 0.7090   ignored
r4  Emily Watson        #87    Emma Hayes          0    discovery 0.8712   ignored
r4  Emily Watson        #101   Bethany Davidson    1    discovery 0.8640   ignored
r4  Emily Watson        #104   Luna Reyes          2    discovery 0.8635   ignored
r4  Emily Watson        #99    Daniel Rivera       3    discovery 0.8619   ignored
r4  Emily Watson        #106   Olivia Garcia       4    discovery 0.8600   ignored
r4  Emily Watson        #92    Aria Thompson       5    discovery 0.8570   ignored
r4  Emily Watson        #110   Cassandra Johnson   6    discovery 0.8563   ignored
r4  Emily Watson        #89    James Miller        7    discovery 0.8509   ignored
r4  Emily Watson        #105   Nathan Brooks       8    discovery 0.8464   ignored
r4  Emily Watson        #102   James Thompson      9    discovery 0.8430   ignored
r4  Emily Watson        #94    Sophia Nguyen       10   discovery 0.8344   ignored
r4  Emily Watson        #91    Emily Carter        11   discovery 0.7742   ignored
r4  Henry Richardson    #105   Nathan Brooks       0    discovery 0.8427   ignored
r4  Henry Richardson    #101   Bethany Davidson    1    discovery 0.8319   ignored
r4  Henry Richardson    #108   Emily Watson        2    discovery 0.8295   ignored
r4  Henry Richardson    #87    Emma Hayes          3    discovery 0.8292   ignored
r4  Henry Richardson    #110   Cassandra Johnson   4    discovery 0.8276   ignored
r4  Henry Richardson    #104   Luna Reyes          5    discovery 0.8242   ignored
r4  Henry Richardson    #98    Daniel Miller       6    discovery 0.8231   ignored
r4  Henry Richardson    #92    Aria Thompson       7    discovery 0.8224   ignored
r4  Henry Richardson    #100   Eleanor Thompson    8    discovery 0.8205   ignored
r4  Henry Richardson    #80    Nathan Brooks       9    discovery 0.8168   ignored
r4  Henry Richardson    #106   Olivia Garcia       10   discovery 0.8046   ignored
r4  Henry Richardson    #65    James Miller        11   discovery 0.7660   ignored
r4  Cassandra Johnson   #104   Luna Reyes          0    discovery 0.8685   ignored
r4  Cassandra Johnson   #106   Olivia Garcia       1    discovery 0.8569   ignored
r4  Cassandra Johnson   #87    Emma Hayes          2    discovery 0.8551   ignored
r4  Cassandra Johnson   #108   Emily Watson        3    discovery 0.8532   ignored
r4  Cassandra Johnson   #101   Bethany Davidson    4    discovery 0.8530   ignored
r4  Cassandra Johnson   #99    Daniel Rivera       5    discovery 0.8492   ignored
r4  Cassandra Johnson   #103   Michael Thompson    6    discovery 0.8465   ignored
r4  Cassandra Johnson   #92    Aria Thompson       7    discovery 0.8461   ignored
r4  Cassandra Johnson   #105   Nathan Brooks       8    discovery 0.8416   ignored
r4  Cassandra Johnson   #102   James Thompson      9    discovery 0.8395   ignored
r4  Cassandra Johnson   #74    Emily Hayes         10   discovery 0.7949   ignored
r4  Cassandra Johnson   #88    Ryan Johnson        11   discovery 0.7811   ignored
r4  Simon Greene        #121   Oliver Wang         0    network   -        ignored
r4  Simon Greene        #72    Oliver Wang         1    network   -        ignored
r4  Simon Greene        #43    Oliver Wang         2    network   -        ignored
r4  Simon Greene        #13    Oliver Wang         3    network   -        ignored
r4  Simon Greene        #97    Emily Hayes         4    fof       0.7765   ignored
r4  Simon Greene        #74    Emily Hayes         5    fof       0.7723   ignored
r4  Simon Greene        #123   Emily Hayes         6    fof       -        ACTED
r4  Simon Greene        #101   Bethany Davidson    7    discovery 0.8507   ignored
r4  Simon Greene        #104   Luna Reyes          8    discovery 0.8390   ignored
r4  Simon Greene        #92    Aria Thompson       9    discovery 0.8381   ignored
r4  Simon Greene        #105   Nathan Brooks       10   discovery 0.8316   ignored
r4  Simon Greene        #90    Jake Thompson       11   discovery 0.7804   ignored
r5  James Miller        #128   Victoria Greene     0    discovery 0.8661   ignored
r5  James Miller        #120   Samuel Reynolds     1    discovery 0.8379   ignored
r5  James Miller        #125   Daniel Rivera       2    discovery 0.7263   ignored
r5  James Miller        #135   Emily Watson        3    discovery 0.7235   ignored
r5  James Miller        #126   Eleanor Thompson    4    discovery 0.7205   ignored
r5  James Miller        #129   James Thompson      5    discovery 0.7123   ignored
r5  James Miller        #116   Emily Carter        6    discovery 0.7111   ignored
r5  James Miller        #119   Sophia Nguyen       7    discovery 0.7000   ignored
r5  James Miller        #115   Jake Thompson       8    discovery 0.6997   ignored
r5  James Miller        #127   Steven Johnson      9    discovery 0.6992   ignored
r5  James Miller        #99    Daniel Rivera       10   discovery 0.6656   ignored
r5  James Miller        #101   Bethany Davidson    11   discovery 0.6634   ignored
r5  Emma Hayes          #128   Victoria Greene     0    discovery 0.8512   ignored
r5  Emma Hayes          #120   Samuel Reynolds     1    discovery 0.8232   ignored
r5  Emma Hayes          #123   Emily Hayes         2    discovery 0.7203   ignored
r5  Emma Hayes          #135   Emily Watson        3    discovery 0.7198   ignored
r5  Emma Hayes          #125   Daniel Rivera       4    discovery 0.7153   ignored
r5  Emma Hayes          #129   James Thompson      5    discovery 0.7138   ignored
r5  Emma Hayes          #124   Daniel Miller       6    discovery 0.7101   ignored
r5  Emma Hayes          #126   Eleanor Thompson    7    discovery 0.7044   ignored
r5  Emma Hayes          #116   Emily Carter        8    discovery 0.7043   ignored
r5  Emma Hayes          #111   James Miller        9    discovery 0.7034   ignored
r5  Emma Hayes          #119   Sophia Nguyen       10   discovery 0.6900   ignored
r5  Emma Hayes          #127   Steven Johnson      11   discovery 0.6867   ignored
r5  Ryan Johnson        #126   Eleanor Thompson    0    discovery 0.8621   ignored
r5  Ryan Johnson        #116   Emily Carter        1    discovery 0.8589   ignored
r5  Ryan Johnson        #129   James Thompson      2    discovery 0.8570   ignored
r5  Ryan Johnson        #115   Jake Thompson       3    discovery 0.8506   ignored
r5  Ryan Johnson        #119   Sophia Nguyen       4    discovery 0.8456   ACTED
r5  Ryan Johnson        #111   James Miller        5    discovery 0.8414   ignored
r5  Ryan Johnson        #117   Henry Farmer        6    discovery 0.8411   ignored
r5  Ryan Johnson        #135   Emily Watson        7    discovery 0.8404   ignored
r5  Ryan Johnson        #123   Emily Hayes         8    discovery 0.8400   ignored
r5  Ryan Johnson        #114   Emma Hayes          9    discovery 0.8376   ignored
r5  Ryan Johnson        #103   Michael Thompson    10   discovery 0.7819   ignored
r5  Ryan Johnson        #120   Samuel Reynolds     11   discovery 0.8233   ignored
r5  Alexandra Whitmore  #101   Bethany Davidson    0    network   0.7480   ignored
r5  Alexandra Whitmore  #76    Bethany Davidson    1    network   -        ignored
r5  Alexandra Whitmore  #49    Bethany Davidson    2    network   -        ignored
r5  Alexandra Whitmore  #20    Bethany Davidson    3    network   -        ignored
r5  Alexandra Whitmore  #92    Aria Thompson       4    fof       -        ACTED
r5  Alexandra Whitmore  #69    Aria Thompson       5    fof       -        ignored
r5  Alexandra Whitmore  #42    Aria Thompson       6    fof       -        ignored
r5  Alexandra Whitmore  #134   Carlos Rodriguez    7    discovery 0.8342   ignored
r5  Alexandra Whitmore  #126   Eleanor Thompson    8    discovery 0.8124   ignored
r5  Alexandra Whitmore  #136   Henry Richardson    9    discovery 0.8091   ignored
r5  Alexandra Whitmore  #132   Emily Thompson      10   discovery 0.8032   ignored
r5  Alexandra Whitmore  #111   James Miller        11   discovery 0.8027   ignored
r5  Jake Thompson       #120   Samuel Reynolds     0    discovery 0.8675   ignored
r5  Jake Thompson       #128   Victoria Greene     1    discovery 0.8587   ignored
r5  Jake Thompson       #129   James Thompson      2    discovery 0.7905   ignored
r5  Jake Thompson       #116   Emily Carter        3    discovery 0.7732   ignored
r5  Jake Thompson       #119   Sophia Nguyen       4    discovery 0.7690   ignored
r5  Jake Thompson       #126   Eleanor Thompson    5    discovery 0.7662   ignored
r5  Jake Thompson       #111   James Miller        6    discovery 0.7442   ignored
r5  Jake Thompson       #123   Emily Hayes         7    discovery 0.7426   ignored
r5  Jake Thompson       #112   Ryan Johnson        8    discovery 0.7417   ignored
r5  Jake Thompson       #135   Emily Watson        9    discovery 0.7394   ignored
r5  Jake Thompson       #130   Michael Thompson    10   discovery 0.7165   ignored
r5  Jake Thompson       #118   Ethan Grayson       11   discovery 0.7045   ignored
r5  Simon Walker        #139   Emma Hayes          0    network   -        ACTED
r5  Simon Walker        #114   Emma Hayes          1    network   0.8276   ignored
r5  Simon Walker        #87    Emma Hayes          2    network   -        ignored
r5  Simon Walker        #63    Emma Hayes          3    network   -        ignored
r5  Simon Walker        #37    Emma Hayes          4    network   -        ignored
r5  Simon Walker        #122   Maxwell Armstrong   5    discovery 0.8497   ignored
r5  Simon Walker        #134   Carlos Rodriguez    6    discovery 0.8465   ignored
r5  Simon Walker        #116   Emily Carter        7    discovery 0.8464   ignored
r5  Simon Walker        #126   Eleanor Thompson    8    discovery 0.8459   ignored
r5  Simon Walker        #111   James Miller        9    discovery 0.8426   ignored
r5  Simon Walker        #112   Ryan Johnson        10   discovery 0.8255   ignored
r5  Simon Walker        #123   Emily Hayes         11   discovery 0.8301   ignored
r5  Emily Carter        #128   Victoria Greene     0    discovery 0.8383   ignored
r5  Emily Carter        #120   Samuel Reynolds     1    discovery 0.7926   ignored
r5  Emily Carter        #129   James Thompson      2    discovery 0.6518   ignored
r5  Emily Carter        #119   Sophia Nguyen       3    discovery 0.6300   ignored
r5  Emily Carter        #126   Eleanor Thompson    4    discovery 0.6246   ignored
r5  Emily Carter        #115   Jake Thompson       5    discovery 0.6230   ignored
r5  Emily Carter        #135   Emily Watson        6    discovery 0.6177   ignored
r5  Emily Carter        #125   Daniel Rivera       7    discovery 0.6134   ignored
r5  Emily Carter        #111   James Miller        8    discovery 0.6002   ignored
r5  Emily Carter        #102   James Thompson      9    discovery 0.6002   ignored
r5  Emily Carter        #136   Henry Richardson    10   discovery 0.5579   ignored
r5  Emily Carter        #137   Cassandra Johnson   11   discovery 0.5739   ignored
r5  Aria Thompson       #125   Daniel Rivera       0    network   0.4282   ignored
r5  Aria Thompson       #99    Daniel Rivera       1    network   0.4006   ignored
r5  Aria Thompson       #75    Daniel Rivera       2    network   -        ignored
r5  Aria Thompson       #48    Daniel Rivera       3    network   -        ignored
r5  Aria Thompson       #18    Daniel Rivera       4    network   -        ignored
r5  Aria Thompson       #128   Victoria Greene     5    discovery 0.7152   ignored
r5  Aria Thompson       #120   Samuel Reynolds     6    discovery 0.6191   ignored
r5  Aria Thompson       #129   James Thompson      7    discovery 0.4487   ignored
r5  Aria Thompson       #135   Emily Watson        8    discovery 0.4411   ignored
r5  Aria Thompson       #102   James Thompson      9    discovery 0.4131   ignored
r5  Aria Thompson       #104   Luna Reyes          10   discovery 0.3702   ignored
r5  Aria Thompson       #137   Cassandra Johnson   11   discovery 0.3691   ignored
r5  Henry Farmer        #53    Sophie Green        0    network   -        ACTED
r5  Henry Farmer        #26    Sophie Green        1    network   -        ignored
r5  Henry Farmer        #119   Sophia Nguyen       2    fof       0.8649   ignored
r5  Henry Farmer        #94    Sophia Nguyen       3    fof       0.7963   ignored
r5  Henry Farmer        #71    Sophia Nguyen       4    fof       -        ACTED
r5  Henry Farmer        #126   Eleanor Thompson    5    discovery 0.8821   ignored
r5  Henry Farmer        #115   Jake Thompson       6    discovery 0.8776   ignored
r5  Henry Farmer        #116   Emily Carter        7    discovery 0.8745   ignored
r5  Henry Farmer        #129   James Thompson      8    discovery 0.8671   ignored
r5  Henry Farmer        #120   Samuel Reynolds     9    discovery 0.8669   ignored
r5  Henry Farmer        #114   Emma Hayes          10   discovery 0.8394   ignored
r5  Henry Farmer        #130   Michael Thompson    11   discovery 0.8119   ignored
r5  Ethan Grayson       #123   Emily Hayes         0    network   0.5065   ignored
r5  Ethan Grayson       #97    Emily Hayes         1    network   -        ignored
r5  Ethan Grayson       #74    Emily Hayes         2    network   -        ignored
r5  Ethan Grayson       #45    Emily Hayes         3    network   -        ignored
r5  Ethan Grayson       #15    Emily Hayes         4    network   -        ignored
r5  Ethan Grayson       #128   Victoria Greene     5    discovery 0.7909   ignored
r5  Ethan Grayson       #120   Samuel Reynolds     6    discovery 0.7142   ignored
r5  Ethan Grayson       #129   James Thompson      7    discovery 0.5566   ignored
r5  Ethan Grayson       #135   Emily Watson        8    discovery 0.5501   ignored
r5  Ethan Grayson       #125   Daniel Rivera       9    discovery 0.5471   ignored
r5  Ethan Grayson       #110   Cassandra Johnson   10   discovery 0.4794   ignored
r5  Ethan Grayson       #132   Emily Thompson      11   discovery 0.4809   ignored
r5  Sophia Nguyen       #53    Sophie Green        0    network   -        ACTED
r5  Sophia Nguyen       #26    Sophie Green        1    network   -        ignored
r5  Sophia Nguyen       #116   Emily Carter        2    discovery 0.8894   ignored
r5  Sophia Nguyen       #129   James Thompson      3    discovery 0.8881   ignored
r5  Sophia Nguyen       #126   Eleanor Thompson    4    discovery 0.8850   ignored
r5  Sophia Nguyen       #115   Jake Thompson       5    discovery 0.8695   ignored
r5  Sophia Nguyen       #123   Emily Hayes         6    discovery 0.8659   ignored
r5  Sophia Nguyen       #114   Emma Hayes          7    discovery 0.8648   ignored
r5  Sophia Nguyen       #135   Emily Watson        8    discovery 0.8595   ignored
r5  Sophia Nguyen       #120   Samuel Reynolds     9    discovery 0.8595   ignored
r5  Sophia Nguyen       #132   Emily Thompson      10   discovery 0.7954   ignored
r5  Sophia Nguyen       #117   Henry Farmer        11   discovery 0.8349   ignored
r5  Samuel Reynolds     #128   Victoria Greene     0    discovery 0.6600   ignored
r5  Samuel Reynolds     #129   James Thompson      1    discovery 0.4208   ignored
r5  Samuel Reynolds     #102   James Thompson      2    discovery 0.3874   ignored
r5  Samuel Reynolds     #135   Emily Watson        3    discovery 0.3770   ignored
r5  Samuel Reynolds     #119   Sophia Nguyen       4    discovery 0.3754   ignored
r5  Samuel Reynolds     #125   Daniel Rivera       5    discovery 0.3711   ignored
r5  Samuel Reynolds     #115   Jake Thompson       6    discovery 0.3647   ignored
r5  Samuel Reynolds     #99    Daniel Rivera       7    discovery 0.3615   ignored
r5  Samuel Reynolds     #116   Emily Carter        8    discovery 0.3586   ignored
r5  Samuel Reynolds     #126   Eleanor Thompson    9    discovery 0.3538   ignored
r5  Samuel Reynolds     #137   Cassandra Johnson   10   discovery 0.3308   ignored
r5  Samuel Reynolds     #123   Emily Hayes         11   discovery 0.3285   ignored
r5  Oliver Wang         #123   Emily Hayes         0    network   0.7285   ACTED
r5  Oliver Wang         #97    Emily Hayes         1    network   -        ignored
r5  Oliver Wang         #74    Emily Hayes         2    network   -        ignored
r5  Oliver Wang         #45    Emily Hayes         3    network   -        ignored
r5  Oliver Wang         #15    Emily Hayes         4    network   -        ignored
r5  Oliver Wang         #129   James Thompson      5    discovery 0.7894   ignored
r5  Oliver Wang         #112   Ryan Johnson        6    discovery 0.7752   ignored
r5  Oliver Wang         #133   Olivia Rodriguez    7    discovery 0.7717   ignored
r5  Oliver Wang         #131   Nathan Brooks       8    discovery 0.7675   ignored
r5  Oliver Wang         #119   Sophia Nguyen       9    discovery 0.7673   ignored
r5  Oliver Wang         #120   Samuel Reynolds     10   discovery 0.7488   ignored
r5  Oliver Wang         #122   Maxwell Armstrong   11   discovery 0.7243   ignored
r5  Maxwell Armstrong   #128   Victoria Greene     0    discovery 0.8517   ignored
r5  Maxwell Armstrong   #120   Samuel Reynolds     1    discovery 0.8305   ignored
r5  Maxwell Armstrong   #129   James Thompson      2    discovery 0.7388   ignored
r5  Maxwell Armstrong   #115   Jake Thompson       3    discovery 0.7313   ignored
r5  Maxwell Armstrong   #126   Eleanor Thompson    4    discovery 0.7274   ignored
r5  Maxwell Armstrong   #116   Emily Carter        5    discovery 0.7249   ignored
r5  Maxwell Armstrong   #111   James Miller        6    discovery 0.7248   ignored
r5  Maxwell Armstrong   #135   Emily Watson        7    discovery 0.7227   ignored
r5  Maxwell Armstrong   #119   Sophia Nguyen       8    discovery 0.7187   ignored
r5  Maxwell Armstrong   #125   Daniel Rivera       9    discovery 0.7155   ignored
r5  Maxwell Armstrong   #118   Ethan Grayson       10   discovery 0.7029   ignored
r5  Maxwell Armstrong   #134   Carlos Rodriguez    11   discovery 0.7040   ignored
r5  Emily Hayes         #128   Victoria Greene     0    discovery 0.6334   ignored
r5  Emily Hayes         #120   Samuel Reynolds     1    discovery 0.5340   ignored
r5  Emily Hayes         #129   James Thompson      2    discovery 0.3765   ignored
r5  Emily Hayes         #135   Emily Watson        3    discovery 0.3467   ignored
r5  Emily Hayes         #102   James Thompson      4    discovery 0.3467   ignored
r5  Emily Hayes         #125   Daniel Rivera       5    discovery 0.3325   ignored
r5  Emily Hayes         #119   Sophia Nguyen       6    discovery 0.3316   ignored
r5  Emily Hayes         #99    Daniel Rivera       7    discovery 0.3276   ignored
r5  Emily Hayes         #115   Jake Thompson       8    discovery 0.3231   ignored
r5  Emily Hayes         #106   Olivia Garcia       9    discovery 0.3209   ignored
r5  Emily Hayes         #130   Michael Thompson    10   discovery 0.2981   ignored
r5  Emily Hayes         #108   Emily Watson        11   discovery 0.3031   ignored
r5  Oliver Robinson     #104   Luna Reyes          0    network   -        ACTED
r5  Oliver Robinson     #79    Luna Reyes          1    network   -        ignored
r5  Oliver Robinson     #52    Luna Reyes          2    network   -        ACTED
r5  Oliver Robinson     #25    Luna Reyes          3    network   -        ignored
r5  Oliver Robinson     #120   Samuel Reynolds     4    discovery 0.8705   ignored
r5  Oliver Robinson     #128   Victoria Greene     5    discovery 0.8259   ignored
r5  Oliver Robinson     #129   James Thompson      6    discovery 0.8106   ignored
r5  Oliver Robinson     #126   Eleanor Thompson    7    discovery 0.7921   ignored
r5  Oliver Robinson     #116   Emily Carter        8    discovery 0.7872   ignored
r5  Oliver Robinson     #134   Carlos Rodriguez    9    discovery 0.7785   ignored
r5  Oliver Robinson     #101   Bethany Davidson    10   discovery 0.7293   ignored
r5  Oliver Robinson     #94    Sophia Nguyen       11   discovery 0.7157   ignored
r5  Daniel Miller       #139   Emma Hayes          0    network   -        ignored
r5  Daniel Miller       #114   Emma Hayes          1    network   0.8713   ignored
r5  Daniel Miller       #87    Emma Hayes          2    network   0.8077   ignored
r5  Daniel Miller       #63    Emma Hayes          3    network   -        ignored
r5  Daniel Miller       #37    Emma Hayes          4    network   -        ignored
r5  Daniel Miller       #123   Emily Hayes         5    discovery 0.8759   ignored
r5  Daniel Miller       #135   Emily Watson        6    discovery 0.8637   ignored
r5  Daniel Miller       #116   Emily Carter        7    discovery 0.8410   ignored
r5  Daniel Miller       #130   Michael Thompson    8    discovery 0.8393   ignored
r5  Daniel Miller       #126   Eleanor Thompson    9    discovery 0.8388   ignored
r5  Daniel Miller       #127   Steven Johnson      10   discovery 0.8184   ignored
r5  Daniel Miller       #129   James Thompson      11   discovery 0.8362   ignored
r5  Daniel Rivera       #128   Victoria Greene     0    discovery 0.8499   ignored
r5  Daniel Rivera       #120   Samuel Reynolds     1    discovery 0.8323   ignored
r5  Daniel Rivera       #135   Emily Watson        2    discovery 0.7257   ignored
r5  Daniel Rivera       #129   James Thompson      3    discovery 0.7210   ignored
r5  Daniel Rivera       #111   James Miller        4    discovery 0.7188   ignored
r5  Daniel Rivera       #118   Ethan Grayson       5    discovery 0.7131   ignored
r5  Daniel Rivera       #126   Eleanor Thompson    6    discovery 0.7106   ignored
r5  Daniel Rivera       #127   Steven Johnson      7    discovery 0.7078   ignored
r5  Daniel Rivera       #116   Emily Carter        8    discovery 0.7059   ignored
r5  Daniel Rivera       #89    James Miller        9    discovery 0.7027   ignored
r5  Daniel Rivera       #106   Olivia Garcia       10   discovery 0.6542   ignored
r5  Daniel Rivera       #117   Henry Farmer        11   discovery 0.6695   ignored
r5  Eleanor Thompson    #128   Victoria Greene     0    discovery 0.8274   ignored
r5  Eleanor Thompson    #120   Samuel Reynolds     1    discovery 0.7801   ignored
r5  Eleanor Thompson    #129   James Thompson      2    discovery 0.6353   ignored
r5  Eleanor Thompson    #119   Sophia Nguyen       3    discovery 0.6134   ignored
r5  Eleanor Thompson    #116   Emily Carter        4    discovery 0.6117   ignored
r5  Eleanor Thompson    #115   Jake Thompson       5    discovery 0.6097   ignored
r5  Eleanor Thompson    #135   Emily Watson        6    discovery 0.6033   ignored
r5  Eleanor Thompson    #125   Daniel Rivera       7    discovery 0.6014   ignored
r5  Eleanor Thompson    #111   James Miller        8    discovery 0.5925   ignored
r5  Eleanor Thompson    #102   James Thompson      9    discovery 0.5849   ignored
r5  Eleanor Thompson    #123   Emily Hayes         10   discovery 0.5735   ACTED
r5  Eleanor Thompson    #132   Emily Thompson      11   discovery 0.5517   ignored
r5  Bethany Davidson    #143   Aria Thompson       0    network   -        ACTED
r5  Bethany Davidson    #92    Aria Thompson       1    network   0.3005   ignored
r5  Bethany Davidson    #69    Aria Thompson       2    network   -        ignored
r5  Bethany Davidson    #42    Aria Thompson       3    network   -        ACTED
r5  Bethany Davidson    #8     Aria Thompson       4    network   -        ignored
r5  Bethany Davidson    #125   Daniel Rivera       5    fof       0.3328   ignored
r5  Bethany Davidson    #99    Daniel Rivera       6    fof       0.3297   ignored
r5  Bethany Davidson    #75    Daniel Rivera       7    fof       -        ignored
r5  Bethany Davidson    #128   Victoria Greene     8    discovery 0.6309   ignored
r5  Bethany Davidson    #120   Samuel Reynolds     9    discovery 0.5376   ignored
r5  Bethany Davidson    #135   Emily Watson        10   discovery 0.3465   ignored
r5  Bethany Davidson    #119   Sophia Nguyen       11   discovery 0.3387   ignored
r5  Isabella Thompson   #129   James Thompson      0    network   0.8279   ignored
r5  Isabella Thompson   #102   James Thompson      1    network   0.7623   ignored
r5  Isabella Thompson   #77    James Thompson      2    network   -        ignored
r5  Isabella Thompson   #50    James Thompson      3    network   -        ignored
r5  Isabella Thompson   #24    James Thompson      4    network   -        ignored
r5  Isabella Thompson   #111   James Miller        5    discovery 0.8338   ignored
r5  Isabella Thompson   #116   Emily Carter        6    discovery 0.8337   ignored
r5  Isabella Thompson   #127   Steven Johnson      7    discovery 0.8326   ignored
r5  Isabella Thompson   #135   Emily Watson        8    discovery 0.8296   ignored
r5  Isabella Thompson   #126   Eleanor Thompson    9    discovery 0.8285   ignored
r5  Isabella Thompson   #123   Emily Hayes         10   discovery 0.8232   ignored
r5  Isabella Thompson   #119   Sophia Nguyen       11   discovery 0.8231   ignored
r5  Steven Johnson      #120   Samuel Reynolds     0    discovery 0.8927   ignored
r5  Steven Johnson      #128   Victoria Greene     1    discovery 0.8614   ignored
r5  Steven Johnson      #135   Emily Watson        2    discovery 0.8395   ignored
r5  Steven Johnson      #125   Daniel Rivera       3    discovery 0.8378   ignored
r5  Steven Johnson      #116   Emily Carter        4    discovery 0.8368   ignored
r5  Steven Johnson      #111   James Miller        5    discovery 0.8326   ignored
r5  Steven Johnson      #126   Eleanor Thompson    6    discovery 0.8266   ignored
r5  Steven Johnson      #129   James Thompson      7    discovery 0.8252   ignored
r5  Steven Johnson      #119   Sophia Nguyen       8    discovery 0.8211   ignored
r5  Steven Johnson      #123   Emily Hayes         9    discovery 0.8206   ignored
r5  Steven Johnson      #130   Michael Thompson    10   discovery 0.7983   ignored
r5  Steven Johnson      #115   Jake Thompson       11   discovery 0.8118   ignored
r5  Victoria Greene     #146   Emily Hayes         0    network   -        ignored
r5  Victoria Greene     #123   Emily Hayes         1    network   -        ignored
r5  Victoria Greene     #97    Emily Hayes         2    network   0.2321   ignored
r5  Victoria Greene     #74    Emily Hayes         3    network   -        ignored
r5  Victoria Greene     #45    Emily Hayes         4    network   -        ignored
r5  Victoria Greene     #120   Samuel Reynolds     5    discovery 0.4569   ignored
r5  Victoria Greene     #129   James Thompson      6    discovery 0.3159   ignored
r5  Victoria Greene     #121   Oliver Wang         7    discovery 0.2931   ignored
r5  Victoria Greene     #102   James Thompson      8    discovery 0.2909   ignored
r5  Victoria Greene     #135   Emily Watson        9    discovery 0.2741   ignored
r5  Victoria Greene     #112   Ryan Johnson        10   discovery 0.2441   ignored
r5  Victoria Greene     #92    Aria Thompson       11   discovery 0.2301   ignored
r5  James Thompson      #120   Samuel Reynolds     0    discovery 0.8788   ignored
r5  James Thompson      #126   Eleanor Thompson    1    discovery 0.8490   ignored
r5  James Thompson      #119   Sophia Nguyen       2    discovery 0.8422   ignored
r5  James Thompson      #116   Emily Carter        3    discovery 0.8420   ignored
r5  James Thompson      #115   Jake Thompson       4    discovery 0.8378   ignored
r5  James Thompson      #135   Emily Watson        5    discovery 0.8288   ignored
r5  James Thompson      #111   James Miller        6    discovery 0.8275   ignored
r5  James Thompson      #125   Daniel Rivera       7    discovery 0.8211   ignored
r5  James Thompson      #123   Emily Hayes         8    discovery 0.8159   ignored
r5  James Thompson      #112   Ryan Johnson        9    discovery 0.8156   ignored
r5  James Thompson      #127   Steven Johnson      10   discovery 0.8098   ignored
r5  James Thompson      #99    Daniel Rivera       11   discovery 0.7730   ignored
r5  Michael Thompson    #139   Emma Hayes          0    network   -        ACTED
r5  Michael Thompson    #114   Emma Hayes          1    network   0.3903   ignored
r5  Michael Thompson    #87    Emma Hayes          2    network   -        ignored
r5  Michael Thompson    #63    Emma Hayes          3    network   -        ignored
r5  Michael Thompson    #37    Emma Hayes          4    network   -        ignored
r5  Michael Thompson    #128   Victoria Greene     5    discovery 0.7308   ignored
r5  Michael Thompson    #120   Samuel Reynolds     6    discovery 0.6311   ignored
r5  Michael Thompson    #129   James Thompson      7    discovery 0.4657   ignored
r5  Michael Thompson    #135   Emily Watson        8    discovery 0.4528   ignored
r5  Michael Thompson    #125   Daniel Rivera       9    discovery 0.4394   ignored
r5  Michael Thompson    #97    Emily Hayes         10   discovery 0.3815   ignored
r5  Michael Thompson    #118   Ethan Grayson       11   discovery 0.4098   ignored
r5  Luna Reyes          #120   Samuel Reynolds     0    discovery 0.8557   ignored
r5  Luna Reyes          #126   Eleanor Thompson    1    discovery 0.8268   ignored
r5  Luna Reyes          #135   Emily Watson        2    discovery 0.8248   ignored
r5  Luna Reyes          #128   Victoria Greene     3    discovery 0.8235   ignored
r5  Luna Reyes          #111   James Miller        4    discovery 0.8204   ignored
r5  Luna Reyes          #123   Emily Hayes         5    discovery 0.8198   ignored
r5  Luna Reyes          #114   Emma Hayes          6    discovery 0.8185   ignored
r5  Luna Reyes          #116   Emily Carter        7    discovery 0.8154   ignored
r5  Luna Reyes          #124   Daniel Miller       8    discovery 0.8120   ignored
r5  Luna Reyes          #129   James Thompson      9    discovery 0.8100   ignored
r5  Luna Reyes          #133   Olivia Rodriguez    10   discovery 0.7698   ignored
r5  Luna Reyes          #125   Daniel Rivera       11   discovery 0.8019   ignored
r5  Sophie Green        #119   Sophia Nguyen       0    network   0.8438   ACTED
r5  Sophie Green        #94    Sophia Nguyen       1    network   0.7769   ignored
r5  Sophie Green        #71    Sophia Nguyen       2    network   -        ignored
r5  Sophie Green        #11    Sophia Nguyen       3    network   -        ignored
r5  Sophie Green        #126   Eleanor Thompson    4    discovery 0.8627   ignored
r5  Sophie Green        #116   Emily Carter        5    discovery 0.8575   ignored
r5  Sophie Green        #129   James Thompson      6    discovery 0.8415   ignored
r5  Sophie Green        #111   James Miller        7    discovery 0.8411   ignored
r5  Sophie Green        #123   Emily Hayes         8    discovery 0.8411   ignored
r5  Sophie Green        #134   Carlos Rodriguez    9    discovery 0.8406   ignored
r5  Sophie Green        #137   Cassandra Johnson   10   discovery 0.8034   ignored
r5  Sophie Green        #114   Emma Hayes          11   discovery 0.8381   ignored
r5  Nathan Brooks       #116   Emily Carter        0    discovery 0.8481   ignored
r5  Nathan Brooks       #123   Emily Hayes         1    discovery 0.8452   ignored
r5  Nathan Brooks       #134   Carlos Rodriguez    2    discovery 0.8387   ignored
r5  Nathan Brooks       #114   Emma Hayes          3    discovery 0.8384   ignored
r5  Nathan Brooks       #126   Eleanor Thompson    4    discovery 0.8379   ignored
r5  Nathan Brooks       #129   James Thompson      5    discovery 0.8377   ignored
r5  Nathan Brooks       #133   Olivia Rodriguez    6    discovery 0.8361   ignored
r5  Nathan Brooks       #111   James Miller        7    discovery 0.8351   ignored
r5  Nathan Brooks       #119   Sophia Nguyen       8    discovery 0.8345   ignored
r5  Nathan Brooks       #135   Emily Watson        9    discovery 0.8340   ignored
r5  Nathan Brooks       #130   Michael Thompson    10   discovery 0.8050   ignored
r5  Nathan Brooks       #124   Daniel Miller       11   discovery 0.8212   ignored
r5  Emily Thompson      #152   James Thompson      0    network   -        ignored
r5  Emily Thompson      #129   James Thompson      1    network   0.8139   ignored
r5  Emily Thompson      #102   James Thompson      2    network   -        ignored
r5  Emily Thompson      #77    James Thompson      3    network   -        ignored
r5  Emily Thompson      #50    James Thompson      4    network   -        ignored
r5  Emily Thompson      #126   Eleanor Thompson    5    discovery 0.8492   ignored
r5  Emily Thompson      #135   Emily Watson        6    discovery 0.8467   ignored
r5  Emily Thompson      #111   James Miller        7    discovery 0.8364   ignored
r5  Emily Thompson      #116   Emily Carter        8    discovery 0.8355   ignored
r5  Emily Thompson      #114   Emma Hayes          9    discovery 0.8342   ignored
r5  Emily Thompson      #133   Olivia Rodriguez    10   discovery 0.8096   ignored
r5  Emily Thompson      #122   Maxwell Armstrong   11   discovery 0.8048   ignored
r5  Olivia Garcia       #150   Steven Johnson      0    network   -        ACTED
r5  Olivia Garcia       #127   Steven Johnson      1    network   0.5915   ACTED
r5  Olivia Garcia       #22    Steven Johnson      2    network   -        ACTED
r5  Olivia Garcia       #128   Victoria Greene     3    discovery 0.8330   ignored
r5  Olivia Garcia       #120   Samuel Reynolds     4    discovery 0.7839   ignored
r5  Olivia Garcia       #129   James Thompson      5    discovery 0.6597   ignored
r5  Olivia Garcia       #125   Daniel Rivera       6    discovery 0.6384   ignored
r5  Olivia Garcia       #135   Emily Watson        7    discovery 0.6219   ignored
r5  Olivia Garcia       #115   Jake Thompson       8    discovery 0.6218   ignored
r5  Olivia Garcia       #116   Emily Carter        9    discovery 0.6183   ignored
r5  Olivia Garcia       #101   Bethany Davidson    10   discovery 0.5676   ignored
r5  Olivia Garcia       #123   Emily Hayes         11   discovery 0.6053   ignored
r5  Olivia Rodriguez    #131   Nathan Brooks       0    network   -        ignored
r5  Olivia Rodriguez    #105   Nathan Brooks       1    network   -        ignored
r5  Olivia Rodriguez    #80    Nathan Brooks       2    network   -        ignored
r5  Olivia Rodriguez    #54    Nathan Brooks       3    network   -        ignored
r5  Olivia Rodriguez    #27    Nathan Brooks       4    network   -        ignored
r5  Olivia Rodriguez    #120   Samuel Reynolds     5    discovery 0.8385   ignored
r5  Olivia Rodriguez    #126   Eleanor Thompson    6    discovery 0.8356   ignored
r5  Olivia Rodriguez    #111   James Miller        7    discovery 0.8356   ignored
r5  Olivia Rodriguez    #116   Emily Carter        8    discovery 0.8238   ignored
r5  Olivia Rodriguez    #129   James Thompson      9    discovery 0.8203   ignored
r5  Olivia Rodriguez    #125   Daniel Rivera       10   discovery 0.8173   ignored
r5  Olivia Rodriguez    #135   Emily Watson        11   discovery 0.8108   ignored
r5  Carlos Rodriguez    #126   Eleanor Thompson    0    discovery 0.8251   ignored
r5  Carlos Rodriguez    #135   Emily Watson        1    discovery 0.8155   ignored
r5  Carlos Rodriguez    #123   Emily Hayes         2    discovery 0.8154   ACTED
r5  Carlos Rodriguez    #114   Emma Hayes          3    discovery 0.8122   ignored
r5  Carlos Rodriguez    #111   James Miller        4    discovery 0.8109   ignored
r5  Carlos Rodriguez    #116   Emily Carter        5    discovery 0.8099   ignored
r5  Carlos Rodriguez    #120   Samuel Reynolds     6    discovery 0.8079   ignored
r5  Carlos Rodriguez    #129   James Thompson      7    discovery 0.8075   ignored
r5  Carlos Rodriguez    #136   Henry Richardson    8    discovery 0.7965   ignored
r5  Carlos Rodriguez    #127   Steven Johnson      9    discovery 0.7943   ignored
r5  Carlos Rodriguez    #119   Sophia Nguyen       10   discovery 0.7942   ignored
r5  Carlos Rodriguez    #137   Cassandra Johnson   11   discovery 0.7645   ignored
r5  Emily Watson        #125   Daniel Rivera       0    discovery 0.8552   ignored
r5  Emily Watson        #111   James Miller        1    discovery 0.8537   ignored
r5  Emily Watson        #126   Eleanor Thompson    2    discovery 0.8516   ignored
r5  Emily Watson        #118   Ethan Grayson       3    discovery 0.8504   ignored
r5  Emily Watson        #114   Emma Hayes          4    discovery 0.8451   ignored
r5  Emily Watson        #123   Emily Hayes         5    discovery 0.8434   ignored
r5  Emily Watson        #124   Daniel Miller       6    discovery 0.8406   ignored
r5  Emily Watson        #127   Steven Johnson      7    discovery 0.8400   ignored
r5  Emily Watson        #116   Emily Carter        8    discovery 0.8387   ignored
r5  Emily Watson        #129   James Thompson      9    discovery 0.8318   ignored
r5  Emily Watson        #120   Samuel Reynolds     10   discovery 0.8260   ignored
r5  Emily Watson        #133   Olivia Rodriguez    11   discovery 0.8039   ignored
r5  Henry Richardson    #120   Samuel Reynolds     0    discovery 0.8671   ignored
r5  Henry Richardson    #135   Emily Watson        1    discovery 0.8274   ignored
r5  Henry Richardson    #128   Victoria Greene     2    discovery 0.8246   ignored
r5  Henry Richardson    #134   Carlos Rodriguez    3    discovery 0.8209   ignored
r5  Henry Richardson    #126   Eleanor Thompson    4    discovery 0.8209   ignored
r5  Henry Richardson    #111   James Miller        5    discovery 0.8193   ignored
r5  Henry Richardson    #116   Emily Carter        6    discovery 0.8191   ignored
r5  Henry Richardson    #123   Emily Hayes         7    discovery 0.8178   ignored
r5  Henry Richardson    #127   Steven Johnson      8    discovery 0.8099   ignored
r5  Henry Richardson    #114   Emma Hayes          9    discovery 0.8072   ignored
r5  Henry Richardson    #115   Jake Thompson       10   discovery 0.7951   ignored
r5  Henry Richardson    #92    Aria Thompson       11   discovery 0.7570   ignored
r5  Cassandra Johnson   #116   Emily Carter        0    discovery 0.8453   ignored
r5  Cassandra Johnson   #126   Eleanor Thompson    1    discovery 0.8444   ignored
r5  Cassandra Johnson   #114   Emma Hayes          2    discovery 0.8436   ignored
r5  Cassandra Johnson   #123   Emily Hayes         3    discovery 0.8427   ignored
r5  Cassandra Johnson   #129   James Thompson      4    discovery 0.8361   ignored
r5  Cassandra Johnson   #135   Emily Watson        5    discovery 0.8360   ignored
r5  Cassandra Johnson   #127   Steven Johnson      6    discovery 0.8355   ignored
r5  Cassandra Johnson   #111   James Miller        7    discovery 0.8348   ignored
r5  Cassandra Johnson   #125   Daniel Rivera       8    discovery 0.8303   ignored
r5  Cassandra Johnson   #124   Daniel Miller       9    discovery 0.8274   ignored
r5  Cassandra Johnson   #101   Bethany Davidson    10   discovery 0.7774   ignored
r5  Cassandra Johnson   #104   Luna Reyes          11   discovery 0.7826   ignored
r5  Simon Greene        #146   Emily Hayes         0    network   -        ignored
r5  Simon Greene        #123   Emily Hayes         1    network   0.8350   ACTED
r5  Simon Greene        #121   Oliver Wang         2    network   -        ignored
r5  Simon Greene        #97    Emily Hayes         3    network   -        ignored
r5  Simon Greene        #74    Emily Hayes         4    network   -        ignored
r5  Simon Greene        #134   Carlos Rodriguez    5    discovery 0.8509   ignored
r5  Simon Greene        #126   Eleanor Thompson    6    discovery 0.8507   ignored
r5  Simon Greene        #114   Emma Hayes          7    discovery 0.8438   ignored
r5  Simon Greene        #136   Henry Richardson    8    discovery 0.8402   ignored
r5  Simon Greene        #135   Emily Watson        9    discovery 0.8389   ignored
r5  Simon Greene        #127   Steven Johnson      10   discovery 0.8182   ignored
r5  Simon Greene        #111   James Miller        11   discovery 0.8375   ignored
r6  James Miller        #143   Aria Thompson       0    discovery 0.8648   ignored
r6  James Miller        #158   Carlos Rodriguez    1    discovery 0.8634   ignored
r6  James Miller        #154   Luna Reyes          2    discovery 0.8615   ignored
r6  James Miller        #148   Daniel Miller       3    discovery 0.8595   ignored
r6  James Miller        #152   James Thompson      4    discovery 0.8568   ignored
r6  James Miller        #145   Maxwell Armstrong   5    discovery 0.8551   ignored
r6  James Miller        #159   Emily Watson        6    discovery 0.8534   ignored
r6  James Miller        #153   Michael Thompson    7    discovery 0.8400   ignored
r6  James Miller        #140   Ryan Johnson        8    discovery 0.8395   ignored
r6  James Miller        #160   Cassandra Johnson   9    discovery 0.8395   ignored
r6  James Miller        #135   Emily Watson        10   discovery 0.7890   ignored
r6  James Miller        #151   Victoria Greene     11   discovery 0.7892   ignored
r6  Emma Hayes          #146   Emily Hayes         0    discovery 0.5686   ignored
r6  Emma Hayes          #128   Victoria Greene     1    discovery 0.5071   ignored
r6  Emma Hayes          #120   Samuel Reynolds     2    discovery 0.4217   ignored
r6  Emma Hayes          #152   James Thompson      3    discovery 0.4046   ignored
r6  Emma Hayes          #129   James Thompson      4    discovery 0.2906   ignored
r6  Emma Hayes          #147   Oliver Robinson     5    discovery 0.2864   ignored
r6  Emma Hayes          #121   Oliver Wang         6    discovery 0.2656   ignored
r6  Emma Hayes          #160   Cassandra Johnson   7    discovery 0.2639   ignored
r6  Emma Hayes          #102   James Thompson      8    discovery 0.2636   ignored
r6  Emma Hayes          #140   Ryan Johnson        9    discovery 0.2532   ignored
r6  Emma Hayes          #118   Ethan Grayson       10   discovery 0.2307   ignored
r6  Emma Hayes          #143   Aria Thompson       11   discovery 0.2402   ignored
r6  Ryan Johnson        #147   Oliver Robinson     0    discovery 0.8661   ignored
r6  Ryan Johnson        #148   Daniel Miller       1    discovery 0.8527   ignored
r6  Ryan Johnson        #154   Luna Reyes          2    discovery 0.8515   ignored
r6  Ryan Johnson        #158   Carlos Rodriguez    3    discovery 0.8504   ignored
r6  Ryan Johnson        #143   Aria Thompson       4    discovery 0.8502   ignored
r6  Ryan Johnson        #159   Emily Watson        5    discovery 0.8480   ignored
r6  Ryan Johnson        #145   Maxwell Armstrong   6    discovery 0.8464   ignored
r6  Ryan Johnson        #153   Michael Thompson    7    discovery 0.8382   ignored
r6  Ryan Johnson        #155   Nathan Brooks       8    discovery 0.8368   ignored
r6  Ryan Johnson        #141   Jake Thompson       9    discovery 0.8342   ignored
r6  Ryan Johnson        #115   Jake Thompson       10   discovery 0.7905   ignored
r6  Ryan Johnson        #135   Emily Watson        11   discovery 0.7752   ignored
r6  Alexandra Whitmore  #101   Bethany Davidson    0    network   -        ignored
r6  Alexandra Whitmore  #76    Bethany Davidson    1    network   -        ignored
r6  Alexandra Whitmore  #49    Bethany Davidson    2    network   -        ignored
r6  Alexandra Whitmore  #20    Bethany Davidson    3    network   -        ignored
r6  Alexandra Whitmore  #143   Aria Thompson       4    fof       0.7968   ignored
r6  Alexandra Whitmore  #92    Aria Thompson       5    fof       -        ACTED
r6  Alexandra Whitmore  #69    Aria Thompson       6    fof       -        ignored
r6  Alexandra Whitmore  #145   Maxwell Armstrong   7    discovery 0.8358   ignored
r6  Alexandra Whitmore  #158   Carlos Rodriguez    8    discovery 0.8207   ignored
r6  Alexandra Whitmore  #155   Nathan Brooks       9    discovery 0.8154   ignored
r6  Alexandra Whitmore  #111   James Miller        10   discovery 0.7390   ignored
r6  Alexandra Whitmore  #157   Olivia Rodriguez    11   discovery 0.7759   ignored
r6  Jake Thompson       #139   Emma Hayes          0    discovery 0.8554   ignored
r6  Jake Thompson       #146   Emily Hayes         1    discovery 0.8548   ignored
r6  Jake Thompson       #152   James Thompson      2    discovery 0.8030   ignored
r6  Jake Thompson       #128   Victoria Greene     3    discovery 0.7892   ignored
r6  Jake Thompson       #120   Samuel Reynolds     4    discovery 0.7718   ignored
r6  Jake Thompson       #148   Daniel Miller       5    discovery 0.7311   ignored
r6  Jake Thompson       #140   Ryan Johnson        6    discovery 0.7276   ignored
r6  Jake Thompson       #147   Oliver Robinson     7    discovery 0.7151   ignored
r6  Jake Thompson       #143   Aria Thompson       8    discovery 0.7139   ignored
r6  Jake Thompson       #154   Luna Reyes          9    discovery 0.7127   ignored
r6  Jake Thompson       #129   James Thompson      10   discovery 0.6932   ignored
r6  Jake Thompson       #119   Sophia Nguyen       11   discovery 0.6731   ignored
r6  Simon Walker        #139   Emma Hayes          0    network   -        ACTED
r6  Simon Walker        #114   Emma Hayes          1    network   0.7620   ignored
r6  Simon Walker        #87    Emma Hayes          2    network   -        ignored
r6  Simon Walker        #63    Emma Hayes          3    network   -        ignored
r6  Simon Walker        #37    Emma Hayes          4    network   -        ignored
r6  Simon Walker        #158   Carlos Rodriguez    5    discovery 0.8496   ignored
r6  Simon Walker        #145   Maxwell Armstrong   6    discovery 0.8478   ignored
r6  Simon Walker        #148   Daniel Miller       7    discovery 0.8446   ignored
r6  Simon Walker        #143   Aria Thompson       8    discovery 0.8368   ignored
r6  Simon Walker        #160   Cassandra Johnson   9    discovery 0.8323   ignored
r6  Simon Walker        #154   Luna Reyes          10   discovery 0.8253   ignored
r6  Simon Walker        #138   James Miller        11   discovery 0.8133   ignored
r6  Emily Carter        #158   Carlos Rodriguez    0    discovery 0.8708   ignored
r6  Emily Carter        #145   Maxwell Armstrong   1    discovery 0.8705   ignored
r6  Emily Carter        #148   Daniel Miller       2    discovery 0.8671   ignored
r6  Emily Carter        #159   Emily Watson        3    discovery 0.8639   ignored
r6  Emily Carter        #154   Luna Reyes          4    discovery 0.8633   ignored
r6  Emily Carter        #143   Aria Thompson       5    discovery 0.8597   ignored
r6  Emily Carter        #144   Ethan Grayson       6    discovery 0.8594   ignored
r6  Emily Carter        #138   James Miller        7    discovery 0.8588   ignored
r6  Emily Carter        #140   Ryan Johnson        8    discovery 0.8532   ignored
r6  Emily Carter        #150   Steven Johnson      9    discovery 0.8530   ignored
r6  Emily Carter        #130   Michael Thompson    10   discovery 0.7898   ignored
r6  Emily Carter        #123   Emily Hayes         11   discovery 0.7984   ignored
r6  Aria Thompson       #125   Daniel Rivera       0    network   0.4231   ignored
r6  Aria Thompson       #99    Daniel Rivera       1    network   -        ignored
r6  Aria Thompson       #75    Daniel Rivera       2    network   -        ignored
r6  Aria Thompson       #48    Daniel Rivera       3    network   -        ignored
r6  Aria Thompson       #18    Daniel Rivera       4    network   -        ignored
r6  Aria Thompson       #128   Victoria Greene     5    fof       0.6819   ignored
r6  Aria Thompson       #151   Victoria Greene     6    fof       0.4174   ACTED
r6  Aria Thompson       #23    Victoria Greene     7    fof       -        ignored
r6  Aria Thompson       #139   Emma Hayes          8    discovery 0.8622   ignored
r6  Aria Thompson       #146   Emily Hayes         9    discovery 0.7546   ignored
r6  Aria Thompson       #111   James Miller        10   discovery 0.3996   ignored
r6  Aria Thompson       #129   James Thompson      11   discovery 0.4415   ignored
r6  Henry Farmer        #53    Sophie Green        0    network   -        ACTED
r6  Henry Farmer        #26    Sophie Green        1    network   -        ignored
r6  Henry Farmer        #119   Sophia Nguyen       2    fof       0.7963   ignored
r6  Henry Farmer        #94    Sophia Nguyen       3    fof       -        ignored
r6  Henry Farmer        #71    Sophia Nguyen       4    fof       -        ACTED
r6  Henry Farmer        #140   Ryan Johnson        5    discovery 0.8683   ignored
r6  Henry Farmer        #147   Oliver Robinson     6    discovery 0.8648   ignored
r6  Henry Farmer        #152   James Thompson      7    discovery 0.8606   ignored
r6  Henry Farmer        #148   Daniel Miller       8    discovery 0.8552   ignored
r6  Henry Farmer        #158   Carlos Rodriguez    9    discovery 0.8498   ignored
r6  Henry Farmer        #126   Eleanor Thompson    10   discovery 0.8122   ignored
r6  Henry Farmer        #116   Emily Carter        11   discovery 0.8052   ignored
r6  Ethan Grayson       #146   Emily Hayes         0    network   0.7979   ignored
r6  Ethan Grayson       #123   Emily Hayes         1    network   -        ignored
r6  Ethan Grayson       #97    Emily Hayes         2    network   -        ignored
r6  Ethan Grayson       #74    Emily Hayes         3    network   -        ignored
r6  Ethan Grayson       #45    Emily Hayes         4    network   -        ignored
r6  Ethan Grayson       #139   Emma Hayes          5    discovery 0.8796   ignored
r6  Ethan Grayson       #128   Victoria Greene     6    discovery 0.7282   ignored
r6  Ethan Grayson       #152   James Thompson      7    discovery 0.6781   ignored
r6  Ethan Grayson       #120   Samuel Reynolds     8    discovery 0.6576   ignored
r6  Ethan Grayson       #160   Cassandra Johnson   9    discovery 0.5239   ignored
r6  Ethan Grayson       #142   Emily Carter        10   discovery 0.5118   ignored
r6  Ethan Grayson       #157   Olivia Rodriguez    11   discovery 0.4803   ignored
r6  Sophia Nguyen       #53    Sophie Green        0    network   -        ACTED
r6  Sophia Nguyen       #26    Sophie Green        1    network   -        ignored
r6  Sophia Nguyen       #148   Daniel Miller       2    discovery 0.8733   ignored
r6  Sophia Nguyen       #154   Luna Reyes          3    discovery 0.8688   ignored
r6  Sophia Nguyen       #147   Oliver Robinson     4    discovery 0.8663   ignored
r6  Sophia Nguyen       #158   Carlos Rodriguez    5    discovery 0.8656   ignored
r6  Sophia Nguyen       #159   Emily Watson        6    discovery 0.8645   ignored
r6  Sophia Nguyen       #143   Aria Thompson       7    discovery 0.8548   ignored
r6  Sophia Nguyen       #140   Ryan Johnson        8    discovery 0.8543   ignored
r6  Sophia Nguyen       #152   James Thompson      9    discovery 0.8505   ignored
r6  Sophia Nguyen       #115   Jake Thompson       10   discovery 0.8006   ignored
r6  Sophia Nguyen       #155   Nathan Brooks       11   discovery 0.8390   ignored
r6  Samuel Reynolds     #151   Victoria Greene     0    network   0.3411   ignored
r6  Samuel Reynolds     #128   Victoria Greene     1    network   0.6077   ignored
r6  Samuel Reynolds     #23    Victoria Greene     2    network   -        ignored
r6  Samuel Reynolds     #146   Emily Hayes         3    fof       0.6746   ACTED
r6  Samuel Reynolds     #123   Emily Hayes         4    fof       -        ignored
r6  Samuel Reynolds     #97    Emily Hayes         5    fof       -        ignored
r6  Samuel Reynolds     #139   Emma Hayes          6    discovery 0.8274   ignored
r6  Samuel Reynolds     #152   James Thompson      7    discovery 0.5240   ignored
r6  Samuel Reynolds     #129   James Thompson      8    discovery 0.3874   ignored
r6  Samuel Reynolds     #147   Oliver Robinson     9    discovery 0.3851   ignored
r6  Samuel Reynolds     #142   Emily Carter        10   discovery 0.3460   ignored
r6  Samuel Reynolds     #157   Olivia Rodriguez    11   discovery 0.3325   ignored
r6  Oliver Wang         #146   Emily Hayes         0    network   -        ignored
r6  Oliver Wang         #123   Emily Hayes         1    network   -        ACTED
r6  Oliver Wang         #97    Emily Hayes         2    network   -        ignored
r6  Oliver Wang         #74    Emily Hayes         3    network   -        ignored
r6  Oliver Wang         #45    Emily Hayes         4    network   -        ignored
r6  Oliver Wang         #147   Oliver Robinson     5    discovery 0.7937   ignored
r6  Oliver Wang         #140   Ryan Johnson        6    discovery 0.7684   ignored
r6  Oliver Wang         #154   Luna Reyes          7    discovery 0.7492   ignored
r6  Oliver Wang         #160   Cassandra Johnson   8    discovery 0.7414   ignored
r6  Oliver Wang         #155   Nathan Brooks       9    discovery 0.7398   ignored
r6  Oliver Wang         #133   Olivia Rodriguez    10   discovery 0.7105   ignored
r6  Oliver Wang         #142   Emily Carter        11   discovery 0.7189   ignored
r6  Maxwell Armstrong   #139   Emma Hayes          0    discovery 0.8675   ignored
r6  Maxwell Armstrong   #146   Emily Hayes         1    discovery 0.7478   ignored
r6  Maxwell Armstrong   #128   Victoria Greene     2    discovery 0.6775   ignored
r6  Maxwell Armstrong   #152   James Thompson      3    discovery 0.6047   ignored
r6  Maxwell Armstrong   #120   Samuel Reynolds     4    discovery 0.6026   ignored
r6  Maxwell Armstrong   #160   Cassandra Johnson   5    discovery 0.4571   ignored
r6  Maxwell Armstrong   #147   Oliver Robinson     6    discovery 0.4546   ignored
r6  Maxwell Armstrong   #129   James Thompson      7    discovery 0.4448   ignored
r6  Maxwell Armstrong   #143   Aria Thompson       8    discovery 0.4394   ignored
r6  Maxwell Armstrong   #142   Emily Carter        9    discovery 0.4373   ignored
r6  Maxwell Armstrong   #111   James Miller        10   discovery 0.4061   ignored
r6  Maxwell Armstrong   #126   Eleanor Thompson    11   discovery 0.4114   ignored
r6  Emily Hayes         #139   Emma Hayes          0    discovery 0.7105   ignored
r6  Emily Hayes         #128   Victoria Greene     1    discovery 0.5049   ignored
r6  Emily Hayes         #120   Samuel Reynolds     2    discovery 0.4141   ignored
r6  Emily Hayes         #152   James Thompson      3    discovery 0.3987   ignored
r6  Emily Hayes         #129   James Thompson      4    discovery 0.2841   ignored
r6  Emily Hayes         #147   Oliver Robinson     5    discovery 0.2808   ignored
r6  Emily Hayes         #121   Oliver Wang         6    discovery 0.2660   ignored
r6  Emily Hayes         #160   Cassandra Johnson   7    discovery 0.2585   ignored
r6  Emily Hayes         #102   James Thompson      8    discovery 0.2577   ignored
r6  Emily Hayes         #144   Ethan Grayson       9    discovery 0.2483   ignored
r6  Emily Hayes         #125   Daniel Rivera       10   discovery 0.2327   ignored
r6  Emily Hayes         #151   Victoria Greene     11   discovery 0.2448   ignored
r6  Oliver Robinson     #154   Luna Reyes          0    network   0.8372   ignored
r6  Oliver Robinson     #104   Luna Reyes          1    network   -        ACTED
r6  Oliver Robinson     #79    Luna Reyes          2    network   -        ignored
r6  Oliver Robinson     #52    Luna Reyes          3    network   -        ACTED
r6  Oliver Robinson     #25    Luna Reyes          4    network   -        ignored
r6  Oliver Robinson     #140   Ryan Johnson        5    discovery 0.8459   ignored
r6  Oliver Robinson     #148   Daniel Miller       6    discovery 0.8264   ignored
r6  Oliver Robinson     #143   Aria Thompson       7    discovery 0.8220   ignored
r6  Oliver Robinson     #159   Emily Watson        8    discovery 0.8205   ignored
r6  Oliver Robinson     #158   Carlos Rodriguez    9    discovery 0.8203   ignored
r6  Oliver Robinson     #119   Sophia Nguyen       10   discovery 0.7755   ignored
r6  Oliver Robinson     #120   Samuel Reynolds     11   discovery 0.7585   ignored
r6  Daniel Miller       #139   Emma Hayes          0    network   0.8893   ignored
r6  Daniel Miller       #114   Emma Hayes          1    network   -        ignored
r6  Daniel Miller       #87    Emma Hayes          2    network   -        ignored
r6  Daniel Miller       #63    Emma Hayes          3    network   -        ignored
r6  Daniel Miller       #37    Emma Hayes          4    network   -        ignored
r6  Daniel Miller       #152   James Thompson      5    fof       0.8037   ignored
r6  Daniel Miller       #129   James Thompson      6    fof       0.6708   ignored
r6  Daniel Miller       #102   James Thompson      7    fof       -        ignored
r6  Daniel Miller       #146   Emily Hayes         8    discovery 0.8696   ignored
r6  Daniel Miller       #128   Victoria Greene     9    discovery 0.7979   ignored
r6  Daniel Miller       #151   Victoria Greene     10   discovery 0.6559   ignored
r6  Daniel Miller       #116   Emily Carter        11   discovery 0.6655   ignored
r6  Daniel Rivera       #151   Victoria Greene     0    network   -        ignored
r6  Daniel Rivera       #128   Victoria Greene     1    network   0.7826   ignored
r6  Daniel Rivera       #23    Victoria Greene     2    network   -        ignored
r6  Daniel Rivera       #146   Emily Hayes         3    fof       0.8516   ignored
r6  Daniel Rivera       #123   Emily Hayes         4    fof       -        ignored
r6  Daniel Rivera       #97    Emily Hayes         5    fof       -        ignored
r6  Daniel Rivera       #139   Emma Hayes          6    discovery 0.8674   ignored
r6  Daniel Rivera       #152   James Thompson      7    discovery 0.8081   ignored
r6  Daniel Rivera       #120   Samuel Reynolds     8    discovery 0.7663   ignored
r6  Daniel Rivera       #144   Ethan Grayson       9    discovery 0.7131   ignored
r6  Daniel Rivera       #138   James Miller        10   discovery 0.6741   ignored
r6  Daniel Rivera       #141   Jake Thompson       11   discovery 0.6727   ignored
r6  Eleanor Thompson    #139   Emma Hayes          0    discovery 0.9094   ignored
r6  Eleanor Thompson    #146   Emily Hayes         1    discovery 0.8348   ignored
r6  Eleanor Thompson    #128   Victoria Greene     2    discovery 0.7618   ignored
r6  Eleanor Thompson    #152   James Thompson      3    discovery 0.7447   ignored
r6  Eleanor Thompson    #120   Samuel Reynolds     4    discovery 0.7182   ignored
r6  Eleanor Thompson    #147   Oliver Robinson     5    discovery 0.6078   ignored
r6  Eleanor Thompson    #160   Cassandra Johnson   6    discovery 0.5980   ignored
r6  Eleanor Thompson    #140   Ryan Johnson        7    discovery 0.5972   ignored
r6  Eleanor Thompson    #148   Daniel Miller       8    discovery 0.5930   ignored
r6  Eleanor Thompson    #143   Aria Thompson       9    discovery 0.5902   ignored
r6  Eleanor Thompson    #135   Emily Watson        10   discovery 0.5554   ignored
r6  Eleanor Thompson    #142   Emily Carter        11   discovery 0.5630   ignored
r6  Bethany Davidson    #143   Aria Thompson       0    network   0.3160   ACTED
r6  Bethany Davidson    #92    Aria Thompson       1    network   -        ignored
r6  Bethany Davidson    #69    Aria Thompson       2    network   -        ignored
r6  Bethany Davidson    #42    Aria Thompson       3    network   -        ACTED
r6  Bethany Davidson    #8     Aria Thompson       4    network   -        ignored
r6  Bethany Davidson    #125   Daniel Rivera       5    fof       0.3064   ignored
r6  Bethany Davidson    #99    Daniel Rivera       6    fof       0.2990   ignored
r6  Bethany Davidson    #75    Daniel Rivera       7    fof       -        ignored
r6  Bethany Davidson    #139   Emma Hayes          8    discovery 0.7948   ignored
r6  Bethany Davidson    #146   Emily Hayes         9    discovery 0.6477   ignored
r6  Bethany Davidson    #140   Ryan Johnson        10   discovery 0.3262   ignored
r6  Bethany Davidson    #142   Emily Carter        11   discovery 0.3135   ignored
r6  Isabella Thompson   #152   James Thompson      0    network   0.8086   ignored
r6  Isabella Thompson   #129   James Thompson      1    network   0.7664   ignored
r6  Isabella Thompson   #102   James Thompson      2    network   -        ignored
r6  Isabella Thompson   #77    James Thompson      3    network   -        ignored
r6  Isabella Thompson   #50    James Thompson      4    network   -        ignored
r6  Isabella Thompson   #155   Nathan Brooks       5    discovery 0.8492   ACTED
r6  Isabella Thompson   #145   Maxwell Armstrong   6    discovery 0.8330   ignored
r6  Isabella Thompson   #140   Ryan Johnson        7    discovery 0.8277   ignored
r6  Isabella Thompson   #147   Oliver Robinson     8    discovery 0.8268   ignored
r6  Isabella Thompson   #160   Cassandra Johnson   9    discovery 0.8261   ignored
r6  Isabella Thompson   #116   Emily Carter        10   discovery 0.7646   ignored
r6  Isabella Thompson   #148   Daniel Miller       11   discovery 0.8220   ignored
r6  Steven Johnson      #146   Emily Hayes         0    discovery 0.8807   ignored
r6  Steven Johnson      #152   James Thompson      1    discovery 0.8730   ignored
r6  Steven Johnson      #139   Emma Hayes          2    discovery 0.8432   ignored
r6  Steven Johnson      #128   Victoria Greene     3    discovery 0.8158   ignored
r6  Steven Johnson      #120   Samuel Reynolds     4    discovery 0.8106   ignored
r6  Steven Johnson      #148   Daniel Miller       5    discovery 0.7923   ignored
r6  Steven Johnson      #145   Maxwell Armstrong   6    discovery 0.7862   ignored
r6  Steven Johnson      #158   Carlos Rodriguez    7    discovery 0.7802   ignored
r6  Steven Johnson      #154   Luna Reyes          8    discovery 0.7789   ignored
r6  Steven Johnson      #140   Ryan Johnson        9    discovery 0.7769   ignored
r6  Steven Johnson      #143   Aria Thompson       10   discovery 0.7696   ignored
r6  Steven Johnson      #142   Emily Carter        11   discovery 0.7541   ignored
r6  Victoria Greene     #169   Emily Hayes         0    network   -        ignored
r6  Victoria Greene     #146   Emily Hayes         1    network   -        ignored
r6  Victoria Greene     #123   Emily Hayes         2    network   0.7657   ignored
r6  Victoria Greene     #97    Emily Hayes         3    network   -        ignored
r6  Victoria Greene     #74    Emily Hayes         4    network   -        ignored
r6  Victoria Greene     #155   Nathan Brooks       5    discovery 0.8443   ignored
r6  Victoria Greene     #143   Aria Thompson       6    discovery 0.8419   ignored
r6  Victoria Greene     #148   Daniel Miller       7    discovery 0.8400   ignored
r6  Victoria Greene     #145   Maxwell Armstrong   8    discovery 0.8329   ignored
r6  Victoria Greene     #158   Carlos Rodriguez    9    discovery 0.8318   ignored
r6  Victoria Greene     #111   James Miller        10   discovery 0.7673   ignored
r6  Victoria Greene     #157   Olivia Rodriguez    11   discovery 0.7658   ignored
r6  James Thompson      #139   Emma Hayes          0    discovery 0.7841   ignored
r6  James Thompson      #146   Emily Hayes         1    discovery 0.6365   ignored
r6  James Thompson      #128   Victoria Greene     2    discovery 0.5710   ignored
r6  James Thompson      #120   Samuel Reynolds     3    discovery 0.4844   ignored
r6  James Thompson      #147   Oliver Robinson     4    discovery 0.3435   ignored
r6  James Thompson      #160   Cassandra Johnson   5    discovery 0.3209   ignored
r6  James Thompson      #140   Ryan Johnson        6    discovery 0.3137   ignored
r6  James Thompson      #135   Emily Watson        7    discovery 0.3101   ignored
r6  James Thompson      #142   Emily Carter        8    discovery 0.3087   ignored
r6  James Thompson      #154   Luna Reyes          9    discovery 0.3052   ignored
r6  James Thompson      #106   Olivia Garcia       10   discovery 0.2850   ignored
r6  James Thompson      #131   Nathan Brooks       11   discovery 0.2862   ignored
r6  Michael Thompson    #139   Emma Hayes          0    network   0.8040   ACTED
r6  Michael Thompson    #114   Emma Hayes          1    network   0.7100   ignored
r6  Michael Thompson    #87    Emma Hayes          2    network   -        ignored
r6  Michael Thompson    #63    Emma Hayes          3    network   -        ignored
r6  Michael Thompson    #37    Emma Hayes          4    network   -        ignored
r6  Michael Thompson    #152   James Thompson      5    fof       0.8151   ignored
r6  Michael Thompson    #129   James Thompson      6    fof       0.7131   ignored
r6  Michael Thompson    #102   James Thompson      7    fof       -        ignored
r6  Michael Thompson    #146   Emily Hayes         8    discovery 0.8471   ignored
r6  Michael Thompson    #143   Aria Thompson       9    discovery 0.7884   ignored
r6  Michael Thompson    #138   James Miller        10   discovery 0.7261   ignored
r6  Michael Thompson    #158   Carlos Rodriguez    11   discovery 0.7637   ignored
r6  Luna Reyes          #139   Emma Hayes          0    discovery 0.8777   ignored
r6  Luna Reyes          #146   Emily Hayes         1    discovery 0.8496   ignored
r6  Luna Reyes          #128   Victoria Greene     2    discovery 0.7816   ignored
r6  Luna Reyes          #152   James Thompson      3    discovery 0.7793   ignored
r6  Luna Reyes          #120   Samuel Reynolds     4    discovery 0.7525   ignored
r6  Luna Reyes          #143   Aria Thompson       5    discovery 0.6997   ignored
r6  Luna Reyes          #159   Emily Watson        6    discovery 0.6852   ignored
r6  Luna Reyes          #148   Daniel Miller       7    discovery 0.6821   ignored
r6  Luna Reyes          #160   Cassandra Johnson   8    discovery 0.6819   ignored
r6  Luna Reyes          #147   Oliver Robinson     9    discovery 0.6778   ignored
r6  Luna Reyes          #114   Emma Hayes          10   discovery 0.6321   ignored
r6  Luna Reyes          #150   Steven Johnson      11   discovery 0.6404   ignored
r6  Sophie Green        #168   Sophia Nguyen       0    network   -        ACTED
r6  Sophie Green        #119   Sophia Nguyen       1    network   0.7769   ACTED
r6  Sophie Green        #94    Sophia Nguyen       2    network   -        ignored
r6  Sophie Green        #71    Sophia Nguyen       3    network   -        ignored
r6  Sophie Green        #11    Sophia Nguyen       4    network   -        ignored
r6  Sophie Green        #158   Carlos Rodriguez    5    discovery 0.8481   ignored
r6  Sophie Green        #148   Daniel Miller       6    discovery 0.8447   ignored
r6  Sophie Green        #159   Emily Watson        7    discovery 0.8438   ignored
r6  Sophie Green        #147   Oliver Robinson     8    discovery 0.8395   ignored
r6  Sophie Green        #154   Luna Reyes          9    discovery 0.8378   ignored
r6  Sophie Green        #156   Emily Thompson      10   discovery 0.7949   ignored
r6  Sophie Green        #142   Emily Carter        11   discovery 0.7818   ignored
r6  Nathan Brooks       #139   Emma Hayes          0    discovery 0.8941   ignored
r6  Nathan Brooks       #146   Emily Hayes         1    discovery 0.8099   ignored
r6  Nathan Brooks       #128   Victoria Greene     2    discovery 0.7396   ignored
r6  Nathan Brooks       #152   James Thompson      3    discovery 0.6987   ignored
r6  Nathan Brooks       #120   Samuel Reynolds     4    discovery 0.6882   ignored
r6  Nathan Brooks       #160   Cassandra Johnson   5    discovery 0.5706   ignored
r6  Nathan Brooks       #147   Oliver Robinson     6    discovery 0.5598   ignored
r6  Nathan Brooks       #143   Aria Thompson       7    discovery 0.5596   ignored
r6  Nathan Brooks       #148   Daniel Miller       8    discovery 0.5567   ignored
r6  Nathan Brooks       #145   Maxwell Armstrong   9    discovery 0.5502   ignored
r6  Nathan Brooks       #111   James Miller        10   discovery 0.5190   ignored
r6  Nathan Brooks       #150   Steven Johnson      11   discovery 0.5356   ignored
r6  Emily Thompson      #152   James Thompson      0    network   0.8043   ignored
r6  Emily Thompson      #129   James Thompson      1    network   -        ignored
r6  Emily Thompson      #102   James Thompson      2    network   -        ignored
r6  Emily Thompson      #77    James Thompson      3    network   -        ignored
r6  Emily Thompson      #50    James Thompson      4    network   -        ignored
r6  Emily Thompson      #146   Emily Hayes         5    fof       0.7581   ignored
r6  Emily Thompson      #123   Emily Hayes         6    fof       0.7464   ignored
r6  Emily Thompson      #169   Emily Hayes         7    fof       -        ignored
r6  Emily Thompson      #158   Carlos Rodriguez    8    discovery 0.8296   ignored
r6  Emily Thompson      #145   Maxwell Armstrong   9    discovery 0.8261   ignored
r6  Emily Thompson      #143   Aria Thompson       10   discovery 0.8236   ignored
r6  Emily Thompson      #118   Ethan Grayson       11   discovery 0.7379   ignored
r6  Olivia Garcia       #172   Steven Johnson      0    network   -        ignored
r6  Olivia Garcia       #150   Steven Johnson      1    network   0.5788   ACTED
r6  Olivia Garcia       #127   Steven Johnson      2    network   -        ACTED
r6  Olivia Garcia       #22    Steven Johnson      3    network   -        ACTED
r6  Olivia Garcia       #139   Emma Hayes          4    discovery 0.8947   ignored
r6  Olivia Garcia       #146   Emily Hayes         5    discovery 0.8384   ignored
r6  Olivia Garcia       #128   Victoria Greene     6    discovery 0.7670   ignored
r6  Olivia Garcia       #152   James Thompson      7    discovery 0.7451   ignored
r6  Olivia Garcia       #120   Samuel Reynolds     8    discovery 0.7218   ignored
r6  Olivia Garcia       #147   Oliver Robinson     9    discovery 0.6303   ignored
r6  Olivia Garcia       #126   Eleanor Thompson    10   discovery 0.5676   ignored
r6  Olivia Garcia       #135   Emily Watson        11   discovery 0.5727   ignored
r6  Olivia Rodriguez    #155   Nathan Brooks       0    network   0.8404   ACTED
r6  Olivia Rodriguez    #131   Nathan Brooks       1    network   -        ignored
r6  Olivia Rodriguez    #105   Nathan Brooks       2    network   -        ignored
r6  Olivia Rodriguez    #80    Nathan Brooks       3    network   -        ignored
r6  Olivia Rodriguez    #54    Nathan Brooks       4    network   -        ignored
r6  Olivia Rodriguez    #145   Maxwell Armstrong   5    discovery 0.8531   ignored
r6  Olivia Rodriguez    #158   Carlos Rodriguez    6    discovery 0.8455   ignored
r6  Olivia Rodriguez    #148   Daniel Miller       7    discovery 0.8302   ignored
r6  Olivia Rodriguez    #147   Oliver Robinson     8    discovery 0.8295   ignored
r6  Olivia Rodriguez    #140   Ryan Johnson        9    discovery 0.8236   ignored
r6  Olivia Rodriguez    #153   Michael Thompson    10   discovery 0.7994   ignored
r6  Olivia Rodriguez    #149   Isabella Thompson   11   discovery 0.7854   ignored
r6  Carlos Rodriguez    #139   Emma Hayes          0    discovery 0.8759   ignored
r6  Carlos Rodriguez    #146   Emily Hayes         1    discovery 0.7707   ACTED
r6  Carlos Rodriguez    #128   Victoria Greene     2    discovery 0.7012   ignored
r6  Carlos Rodriguez    #152   James Thompson      3    discovery 0.6478   ignored
r6  Carlos Rodriguez    #120   Samuel Reynolds     4    discovery 0.6407   ignored
r6  Carlos Rodriguez    #160   Cassandra Johnson   5    discovery 0.5093   ignored
r6  Carlos Rodriguez    #147   Oliver Robinson     6    discovery 0.5044   ignored
r6  Carlos Rodriguez    #143   Aria Thompson       7    discovery 0.5024   ignored
r6  Carlos Rodriguez    #145   Maxwell Armstrong   8    discovery 0.4950   ignored
r6  Carlos Rodriguez    #148   Daniel Miller       9    discovery 0.4920   ignored
r6  Carlos Rodriguez    #126   Eleanor Thompson    10   discovery 0.4704   ignored
r6  Carlos Rodriguez    #149   Isabella Thompson   11   discovery 0.4595   ignored
r6  Emily Watson        #139   Emma Hayes          0    discovery 0.8786   ignored
r6  Emily Watson        #146   Emily Hayes         1    discovery 0.8622   ignored
r6  Emily Watson        #152   James Thompson      2    discovery 0.8025   ignored
r6  Emily Watson        #128   Victoria Greene     3    discovery 0.7949   ignored
r6  Emily Watson        #120   Samuel Reynolds     4    discovery 0.7689   ignored
r6  Emily Watson        #154   Luna Reyes          5    discovery 0.7271   ignored
r6  Emily Watson        #143   Aria Thompson       6    discovery 0.7181   ignored
r6  Emily Watson        #158   Carlos Rodriguez    7    discovery 0.7071   ignored
r6  Emily Watson        #160   Cassandra Johnson   8    discovery 0.7060   ignored
r6  Emily Watson        #148   Daniel Miller       9    discovery 0.7042   ignored
r6  Emily Watson        #126   Eleanor Thompson    10   discovery 0.6588   ignored
r6  Emily Watson        #124   Daniel Miller       11   discovery 0.6544   ignored
r6  Henry Richardson    #152   James Thompson      0    discovery 0.8415   ignored
r6  Henry Richardson    #158   Carlos Rodriguez    1    discovery 0.8300   ignored
r6  Henry Richardson    #145   Maxwell Armstrong   2    discovery 0.8294   ignored
r6  Henry Richardson    #148   Daniel Miller       3    discovery 0.8261   ignored
r6  Henry Richardson    #155   Nathan Brooks       4    discovery 0.8243   ignored
r6  Henry Richardson    #146   Emily Hayes         5    discovery 0.8178   ignored
r6  Henry Richardson    #159   Emily Watson        6    discovery 0.8090   ignored
r6  Henry Richardson    #154   Luna Reyes          7    discovery 0.8089   ignored
r6  Henry Richardson    #143   Aria Thompson       8    discovery 0.8084   ignored
r6  Henry Richardson    #160   Cassandra Johnson   9    discovery 0.8056   ignored
r6  Henry Richardson    #126   Eleanor Thompson    10   discovery 0.7558   ignored
r6  Henry Richardson    #147   Oliver Robinson     11   discovery 0.7762   ignored
r6  Cassandra Johnson   #143   Aria Thompson       0    discovery 0.8694   ignored
r6  Cassandra Johnson   #154   Luna Reyes          1    discovery 0.8600   ignored
r6  Cassandra Johnson   #158   Carlos Rodriguez    2    discovery 0.8589   ignored
r6  Cassandra Johnson   #148   Daniel Miller       3    discovery 0.8586   ignored
r6  Cassandra Johnson   #159   Emily Watson        4    discovery 0.8579   ignored
r6  Cassandra Johnson   #155   Nathan Brooks       5    discovery 0.8467   ignored
r6  Cassandra Johnson   #145   Maxwell Armstrong   6    discovery 0.8446   ignored
r6  Cassandra Johnson   #153   Michael Thompson    7    discovery 0.8369   ignored
r6  Cassandra Johnson   #147   Oliver Robinson     8    discovery 0.8364   ignored
r6  Cassandra Johnson   #140   Ryan Johnson        9    discovery 0.8283   ignored
r6  Cassandra Johnson   #126   Eleanor Thompson    10   discovery 0.7894   ignored
r6  Cassandra Johnson   #138   James Miller        11   discovery 0.8180   ignored
r6  Simon Greene        #169   Emily Hayes         0    network   -        ignored
r6  Simon Greene        #146   Emily Hayes         1    network   -        ignored
r6  Simon Greene        #123   Emily Hayes         2    network   0.7688   ACTED
r6  Simon Greene        #121   Oliver Wang         3    network   -        ignored
r6  Simon Greene        #97    Emily Hayes         4    network   -        ignored
r6  Simon Greene        #145   Maxwell Armstrong   5    discovery 0.8633   ignored
r6  Simon Greene        #158   Carlos Rodriguez    6    discovery 0.8581   ignored
r6  Simon Greene        #154   Luna Reyes          7    discovery 0.8442   ignored
r6  Simon Greene        #159   Emily Watson        8    discovery 0.8424   ignored
r6  Simon Greene        #143   Aria Thompson       9    discovery 0.8409   ignored
r6  Simon Greene        #147   Oliver Robinson     10   discovery 0.8044   ignored
r6  Simon Greene        #151   Victoria Greene     11   discovery 0.7618   ignored
r7  James Miller        #180   Cassandra Johnson   0    discovery 0.8727   ignored
r7  James Miller        #162   Ryan Johnson        1    discovery 0.8596   ignored
r7  James Miller        #173   Victoria Greene     2    discovery 0.8589   ignored
r7  James Miller        #181   Simon Greene        3    discovery 0.8558   ignored
r7  James Miller        #167   Ethan Grayson       4    discovery 0.8523   ignored
r7  James Miller        #178   Emily Watson        5    discovery 0.8459   ignored
r7  James Miller        #166   Henry Farmer        6    discovery 0.8423   ignored
r7  James Miller        #179   Henry Richardson    7    discovery 0.8362   ignored
r7  James Miller        #165   Emily Carter        8    discovery 0.8235   ignored
r7  James Miller        #176   Olivia Rodriguez    9    discovery 0.8226   ignored
r7  James Miller        #168   Sophia Nguyen       10   discovery 0.8202   ignored
r7  James Miller        #154   Luna Reyes          11   discovery 0.7933   ignored
r7  Emma Hayes          #152   James Thompson      0    network   0.3726   ignored
r7  Emma Hayes          #129   James Thompson      1    network   0.2636   ignored
r7  Emma Hayes          #102   James Thompson      2    network   0.2343   ignored
r7  Emma Hayes          #77    James Thompson      3    network   -        ignored
r7  Emma Hayes          #50    James Thompson      4    network   -        ignored
r7  Emma Hayes          #146   Emily Hayes         5    fof       0.5235   ignored
r7  Emma Hayes          #169   Emily Hayes         6    fof       0.3101   ignored
r7  Emma Hayes          #123   Emily Hayes         7    fof       -        ignored
r7  Emma Hayes          #171   Bethany Davidson    8    discovery 0.8872   ignored
r7  Emma Hayes          #170   Eleanor Thompson    9    discovery 0.7450   ignored
r7  Emma Hayes          #160   Cassandra Johnson   10   discovery 0.2430   ignored
r7  Emma Hayes          #140   Ryan Johnson        11   discovery 0.2331   ignored
r7  Ryan Johnson        #166   Henry Farmer        0    discovery 0.8608   ignored
r7  Ryan Johnson        #181   Simon Greene        1    discovery 0.8483   ignored
r7  Ryan Johnson        #179   Henry Richardson    2    discovery 0.8413   ignored
r7  Ryan Johnson        #173   Victoria Greene     3    discovery 0.8318   ignored
r7  Ryan Johnson        #178   Emily Watson        4    discovery 0.8286   ignored
r7  Ryan Johnson        #169   Emily Hayes         5    discovery 0.8210   ignored
r7  Ryan Johnson        #180   Cassandra Johnson   6    discovery 0.8090   ignored
r7  Ryan Johnson        #176   Olivia Rodriguez    7    discovery 0.8084   ignored
r7  Ryan Johnson        #161   James Miller        8    discovery 0.8079   ignored
r7  Ryan Johnson        #168   Sophia Nguyen       9    discovery 0.8078   ACTED
r7  Ryan Johnson        #144   Ethan Grayson       10   discovery 0.7472   ignored
r7  Ryan Johnson        #158   Carlos Rodriguez    11   discovery 0.7715   ignored
r7  Alexandra Whitmore  #171   Bethany Davidson    0    network   -        ignored
r7  Alexandra Whitmore  #101   Bethany Davidson    1    network   -        ignored
r7  Alexandra Whitmore  #76    Bethany Davidson    2    network   -        ignored
r7  Alexandra Whitmore  #49    Bethany Davidson    3    network   -        ignored
r7  Alexandra Whitmore  #20    Bethany Davidson    4    network   -        ignored
r7  Alexandra Whitmore  #143   Aria Thompson       5    fof       0.7255   ignored
r7  Alexandra Whitmore  #92    Aria Thompson       6    fof       -        ACTED
r7  Alexandra Whitmore  #69    Aria Thompson       7    fof       -        ignored
r7  Alexandra Whitmore  #174   Nathan Brooks       8    discovery 0.8149   ignored
r7  Alexandra Whitmore  #176   Olivia Rodriguez    9    discovery 0.8132   ignored
r7  Alexandra Whitmore  #168   Sophia Nguyen       10   discovery 0.7579   ignored
r7  Alexandra Whitmore  #181   Simon Greene        11   discovery 0.7915   ignored
r7  Jake Thompson       #171   Bethany Davidson    0    discovery 0.8958   ignored
r7  Jake Thompson       #170   Eleanor Thompson    1    discovery 0.7565   ignored
r7  Jake Thompson       #139   Emma Hayes          2    discovery 0.6728   ignored
r7  Jake Thompson       #172   Steven Johnson      3    discovery 0.5739   ignored
r7  Jake Thompson       #146   Emily Hayes         4    discovery 0.5339   ignored
r7  Jake Thompson       #128   Victoria Greene     5    discovery 0.4698   ignored
r7  Jake Thompson       #120   Samuel Reynolds     6    discovery 0.3914   ignored
r7  Jake Thompson       #152   James Thompson      7    discovery 0.3840   ignored
r7  Jake Thompson       #166   Henry Farmer        8    discovery 0.3221   ignored
r7  Jake Thompson       #169   Emily Hayes         9    discovery 0.3182   ignored
r7  Jake Thompson       #154   Luna Reyes          10   discovery 0.2332   ignored
r7  Jake Thompson       #181   Simon Greene        11   discovery 0.2854   ignored
r7  Simon Walker        #139   Emma Hayes          0    network   -        ACTED
r7  Simon Walker        #114   Emma Hayes          1    network   -        ignored
r7  Simon Walker        #87    Emma Hayes          2    network   -        ignored
r7  Simon Walker        #63    Emma Hayes          3    network   -        ignored
r7  Simon Walker        #37    Emma Hayes          4    network   -        ignored
r7  Simon Walker        #152   James Thompson      5    fof       -        ignored
r7  Simon Walker        #129   James Thompson      6    fof       -        ignored
r7  Simon Walker        #102   James Thompson      7    fof       -        ignored
r7  Simon Walker        #178   Emily Watson        8    discovery 0.8466   ignored
r7  Simon Walker        #176   Olivia Rodriguez    9    discovery 0.8462   ignored
r7  Simon Walker        #163   Alexandra Whitmore  10   discovery 0.8337   ignored
r7  Simon Walker        #141   Jake Thompson       11   discovery 0.7582   ignored
r7  Emily Carter        #181   Simon Greene        0    discovery 0.8759   ignored
r7  Emily Carter        #178   Emily Watson        1    discovery 0.8692   ignored
r7  Emily Carter        #173   Victoria Greene     2    discovery 0.8611   ignored
r7  Emily Carter        #162   Ryan Johnson        3    discovery 0.8583   ignored
r7  Emily Carter        #180   Cassandra Johnson   4    discovery 0.8563   ignored
r7  Emily Carter        #161   James Miller        5    discovery 0.8542   ignored
r7  Emily Carter        #179   Henry Richardson    6    discovery 0.8528   ignored
r7  Emily Carter        #166   Henry Farmer        7    discovery 0.8486   ignored
r7  Emily Carter        #167   Ethan Grayson       8    discovery 0.8485   ignored
r7  Emily Carter        #169   Emily Hayes         9    discovery 0.8422   ignored
r7  Emily Carter        #154   Luna Reyes          10   discovery 0.7960   ignored
r7  Emily Carter        #150   Steven Johnson      11   discovery 0.7810   ignored
r7  Aria Thompson       #125   Daniel Rivera       0    network   -        ignored
r7  Aria Thompson       #99    Daniel Rivera       1    network   -        ignored
r7  Aria Thompson       #75    Daniel Rivera       2    network   -        ignored
r7  Aria Thompson       #48    Daniel Rivera       3    network   -        ignored
r7  Aria Thompson       #18    Daniel Rivera       4    network   -        ignored
r7  Aria Thompson       #128   Victoria Greene     5    fof       0.6185   ignored
r7  Aria Thompson       #173   Victoria Greene     6    fof       0.4498   ignored
r7  Aria Thompson       #151   Victoria Greene     7    fof       -        ACTED
r7  Aria Thompson       #171   Bethany Davidson    8    discovery 0.8916   ignored
r7  Aria Thompson       #170   Eleanor Thompson    9    discovery 0.8764   ignored
r7  Aria Thompson       #146   Emily Hayes         10   discovery 0.6948   ignored
r7  Aria Thompson       #175   Emily Thompson      11   discovery 0.4150   ignored
r7  Henry Farmer        #53    Sophie Green        0    network   -        ACTED
r7  Henry Farmer        #26    Sophie Green        1    network   -        ignored
r7  Henry Farmer        #168   Sophia Nguyen       2    fof       0.8000   ignored
r7  Henry Farmer        #119   Sophia Nguyen       3    fof       -        ignored
r7  Henry Farmer        #94    Sophia Nguyen       4    fof       -        ignored
r7  Henry Farmer        #162   Ryan Johnson        5    discovery 0.8475   ignored
r7  Henry Farmer        #181   Simon Greene        6    discovery 0.8392   ignored
r7  Henry Farmer        #179   Henry Richardson    7    discovery 0.8293   ignored
r7  Henry Farmer        #178   Emily Watson        8    discovery 0.8192   ignored
r7  Henry Farmer        #172   Steven Johnson      9    discovery 0.8161   ignored
r7  Henry Farmer        #161   James Miller        10   discovery 0.7863   ignored
r7  Henry Farmer        #169   Emily Hayes         11   discovery 0.7944   ignored
r7  Ethan Grayson       #169   Emily Hayes         0    network   0.7223   ignored
r7  Ethan Grayson       #146   Emily Hayes         1    network   0.7902   ignored
r7  Ethan Grayson       #123   Emily Hayes         2    network   -        ignored
r7  Ethan Grayson       #97    Emily Hayes         3    network   -        ignored
r7  Ethan Grayson       #74    Emily Hayes         4    network   -        ignored
r7  Ethan Grayson       #164   Jake Thompson       5    discovery 0.8631   ignored
r7  Ethan Grayson       #172   Steven Johnson      6    discovery 0.8597   ignored
r7  Ethan Grayson       #170   Eleanor Thompson    7    discovery 0.8587   ignored
r7  Ethan Grayson       #139   Emma Hayes          8    discovery 0.8009   ignored
r7  Ethan Grayson       #152   James Thompson      9    discovery 0.7372   ignored
r7  Ethan Grayson       #175   Emily Thompson      10   discovery 0.6750   ignored
r7  Ethan Grayson       #154   Luna Reyes          11   discovery 0.6490   ignored
r7  Sophia Nguyen       #53    Sophie Green        0    network   -        ACTED
r7  Sophia Nguyen       #26    Sophie Green        1    network   -        ignored
r7  Sophia Nguyen       #162   Ryan Johnson        2    discovery 0.8618   ignored
r7  Sophia Nguyen       #166   Henry Farmer        3    discovery 0.8613   ignored
r7  Sophia Nguyen       #179   Henry Richardson    4    discovery 0.8555   ignored
r7  Sophia Nguyen       #178   Emily Watson        5    discovery 0.8493   ignored
r7  Sophia Nguyen       #181   Simon Greene        6    discovery 0.8414   ignored
r7  Sophia Nguyen       #173   Victoria Greene     7    discovery 0.8403   ignored
r7  Sophia Nguyen       #180   Cassandra Johnson   8    discovery 0.8290   ignored
r7  Sophia Nguyen       #161   James Miller        9    discovery 0.8267   ignored
r7  Sophia Nguyen       #145   Maxwell Armstrong   10   discovery 0.7679   ignored
r7  Sophia Nguyen       #153   Michael Thompson    11   discovery 0.7803   ignored
r7  Samuel Reynolds     #173   Victoria Greene     0    network   0.3498   ignored
r7  Samuel Reynolds     #151   Victoria Greene     1    network   0.3141   ignored
r7  Samuel Reynolds     #128   Victoria Greene     2    network   0.5512   ignored
r7  Samuel Reynolds     #23    Victoria Greene     3    network   -        ignored
r7  Samuel Reynolds     #146   Emily Hayes         4    fof       0.6212   ACTED
r7  Samuel Reynolds     #169   Emily Hayes         5    fof       0.4008   ignored
r7  Samuel Reynolds     #123   Emily Hayes         6    fof       -        ignored
r7  Samuel Reynolds     #171   Bethany Davidson    7    discovery 0.9188   ignored
r7  Samuel Reynolds     #170   Eleanor Thompson    8    discovery 0.8494   ignored
r7  Samuel Reynolds     #139   Emma Hayes          9    discovery 0.7618   ignored
r7  Samuel Reynolds     #178   Emily Watson        10   discovery 0.3254   ignored
r7  Samuel Reynolds     #166   Henry Farmer        11   discovery 0.4178   ignored
r7  Oliver Wang         #169   Emily Hayes         0    network   0.7679   ignored
r7  Oliver Wang         #146   Emily Hayes         1    network   -        ignored
r7  Oliver Wang         #123   Emily Hayes         2    network   -        ACTED
r7  Oliver Wang         #97    Emily Hayes         3    network   -        ignored
r7  Oliver Wang         #74    Emily Hayes         4    network   -        ignored
r7  Oliver Wang         #177   Carlos Rodriguez    5    discovery 0.7853   ignored
r7  Oliver Wang         #162   Ryan Johnson        6    discovery 0.7835   ignored
r7  Oliver Wang         #166   Henry Farmer        7    discovery 0.7691   ignored
r7  Oliver Wang         #179   Henry Richardson    8    discovery 0.7567   ignored
r7  Oliver Wang         #173   Victoria Greene     9    discovery 0.7488   ignored
r7  Oliver Wang         #144   Ethan Grayson       10   discovery 0.6751   ignored
r7  Oliver Wang         #156   Emily Thompson      11   discovery 0.6775   ignored
r7  Maxwell Armstrong   #185   Emma Hayes          0    network   -        ignored
r7  Maxwell Armstrong   #139   Emma Hayes          1    network   0.7987   ignored
r7  Maxwell Armstrong   #114   Emma Hayes          2    network   -        ignored
r7  Maxwell Armstrong   #87    Emma Hayes          3    network   -        ignored
r7  Maxwell Armstrong   #63    Emma Hayes          4    network   -        ignored
r7  Maxwell Armstrong   #152   James Thompson      5    fof       0.5568   ignored
r7  Maxwell Armstrong   #129   James Thompson      6    fof       0.4034   ignored
r7  Maxwell Armstrong   #102   James Thompson      7    fof       -        ignored
r7  Maxwell Armstrong   #171   Bethany Davidson    8    discovery 0.8929   ignored
r7  Maxwell Armstrong   #170   Eleanor Thompson    9    discovery 0.8822   ignored
r7  Maxwell Armstrong   #180   Cassandra Johnson   10   discovery 0.4018   ignored
r7  Maxwell Armstrong   #140   Ryan Johnson        11   discovery 0.4017   ignored
r7  Emily Hayes         #172   Steven Johnson      0    discovery 0.8438   ignored
r7  Emily Hayes         #164   Jake Thompson       1    discovery 0.8259   ignored
r7  Emily Hayes         #181   Simon Greene        2    discovery 0.8124   ignored
r7  Emily Hayes         #166   Henry Farmer        3    discovery 0.7929   ignored
r7  Emily Hayes         #162   Ryan Johnson        4    discovery 0.7929   ignored
r7  Emily Hayes         #173   Victoria Greene     5    discovery 0.7889   ignored
r7  Emily Hayes         #152   James Thompson      6    discovery 0.7807   ignored
r7  Emily Hayes         #170   Eleanor Thompson    7    discovery 0.7771   ignored
r7  Emily Hayes         #179   Henry Richardson    8    discovery 0.7703   ignored
r7  Emily Hayes         #178   Emily Watson        9    discovery 0.7658   ignored
r7  Emily Hayes         #176   Olivia Rodriguez    10   discovery 0.7353   ignored
r7  Emily Hayes         #120   Samuel Reynolds     11   discovery 0.7178   ignored
r7  Oliver Robinson     #154   Luna Reyes          0    network   0.7709   ignored
r7  Oliver Robinson     #104   Luna Reyes          1    network   -        ACTED
r7  Oliver Robinson     #79    Luna Reyes          2    network   -        ignored
r7  Oliver Robinson     #52    Luna Reyes          3    network   -        ACTED
r7  Oliver Robinson     #25    Luna Reyes          4    network   -        ignored
r7  Oliver Robinson     #162   Ryan Johnson        5    discovery 0.8564   ignored
r7  Oliver Robinson     #166   Henry Farmer        6    discovery 0.8550   ignored
r7  Oliver Robinson     #179   Henry Richardson    7    discovery 0.8463   ignored
r7  Oliver Robinson     #181   Simon Greene        8    discovery 0.8264   ignored
r7  Oliver Robinson     #169   Emily Hayes         9    discovery 0.8253   ignored
r7  Oliver Robinson     #160   Cassandra Johnson   10   discovery 0.7488   ignored
r7  Oliver Robinson     #155   Nathan Brooks       11   discovery 0.7456   ignored
r7  Daniel Miller       #185   Emma Hayes          0    network   -        ignored
r7  Daniel Miller       #139   Emma Hayes          1    network   0.8189   ignored
r7  Daniel Miller       #114   Emma Hayes          2    network   -        ignored
r7  Daniel Miller       #87    Emma Hayes          3    network   -        ignored
r7  Daniel Miller       #63    Emma Hayes          4    network   -        ignored
r7  Daniel Miller       #152   James Thompson      5    fof       0.7400   ignored
r7  Daniel Miller       #129   James Thompson      6    fof       -        ignored
r7  Daniel Miller       #102   James Thompson      7    fof       -        ignored
r7  Daniel Miller       #170   Eleanor Thompson    8    discovery 0.8789   ignored
r7  Daniel Miller       #164   Jake Thompson       9    discovery 0.8731   ignored
r7  Daniel Miller       #128   Victoria Greene     10   discovery 0.7238   ignored
r7  Daniel Miller       #166   Henry Farmer        11   discovery 0.7327   ignored
r7  Daniel Rivera       #173   Victoria Greene     0    network   0.7216   ignored
r7  Daniel Rivera       #151   Victoria Greene     1    network   -        ignored
r7  Daniel Rivera       #128   Victoria Greene     2    network   0.7098   ignored
r7  Daniel Rivera       #23    Victoria Greene     3    network   -        ignored
r7  Daniel Rivera       #146   Emily Hayes         4    fof       0.7841   ignored
r7  Daniel Rivera       #169   Emily Hayes         5    fof       0.7261   ACTED
r7  Daniel Rivera       #123   Emily Hayes         6    fof       -        ignored
r7  Daniel Rivera       #164   Jake Thompson       7    discovery 0.8557   ignored
r7  Daniel Rivera       #170   Eleanor Thompson    8    discovery 0.8542   ignored
r7  Daniel Rivera       #172   Steven Johnson      9    discovery 0.8526   ignored
r7  Daniel Rivera       #180   Cassandra Johnson   10   discovery 0.6726   ignored
r7  Daniel Rivera       #176   Olivia Rodriguez    11   discovery 0.6544   ignored
r7  Eleanor Thompson    #171   Bethany Davidson    0    discovery 0.8970   ignored
r7  Eleanor Thompson    #139   Emma Hayes          1    discovery 0.6751   ignored
r7  Eleanor Thompson    #164   Jake Thompson       2    discovery 0.6054   ignored
r7  Eleanor Thompson    #172   Steven Johnson      3    discovery 0.5748   ignored
r7  Eleanor Thompson    #146   Emily Hayes         4    discovery 0.5352   ignored
r7  Eleanor Thompson    #128   Victoria Greene     5    discovery 0.4706   ignored
r7  Eleanor Thompson    #120   Samuel Reynolds     6    discovery 0.3920   ignored
r7  Eleanor Thompson    #152   James Thompson      7    discovery 0.3833   ignored
r7  Eleanor Thompson    #166   Henry Farmer        8    discovery 0.3208   ignored
r7  Eleanor Thompson    #169   Emily Hayes         9    discovery 0.3149   ignored
r7  Eleanor Thompson    #129   James Thompson      10   discovery 0.2706   ignored
r7  Eleanor Thompson    #165   Emily Carter        11   discovery 0.2325   ignored
r7  Bethany Davidson    #143   Aria Thompson       0    network   -        ACTED
r7  Bethany Davidson    #92    Aria Thompson       1    network   -        ignored
r7  Bethany Davidson    #69    Aria Thompson       2    network   -        ignored
r7  Bethany Davidson    #42    Aria Thompson       3    network   -        ACTED
r7  Bethany Davidson    #8     Aria Thompson       4    network   -        ignored
r7  Bethany Davidson    #125   Daniel Rivera       5    fof       -        ignored
r7  Bethany Davidson    #99    Daniel Rivera       6    fof       -        ignored
r7  Bethany Davidson    #75    Daniel Rivera       7    fof       -        ignored
r7  Bethany Davidson    #170   Eleanor Thompson    8    discovery 0.7078   ignored
r7  Bethany Davidson    #139   Emma Hayes          9    discovery 0.6276   ignored
r7  Bethany Davidson    #147   Oliver Robinson     10   discovery 0.2395   ignored
r7  Bethany Davidson    #144   Ethan Grayson       11   discovery 0.2136   ignored
r7  Isabella Thompson   #152   James Thompson      0    network   0.7445   ignored
r7  Isabella Thompson   #129   James Thompson      1    network   -        ignored
r7  Isabella Thompson   #102   James Thompson      2    network   -        ignored
r7  Isabella Thompson   #77    James Thompson      3    network   -        ignored
r7  Isabella Thompson   #50    James Thompson      4    network   -        ignored
r7  Isabella Thompson   #169   Emily Hayes         5    fof       0.8163   ignored
r7  Isabella Thompson   #192   Emily Hayes         6    fof       -        ignored
r7  Isabella Thompson   #146   Emily Hayes         7    fof       -        ignored
r7  Isabella Thompson   #166   Henry Farmer        8    discovery 0.8365   ignored
r7  Isabella Thompson   #162   Ryan Johnson        9    discovery 0.8358   ignored
r7  Isabella Thompson   #159   Emily Watson        10   discovery 0.7512   ignored
r7  Isabella Thompson   #175   Emily Thompson      11   discovery 0.7765   ignored
r7  Steven Johnson      #171   Bethany Davidson    0    discovery 0.8990   ignored
r7  Steven Johnson      #170   Eleanor Thompson    1    discovery 0.7549   ignored
r7  Steven Johnson      #139   Emma Hayes          2    discovery 0.6706   ignored
r7  Steven Johnson      #164   Jake Thompson       3    discovery 0.6035   ignored
r7  Steven Johnson      #146   Emily Hayes         4    discovery 0.5402   ignored
r7  Steven Johnson      #128   Victoria Greene     5    discovery 0.4751   ignored
r7  Steven Johnson      #120   Samuel Reynolds     6    discovery 0.3864   ignored
r7  Steven Johnson      #152   James Thompson      7    discovery 0.3795   ignored
r7  Steven Johnson      #169   Emily Hayes         8    discovery 0.3149   ignored
r7  Steven Johnson      #166   Henry Farmer        9    discovery 0.3136   ignored
r7  Steven Johnson      #165   Emily Carter        10   discovery 0.2336   ignored
r7  Steven Johnson      #151   Victoria Greene     11   discovery 0.2308   ignored
r7  Victoria Greene     #192   Emily Hayes         0    network   -        ignored
r7  Victoria Greene     #169   Emily Hayes         1    network   0.6501   ignored
r7  Victoria Greene     #146   Emily Hayes         2    network   0.7811   ignored
r7  Victoria Greene     #123   Emily Hayes         3    network   -        ignored
r7  Victoria Greene     #97    Emily Hayes         4    network   -        ignored
r7  Victoria Greene     #170   Eleanor Thompson    5    discovery 0.8904   ignored
r7  Victoria Greene     #164   Jake Thompson       6    discovery 0.8673   ignored
r7  Victoria Greene     #172   Steven Johnson      7    discovery 0.8479   ignored
r7  Victoria Greene     #139   Emma Hayes          8    discovery 0.8206   ignored
r7  Victoria Greene     #171   Bethany Davidson    9    discovery 0.7959   ignored
r7  Victoria Greene     #161   James Miller        10   discovery 0.5954   ignored
r7  Victoria Greene     #143   Aria Thompson       11   discovery 0.5800   ignored
r7  James Thompson      #192   Emily Hayes         0    network   -        ignored
r7  James Thompson      #169   Emily Hayes         1    network   0.3693   ignored
r7  James Thompson      #146   Emily Hayes         2    network   0.5861   ignored
r7  James Thompson      #123   Emily Hayes         3    network   -        ignored
r7  James Thompson      #97    Emily Hayes         4    network   -        ignored
r7  James Thompson      #171   Bethany Davidson    5    discovery 0.9185   ignored
r7  James Thompson      #170   Eleanor Thompson    6    discovery 0.8081   ignored
r7  James Thompson      #139   Emma Hayes          7    discovery 0.7220   ignored
r7  James Thompson      #164   Jake Thompson       8    discovery 0.6664   ignored
r7  James Thompson      #172   Steven Johnson      9    discovery 0.6317   ignored
r7  James Thompson      #165   Emily Carter        10   discovery 0.2848   ignored
r7  James Thompson      #173   Victoria Greene     11   discovery 0.3057   ignored
r7  Michael Thompson    #185   Emma Hayes          0    network   -        ignored
r7  Michael Thompson    #139   Emma Hayes          1    network   0.7403   ACTED
r7  Michael Thompson    #114   Emma Hayes          2    network   -        ignored
r7  Michael Thompson    #87    Emma Hayes          3    network   -        ignored
r7  Michael Thompson    #63    Emma Hayes          4    network   -        ignored
r7  Michael Thompson    #152   James Thompson      5    fof       0.7505   ignored
r7  Michael Thompson    #129   James Thompson      6    fof       -        ignored
r7  Michael Thompson    #102   James Thompson      7    fof       -        ignored
r7  Michael Thompson    #172   Steven Johnson      8    discovery 0.8512   ignored
r7  Michael Thompson    #164   Jake Thompson       9    discovery 0.8188   ignored
r7  Michael Thompson    #174   Nathan Brooks       10   discovery 0.7050   ignored
r7  Michael Thompson    #161   James Miller        11   discovery 0.7261   ignored
r7  Luna Reyes          #170   Eleanor Thompson    0    discovery 0.8694   ignored
r7  Luna Reyes          #172   Steven Johnson      1    discovery 0.8531   ignored
r7  Luna Reyes          #164   Jake Thompson       2    discovery 0.8519   ignored
r7  Luna Reyes          #139   Emma Hayes          3    discovery 0.8081   ignored
r7  Luna Reyes          #146   Emily Hayes         4    discovery 0.7823   ignored
r7  Luna Reyes          #171   Bethany Davidson    5    discovery 0.7501   ignored
r7  Luna Reyes          #152   James Thompson      6    discovery 0.7175   ignored
r7  Luna Reyes          #128   Victoria Greene     7    discovery 0.7090   ignored
r7  Luna Reyes          #179   Henry Richardson    8    discovery 0.7058   ignored
r7  Luna Reyes          #166   Henry Farmer        9    discovery 0.7032   ignored
r7  Luna Reyes          #160   Cassandra Johnson   10   discovery 0.6279   ignored
r7  Luna Reyes          #167   Ethan Grayson       11   discovery 0.6621   ignored
r7  Sophie Green        #168   Sophia Nguyen       0    network   0.8209   ACTED
r7  Sophie Green        #119   Sophia Nguyen       1    network   -        ACTED
r7  Sophie Green        #94    Sophia Nguyen       2    network   -        ignored
r7  Sophie Green        #71    Sophia Nguyen       3    network   -        ignored
r7  Sophie Green        #11    Sophia Nguyen       4    network   -        ignored
r7  Sophie Green        #162   Ryan Johnson        5    discovery 0.8453   ignored
r7  Sophie Green        #173   Victoria Greene     6    discovery 0.8415   ignored
r7  Sophie Green        #178   Emily Watson        7    discovery 0.8324   ignored
r7  Sophie Green        #166   Henry Farmer        8    discovery 0.8306   ignored
r7  Sophie Green        #181   Simon Greene        9    discovery 0.8237   ignored
r7  Sophie Green        #148   Daniel Miller       10   discovery 0.7778   ignored
r7  Sophie Green        #140   Ryan Johnson        11   discovery 0.7707   ignored
r7  Nathan Brooks       #172   Steven Johnson      0    discovery 0.8134   ignored
r7  Nathan Brooks       #176   Olivia Rodriguez    1    discovery 0.8068   ignored
r7  Nathan Brooks       #163   Alexandra Whitmore  2    discovery 0.8046   ignored
r7  Nathan Brooks       #164   Jake Thompson       3    discovery 0.8000   ignored
r7  Nathan Brooks       #178   Emily Watson        4    discovery 0.7970   ignored
r7  Nathan Brooks       #173   Victoria Greene     5    discovery 0.7939   ignored
r7  Nathan Brooks       #181   Simon Greene        6    discovery 0.7929   ignored
r7  Nathan Brooks       #166   Henry Farmer        7    discovery 0.7894   ignored
r7  Nathan Brooks       #162   Ryan Johnson        8    discovery 0.7880   ignored
r7  Nathan Brooks       #179   Henry Richardson    9    discovery 0.7789   ignored
r7  Nathan Brooks       #169   Emily Hayes         10   discovery 0.7756   ignored
r7  Nathan Brooks       #154   Luna Reyes          11   discovery 0.7243   ignored
r7  Emily Thompson      #196   James Thompson      0    network   -        ignored
r7  Emily Thompson      #152   James Thompson      1    network   -        ignored
r7  Emily Thompson      #129   James Thompson      2    network   -        ignored
r7  Emily Thompson      #102   James Thompson      3    network   -        ignored
r7  Emily Thompson      #77    James Thompson      4    network   -        ignored
r7  Emily Thompson      #169   Emily Hayes         5    fof       0.8212   ignored
r7  Emily Thompson      #192   Emily Hayes         6    fof       -        ignored
r7  Emily Thompson      #146   Emily Hayes         7    fof       -        ignored
r7  Emily Thompson      #181   Simon Greene        8    discovery 0.8614   ignored
r7  Emily Thompson      #178   Emily Watson        9    discovery 0.8587   ignored
r7  Emily Thompson      #177   Carlos Rodriguez    10   discovery 0.7754   ignored
r7  Emily Thompson      #161   James Miller        11   discovery 0.8528   ignored
r7  Olivia Garcia       #172   Steven Johnson      0    network   0.8392   ignored
r7  Olivia Garcia       #150   Steven Johnson      1    network   -        ACTED
r7  Olivia Garcia       #127   Steven Johnson      2    network   -        ACTED
r7  Olivia Garcia       #22    Steven Johnson      3    network   -        ACTED
r7  Olivia Garcia       #170   Eleanor Thompson    4    discovery 0.8943   ignored
r7  Olivia Garcia       #164   Jake Thompson       5    discovery 0.8372   ignored
r7  Olivia Garcia       #139   Emma Hayes          6    discovery 0.8237   ignored
r7  Olivia Garcia       #171   Bethany Davidson    7    discovery 0.8077   ignored
r7  Olivia Garcia       #146   Emily Hayes         8    discovery 0.7720   ignored
r7  Olivia Garcia       #128   Victoria Greene     9    discovery 0.6957   ignored
r7  Olivia Garcia       #152   James Thompson      10   discovery 0.6860   ignored
r7  Olivia Garcia       #168   Sophia Nguyen       11   discovery 0.5882   ignored
r7  Olivia Rodriguez    #174   Nathan Brooks       0    network   0.8404   ignored
r7  Olivia Rodriguez    #155   Nathan Brooks       1    network   0.7874   ACTED
r7  Olivia Rodriguez    #131   Nathan Brooks       2    network   -        ignored
r7  Olivia Rodriguez    #105   Nathan Brooks       3    network   -        ignored
r7  Olivia Rodriguez    #80    Nathan Brooks       4    network   -        ignored
r7  Olivia Rodriguez    #173   Victoria Greene     5    discovery 0.8553   ignored
r7  Olivia Rodriguez    #163   Alexandra Whitmore  6    discovery 0.8456   ignored
r7  Olivia Rodriguez    #178   Emily Watson        7    discovery 0.8430   ignored
r7  Olivia Rodriguez    #180   Cassandra Johnson   8    discovery 0.8379   ignored
r7  Olivia Rodriguez    #161   James Miller        9    discovery 0.8332   ignored
r7  Olivia Rodriguez    #179   Henry Richardson    10   discovery 0.8157   ignored
r7  Olivia Rodriguez    #140   Ryan Johnson        11   discovery 0.7611   ignored
r7  Carlos Rodriguez    #162   Ryan Johnson        0    discovery 0.8223   ignored
r7  Carlos Rodriguez    #166   Henry Farmer        1    discovery 0.8010   ignored
r7  Carlos Rodriguez    #181   Simon Greene        2    discovery 0.7956   ignored
r7  Carlos Rodriguez    #179   Henry Richardson    3    discovery 0.7836   ignored
r7  Carlos Rodriguez    #178   Emily Watson        4    discovery 0.7801   ignored
r7  Carlos Rodriguez    #173   Victoria Greene     5    discovery 0.7801   ignored
r7  Carlos Rodriguez    #174   Nathan Brooks       6    discovery 0.7789   ignored
r7  Carlos Rodriguez    #169   Emily Hayes         7    discovery 0.7697   ignored
r7  Carlos Rodriguez    #163   Alexandra Whitmore  8    discovery 0.7641   ignored
r7  Carlos Rodriguez    #167   Ethan Grayson       9    discovery 0.7640   ignored
r7  Carlos Rodriguez    #145   Maxwell Armstrong   10   discovery 0.7307   ignored
r7  Carlos Rodriguez    #143   Aria Thompson       11   discovery 0.7263   ignored
r7  Emily Watson        #172   Steven Johnson      0    discovery 0.8439   ignored
r7  Emily Watson        #179   Henry Richardson    1    discovery 0.8325   ignored
r7  Emily Watson        #181   Simon Greene        2    discovery 0.8262   ignored
r7  Emily Watson        #162   Ryan Johnson        3    discovery 0.8218   ignored
r7  Emily Watson        #173   Victoria Greene     4    discovery 0.8206   ignored
r7  Emily Watson        #166   Henry Farmer        5    discovery 0.8204   ignored
r7  Emily Watson        #164   Jake Thompson       6    discovery 0.8050   ignored
r7  Emily Watson        #169   Emily Hayes         7    discovery 0.8015   ignored
r7  Emily Watson        #176   Olivia Rodriguez    8    discovery 0.7879   ignored
r7  Emily Watson        #167   Ethan Grayson       9    discovery 0.7843   ignored
r7  Emily Watson        #163   Alexandra Whitmore  10   discovery 0.7778   ignored
r7  Emily Watson        #140   Ryan Johnson        11   discovery 0.7457   ignored
r7  Henry Richardson    #170   Eleanor Thompson    0    discovery 0.8804   ignored
r7  Henry Richardson    #172   Steven Johnson      1    discovery 0.8377   ignored
r7  Henry Richardson    #164   Jake Thompson       2    discovery 0.8364   ignored
r7  Henry Richardson    #139   Emma Hayes          3    discovery 0.8139   ignored
r7  Henry Richardson    #171   Bethany Davidson    4    discovery 0.7910   ignored
r7  Henry Richardson    #146   Emily Hayes         5    discovery 0.7698   ignored
r7  Henry Richardson    #128   Victoria Greene     6    discovery 0.6950   ignored
r7  Henry Richardson    #152   James Thompson      7    discovery 0.6890   ignored
r7  Henry Richardson    #166   Henry Farmer        8    discovery 0.6801   ignored
r7  Henry Richardson    #120   Samuel Reynolds     9    discovery 0.6650   ignored
r7  Henry Richardson    #154   Luna Reyes          10   discovery 0.6145   ignored
r7  Henry Richardson    #178   Emily Watson        11   discovery 0.6445   ignored
r7  Cassandra Johnson   #166   Henry Farmer        0    discovery 0.8348   ignored
r7  Cassandra Johnson   #162   Ryan Johnson        1    discovery 0.8290   ignored
r7  Cassandra Johnson   #172   Steven Johnson      2    discovery 0.8275   ignored
r7  Cassandra Johnson   #161   James Miller        3    discovery 0.8258   ignored
r7  Cassandra Johnson   #179   Henry Richardson    4    discovery 0.8227   ignored
r7  Cassandra Johnson   #181   Simon Greene        5    discovery 0.8224   ignored
r7  Cassandra Johnson   #173   Victoria Greene     6    discovery 0.8205   ignored
r7  Cassandra Johnson   #178   Emily Watson        7    discovery 0.8175   ignored
r7  Cassandra Johnson   #176   Olivia Rodriguez    8    discovery 0.8039   ignored
r7  Cassandra Johnson   #164   Jake Thompson       9    discovery 0.8038   ignored
r7  Cassandra Johnson   #138   James Miller        10   discovery 0.7603   ignored
r7  Cassandra Johnson   #145   Maxwell Armstrong   11   discovery 0.7643   ignored
r7  Simon Greene        #192   Emily Hayes         0    network   -        ignored
r7  Simon Greene        #190   Oliver Wang         1    network   -        ignored
r7  Simon Greene        #169   Emily Hayes         2    network   0.3370   ignored
r7  Simon Greene        #146   Emily Hayes         3    network   0.5605   ignored
r7  Simon Greene        #123   Emily Hayes         4    network   -        ACTED
r7  Simon Greene        #171   Bethany Davidson    5    discovery 0.9119   ignored
r7  Simon Greene        #170   Eleanor Thompson    6    discovery 0.7825   ignored
r7  Simon Greene        #139   Emma Hayes          7    discovery 0.6969   ignored
r7  Simon Greene        #164   Jake Thompson       8    discovery 0.6337   ignored
r7  Simon Greene        #172   Steven Johnson      9    discovery 0.6021   ignored
r7  Simon Greene        #179   Henry Richardson    10   discovery 0.3069   ignored
r7  Simon Greene        #173   Victoria Greene     11   discovery 0.2703   ignored
r8  James Miller        #192   Emily Hayes         0    discovery 0.8638   ignored
r8  James Miller        #187   Emily Carter        1    discovery 0.8627   ignored
r8  James Miller        #186   Jake Thompson       2    discovery 0.8595   ignored
r8  James Miller        #189   Ethan Grayson       3    discovery 0.8589   ignored
r8  James Miller        #201   Emily Watson        4    discovery 0.8561   ignored
r8  James Miller        #183   Ryan Johnson        5    discovery 0.8473   ignored
r8  James Miller        #202   Cassandra Johnson   6    discovery 0.8447   ignored
r8  James Miller        #191   Maxwell Armstrong   7    discovery 0.8436   ignored
r8  James Miller        #198   Nathan Brooks       8    discovery 0.8409   ignored
r8  James Miller        #182   Alexandra Whitmore  9    discovery 0.8358   ignored
r8  James Miller        #196   James Thompson      10   discovery 0.7660   ignored
r8  James Miller        #199   Emily Thompson      11   discovery 0.8074   ignored
r8  Emma Hayes          #196   James Thompson      0    network   0.5332   ignored
r8  Emma Hayes          #152   James Thompson      1    network   0.3159   ignored
r8  Emma Hayes          #129   James Thompson      2    network   0.2140   ignored
r8  Emma Hayes          #102   James Thompson      3    network   -        ignored
r8  Emma Hayes          #77    James Thompson      4    network   -        ignored
r8  Emma Hayes          #146   Emily Hayes         5    fof       0.4510   ignored
r8  Emma Hayes          #169   Emily Hayes         6    fof       0.2724   ignored
r8  Emma Hayes          #192   Emily Hayes         7    fof       -        ignored
r8  Emma Hayes          #194   Eleanor Thompson    8    discovery 0.8107   ignored
r8  Emma Hayes          #171   Bethany Davidson    9    discovery 0.7931   ignored
r8  Emma Hayes          #181   Simon Greene        10   discovery 0.2369   ignored
r8  Emma Hayes          #199   Emily Thompson      11   discovery 0.2116   ignored
r8  Ryan Johnson        #184   James Miller        0    discovery 0.8496   ignored
r8  Ryan Johnson        #192   Emily Hayes         1    discovery 0.8454   ignored
r8  Ryan Johnson        #201   Emily Watson        2    discovery 0.8442   ignored
r8  Ryan Johnson        #197   Sophie Green        3    discovery 0.8387   ACTED
r8  Ryan Johnson        #188   Henry Farmer        4    discovery 0.8378   ignored
r8  Ryan Johnson        #202   Cassandra Johnson   5    discovery 0.8374   ignored
r8  Ryan Johnson        #186   Jake Thompson       6    discovery 0.8371   ignored
r8  Ryan Johnson        #189   Ethan Grayson       7    discovery 0.8300   ignored
r8  Ryan Johnson        #187   Emily Carter        8    discovery 0.8233   ignored
r8  Ryan Johnson        #195   Isabella Thompson   9    discovery 0.8221   ignored
r8  Ryan Johnson        #193   Daniel Miller       10   discovery 0.7947   ignored
r8  Ryan Johnson        #163   Alexandra Whitmore  11   discovery 0.7423   ignored
r8  Alexandra Whitmore  #171   Bethany Davidson    0    network   -        ignored
r8  Alexandra Whitmore  #101   Bethany Davidson    1    network   -        ignored
r8  Alexandra Whitmore  #76    Bethany Davidson    2    network   -        ignored
r8  Alexandra Whitmore  #49    Bethany Davidson    3    network   -        ignored
r8  Alexandra Whitmore  #20    Bethany Davidson    4    network   -        ignored
r8  Alexandra Whitmore  #143   Aria Thompson       5    fof       -        ignored
r8  Alexandra Whitmore  #92    Aria Thompson       6    fof       -        ACTED
r8  Alexandra Whitmore  #69    Aria Thompson       7    fof       -        ignored
r8  Alexandra Whitmore  #196   James Thompson      8    discovery 0.8506   ignored
r8  Alexandra Whitmore  #191   Maxwell Armstrong   9    discovery 0.8407   ignored
r8  Alexandra Whitmore  #197   Sophie Green        10   discovery 0.7822   ignored
r8  Alexandra Whitmore  #184   James Miller        11   discovery 0.8038   ignored
r8  Jake Thompson       #194   Eleanor Thompson    0    discovery 0.8824   ignored
r8  Jake Thompson       #170   Eleanor Thompson    1    discovery 0.8349   ignored
r8  Jake Thompson       #196   James Thompson      2    discovery 0.8138   ignored
r8  Jake Thompson       #185   Emma Hayes          3    discovery 0.8133   ignored
r8  Jake Thompson       #171   Bethany Davidson    4    discovery 0.7803   ignored
r8  Jake Thompson       #139   Emma Hayes          5    discovery 0.7522   ignored
r8  Jake Thompson       #172   Steven Johnson      6    discovery 0.7493   ignored
r8  Jake Thompson       #146   Emily Hayes         7    discovery 0.6800   ignored
r8  Jake Thompson       #191   Maxwell Armstrong   8    discovery 0.6760   ignored
r8  Jake Thompson       #128   Victoria Greene     9    discovery 0.5990   ignored
r8  Jake Thompson       #197   Sophie Green        10   discovery 0.5270   ignored
r8  Jake Thompson       #181   Simon Greene        11   discovery 0.5234   ignored
r8  Simon Walker        #185   Emma Hayes          0    network   -        ACTED
r8  Simon Walker        #139   Emma Hayes          1    network   -        ACTED
r8  Simon Walker        #114   Emma Hayes          2    network   -        ignored
r8  Simon Walker        #87    Emma Hayes          3    network   -        ignored
r8  Simon Walker        #63    Emma Hayes          4    network   -        ignored
r8  Simon Walker        #196   James Thompson      5    fof       -        ignored
r8  Simon Walker        #152   James Thompson      6    fof       -        ignored
r8  Simon Walker        #129   James Thompson      7    fof       -        ignored
r8  Simon Walker        #192   Emily Hayes         8    discovery 0.8466   ignored
r8  Simon Walker        #201   Emily Watson        9    discovery 0.8427   ignored
r8  Simon Walker        #182   Alexandra Whitmore  10   discovery 0.7948   ignored
r8  Simon Walker        #175   Emily Thompson      11   discovery 0.7528   ignored
r8  Emily Carter        #194   Eleanor Thompson    0    discovery 0.8671   ignored
r8  Emily Carter        #196   James Thompson      1    discovery 0.8451   ignored
r8  Emily Carter        #170   Eleanor Thompson    2    discovery 0.8384   ignored
r8  Emily Carter        #164   Jake Thompson       3    discovery 0.8075   ignored
r8  Emily Carter        #172   Steven Johnson      4    discovery 0.7781   ignored
r8  Emily Carter        #185   Emma Hayes          5    discovery 0.7775   ignored
r8  Emily Carter        #139   Emma Hayes          6    discovery 0.7590   ignored
r8  Emily Carter        #171   Bethany Davidson    7    discovery 0.7558   ignored
r8  Emily Carter        #191   Maxwell Armstrong   8    discovery 0.7139   ignored
r8  Emily Carter        #146   Emily Hayes         9    discovery 0.7061   ignored
r8  Emily Carter        #189   Ethan Grayson       10   discovery 0.5985   ignored
r8  Emily Carter        #166   Henry Farmer        11   discovery 0.5694   ignored
r8  Aria Thompson       #125   Daniel Rivera       0    network   -        ignored
r8  Aria Thompson       #99    Daniel Rivera       1    network   -        ignored
r8  Aria Thompson       #75    Daniel Rivera       2    network   -        ignored
r8  Aria Thompson       #48    Daniel Rivera       3    network   -        ignored
r8  Aria Thompson       #18    Daniel Rivera       4    network   -        ignored
r8  Aria Thompson       #128   Victoria Greene     5    fof       0.5497   ignored
r8  Aria Thompson       #173   Victoria Greene     6    fof       0.4142   ignored
r8  Aria Thompson       #151   Victoria Greene     7    fof       -        ACTED
r8  Aria Thompson       #194   Eleanor Thompson    8    discovery 0.9066   ignored
r8  Aria Thompson       #185   Emma Hayes          9    discovery 0.8677   ignored
r8  Aria Thompson       #198   Nathan Brooks       10   discovery 0.4325   ignored
r8  Aria Thompson       #162   Ryan Johnson        11   discovery 0.4220   ignored
r8  Henry Farmer        #197   Sophie Green        0    network   0.7022   ignored
r8  Henry Farmer        #53    Sophie Green        1    network   -        ACTED
r8  Henry Farmer        #26    Sophie Green        2    network   -        ignored
r8  Henry Farmer        #168   Sophia Nguyen       3    fof       0.6391   ignored
r8  Henry Farmer        #119   Sophia Nguyen       4    fof       -        ignored
r8  Henry Farmer        #94    Sophia Nguyen       5    fof       -        ignored
r8  Henry Farmer        #196   James Thompson      6    discovery 0.8656   ignored
r8  Henry Farmer        #170   Eleanor Thompson    7    discovery 0.8061   ignored
r8  Henry Farmer        #164   Jake Thompson       8    discovery 0.8050   ignored
r8  Henry Farmer        #191   Maxwell Armstrong   9    discovery 0.8003   ignored
r8  Henry Farmer        #201   Emily Watson        10   discovery 0.6835   ignored
r8  Henry Farmer        #194   Eleanor Thompson    11   discovery 0.7754   ignored
r8  Ethan Grayson       #192   Emily Hayes         0    network   0.3546   ignored
r8  Ethan Grayson       #169   Emily Hayes         1    network   0.4037   ignored
r8  Ethan Grayson       #146   Emily Hayes         2    network   0.5923   ignored
r8  Ethan Grayson       #123   Emily Hayes         3    network   -        ignored
r8  Ethan Grayson       #97    Emily Hayes         4    network   -        ignored
r8  Ethan Grayson       #194   Eleanor Thompson    5    discovery 0.9067   ignored
r8  Ethan Grayson       #185   Emma Hayes          6    discovery 0.8990   ignored
r8  Ethan Grayson       #171   Bethany Davidson    7    discovery 0.8378   ignored
r8  Ethan Grayson       #170   Eleanor Thompson    8    discovery 0.7890   ignored
r8  Ethan Grayson       #196   James Thompson      9    discovery 0.7066   ignored
r8  Ethan Grayson       #200   Olivia Rodriguez    10   discovery 0.3533   ignored
r8  Ethan Grayson       #172   Steven Johnson      11   discovery 0.6506   ignored
r8  Sophia Nguyen       #197   Sophie Green        0    network   0.8464   ignored
r8  Sophia Nguyen       #53    Sophie Green        1    network   -        ACTED
r8  Sophia Nguyen       #26    Sophie Green        2    network   -        ignored
r8  Sophia Nguyen       #183   Ryan Johnson        3    discovery 0.8579   ignored
r8  Sophia Nguyen       #186   Jake Thompson       4    discovery 0.8531   ignored
r8  Sophia Nguyen       #192   Emily Hayes         5    discovery 0.8493   ignored
r8  Sophia Nguyen       #191   Maxwell Armstrong   6    discovery 0.8490   ignored
r8  Sophia Nguyen       #201   Emily Watson        7    discovery 0.8481   ignored
r8  Sophia Nguyen       #184   James Miller        8    discovery 0.8470   ignored
r8  Sophia Nguyen       #188   Henry Farmer        9    discovery 0.8460   ignored
r8  Sophia Nguyen       #199   Emily Thompson      10   discovery 0.7789   ignored
r8  Sophia Nguyen       #202   Cassandra Johnson   11   discovery 0.8391   ignored
r8  Samuel Reynolds     #173   Victoria Greene     0    network   -        ignored
r8  Samuel Reynolds     #151   Victoria Greene     1    network   -        ignored
r8  Samuel Reynolds     #128   Victoria Greene     2    network   0.4898   ignored
r8  Samuel Reynolds     #23    Victoria Greene     3    network   -        ignored
r8  Samuel Reynolds     #146   Emily Hayes         4    fof       0.5634   ACTED
r8  Samuel Reynolds     #169   Emily Hayes         5    fof       0.3690   ignored
r8  Samuel Reynolds     #192   Emily Hayes         6    fof       0.3254   ignored
r8  Samuel Reynolds     #185   Emma Hayes          7    discovery 0.9144   ignored
r8  Samuel Reynolds     #194   Eleanor Thompson    8    discovery 0.9016   ignored
r8  Samuel Reynolds     #171   Bethany Davidson    9    discovery 0.8460   ignored
r8  Samuel Reynolds     #166   Henry Farmer        10   discovery 0.3847   ignored
r8  Samuel Reynolds     #177   Carlos Rodriguez    11   discovery 0.3371   ignored
r8  Oliver Wang         #192   Emily Hayes         0    network   0.7326   ignored
r8  Oliver Wang         #169   Emily Hayes         1    network   0.7099   ignored
r8  Oliver Wang         #146   Emily Hayes         2    network   -        ignored
r8  Oliver Wang         #123   Emily Hayes         3    network   -        ACTED
r8  Oliver Wang         #97    Emily Hayes         4    network   -        ignored
r8  Oliver Wang         #182   Alexandra Whitmore  5    discovery 0.7609   ignored
r8  Oliver Wang         #184   James Miller        6    discovery 0.7580   ignored
r8  Oliver Wang         #183   Ryan Johnson        7    discovery 0.7579   ignored
r8  Oliver Wang         #188   Henry Farmer        8    discovery 0.7555   ignored
r8  Oliver Wang         #186   Jake Thompson       9    discovery 0.7408   ignored
r8  Oliver Wang         #174   Nathan Brooks       10   discovery 0.6722   ignored
r8  Oliver Wang         #201   Emily Watson        11   discovery 0.7373   ignored
r8  Maxwell Armstrong   #204   Emma Hayes          0    network   -        ignored
r8  Maxwell Armstrong   #185   Emma Hayes          1    network   0.9219   ignored
r8  Maxwell Armstrong   #139   Emma Hayes          2    network   0.6147   ignored
r8  Maxwell Armstrong   #114   Emma Hayes          3    network   -        ignored
r8  Maxwell Armstrong   #87    Emma Hayes          4    network   -        ignored
r8  Maxwell Armstrong   #196   James Thompson      5    fof       0.5834   ACTED
r8  Maxwell Armstrong   #152   James Thompson      6    fof       0.3551   ignored
r8  Maxwell Armstrong   #129   James Thompson      7    fof       -        ignored
r8  Maxwell Armstrong   #194   Eleanor Thompson    8    discovery 0.8536   ignored
r8  Maxwell Armstrong   #171   Bethany Davidson    9    discovery 0.8279   ignored
r8  Maxwell Armstrong   #162   Ryan Johnson        10   discovery 0.2761   ignored
r8  Maxwell Armstrong   #183   Ryan Johnson        11   discovery 0.2757   ignored
r8  Emily Hayes         #194   Eleanor Thompson    0    discovery 0.9065   ignored
r8  Emily Hayes         #185   Emma Hayes          1    discovery 0.8604   ignored
r8  Emily Hayes         #170   Eleanor Thompson    2    discovery 0.8251   ignored
r8  Emily Hayes         #171   Bethany Davidson    3    discovery 0.8163   ignored
r8  Emily Hayes         #196   James Thompson      4    discovery 0.7721   ignored
r8  Emily Hayes         #164   Jake Thompson       5    discovery 0.7397   ignored
r8  Emily Hayes         #139   Emma Hayes          6    discovery 0.7376   ignored
r8  Emily Hayes         #172   Steven Johnson      7    discovery 0.7109   ignored
r8  Emily Hayes         #191   Maxwell Armstrong   8    discovery 0.6007   ignored
r8  Emily Hayes         #128   Victoria Greene     9    discovery 0.5664   ignored
r8  Emily Hayes         #120   Samuel Reynolds     10   discovery 0.5022   ignored
r8  Emily Hayes         #193   Daniel Miller       11   discovery 0.4370   ignored
r8  Oliver Robinson     #154   Luna Reyes          0    network   -        ignored
r8  Oliver Robinson     #104   Luna Reyes          1    network   -        ACTED
r8  Oliver Robinson     #79    Luna Reyes          2    network   -        ignored
r8  Oliver Robinson     #52    Luna Reyes          3    network   -        ACTED
r8  Oliver Robinson     #25    Luna Reyes          4    network   -        ignored
r8  Oliver Robinson     #183   Ryan Johnson        5    discovery 0.8438   ignored
r8  Oliver Robinson     #188   Henry Farmer        6    discovery 0.8312   ignored
r8  Oliver Robinson     #202   Cassandra Johnson   7    discovery 0.8169   ignored
r8  Oliver Robinson     #192   Emily Hayes         8    discovery 0.8164   ignored
r8  Oliver Robinson     #189   Ethan Grayson       9    discovery 0.8164   ignored
r8  Oliver Robinson     #200   Olivia Rodriguez    10   discovery 0.7467   ignored
r8  Oliver Robinson     #181   Simon Greene        11   discovery 0.7609   ignored
r8  Daniel Miller       #204   Emma Hayes          0    network   -        ignored
r8  Daniel Miller       #185   Emma Hayes          1    network   -        ignored
r8  Daniel Miller       #139   Emma Hayes          2    network   -        ignored
r8  Daniel Miller       #114   Emma Hayes          3    network   -        ignored
r8  Daniel Miller       #87    Emma Hayes          4    network   -        ignored
r8  Daniel Miller       #196   James Thompson      5    fof       -        ACTED
r8  Daniel Miller       #152   James Thompson      6    fof       -        ignored
r8  Daniel Miller       #129   James Thompson      7    fof       -        ignored
r8  Daniel Miller       #192   Emily Hayes         8    discovery 0.8357   ignored
r8  Daniel Miller       #201   Emily Watson        9    discovery 0.8311   ignored
r8  Daniel Miller       #182   Alexandra Whitmore  10   discovery 0.8014   ignored
r8  Daniel Miller       #200   Olivia Rodriguez    11   discovery 0.7461   ignored
r8  Daniel Rivera       #173   Victoria Greene     0    network   0.6644   ignored
r8  Daniel Rivera       #151   Victoria Greene     1    network   -        ignored
r8  Daniel Rivera       #143   Aria Thompson       2    network   -        ignored
r8  Daniel Rivera       #128   Victoria Greene     3    network   -        ignored
r8  Daniel Rivera       #92    Aria Thompson       4    network   -        ignored
r8  Daniel Rivera       #146   Emily Hayes         5    fof       0.7112   ignored
r8  Daniel Rivera       #192   Emily Hayes         6    fof       0.6839   ignored
r8  Daniel Rivera       #169   Emily Hayes         7    fof       0.6686   ACTED
r8  Daniel Rivera       #196   James Thompson      8    discovery 0.8526   ignored
r8  Daniel Rivera       #164   Jake Thompson       9    discovery 0.7878   ignored
r8  Daniel Rivera       #189   Ethan Grayson       10   discovery 0.7145   ignored
r8  Daniel Rivera       #202   Cassandra Johnson   11   discovery 0.7025   ignored
r8  Eleanor Thompson    #185   Emma Hayes          0    discovery 0.9083   ignored
r8  Eleanor Thompson    #171   Bethany Davidson    1    discovery 0.8111   ignored
r8  Eleanor Thompson    #139   Emma Hayes          2    discovery 0.5869   ignored
r8  Eleanor Thompson    #196   James Thompson      3    discovery 0.5497   ignored
r8  Eleanor Thompson    #164   Jake Thompson       4    discovery 0.5319   ignored
r8  Eleanor Thompson    #172   Steven Johnson      5    discovery 0.5061   ignored
r8  Eleanor Thompson    #146   Emily Hayes         6    discovery 0.4652   ignored
r8  Eleanor Thompson    #128   Victoria Greene     7    discovery 0.3997   ignored
r8  Eleanor Thompson    #191   Maxwell Armstrong   8    discovery 0.3593   ignored
r8  Eleanor Thompson    #120   Samuel Reynolds     9    discovery 0.3279   ignored
r8  Eleanor Thompson    #169   Emily Hayes         10   discovery 0.2781   ignored
r8  Eleanor Thompson    #197   Sophie Green        11   discovery 0.2213   ignored
r8  Bethany Davidson    #143   Aria Thompson       0    network   -        ACTED
r8  Bethany Davidson    #92    Aria Thompson       1    network   -        ignored
r8  Bethany Davidson    #69    Aria Thompson       2    network   -        ignored
r8  Bethany Davidson    #42    Aria Thompson       3    network   -        ACTED
r8  Bethany Davidson    #8     Aria Thompson       4    network   -        ignored
r8  Bethany Davidson    #125   Daniel Rivera       5    fof       -        ignored
r8  Bethany Davidson    #99    Daniel Rivera       6    fof       -        ignored
r8  Bethany Davidson    #75    Daniel Rivera       7    fof       -        ignored
r8  Bethany Davidson    #185   Emma Hayes          8    discovery 0.8885   ignored
r8  Bethany Davidson    #194   Eleanor Thompson    9    discovery 0.8083   ignored
r8  Bethany Davidson    #146   Emily Hayes         10   discovery 0.4489   ignored
r8  Bethany Davidson    #166   Henry Farmer        11   discovery 0.2638   ignored
r8  Isabella Thompson   #196   James Thompson      0    network   0.8101   ignored
r8  Isabella Thompson   #152   James Thompson      1    network   -        ignored
r8  Isabella Thompson   #129   James Thompson      2    network   -        ignored
r8  Isabella Thompson   #102   James Thompson      3    network   -        ignored
r8  Isabella Thompson   #77    James Thompson      4    network   -        ignored
r8  Isabella Thompson   #192   Emily Hayes         5    fof       0.7914   ignored
r8  Isabella Thompson   #169   Emily Hayes         6    fof       0.7316   ignored
r8  Isabella Thompson   #209   Emily Hayes         7    fof       -        ignored
r8  Isabella Thompson   #184   James Miller        8    discovery 0.8105   ignored
r8  Isabella Thompson   #186   Jake Thompson       9    discovery 0.8062   ignored
r8  Isabella Thompson   #173   Victoria Greene     10   discovery 0.7668   ignored
r8  Isabella Thompson   #166   Henry Farmer        11   discovery 0.7335   ignored
r8  Steven Johnson      #185   Emma Hayes          0    discovery 0.9204   ignored
r8  Steven Johnson      #194   Eleanor Thompson    1    discovery 0.8527   ignored
r8  Steven Johnson      #171   Bethany Davidson    2    discovery 0.8277   ignored
r8  Steven Johnson      #170   Eleanor Thompson    3    discovery 0.6951   ignored
r8  Steven Johnson      #139   Emma Hayes          4    discovery 0.6083   ignored
r8  Steven Johnson      #196   James Thompson      5    discovery 0.5802   ignored
r8  Steven Johnson      #164   Jake Thompson       6    discovery 0.5556   ignored
r8  Steven Johnson      #146   Emily Hayes         7    discovery 0.4900   ignored
r8  Steven Johnson      #128   Victoria Greene     8    discovery 0.4222   ignored
r8  Steven Johnson      #191   Maxwell Armstrong   9    discovery 0.3813   ignored
r8  Steven Johnson      #182   Alexandra Whitmore  10   discovery 0.2826   ignored
r8  Steven Johnson      #169   Emily Hayes         11   discovery 0.2900   ignored
r8  Victoria Greene     #209   Emily Hayes         0    network   -        ignored
r8  Victoria Greene     #192   Emily Hayes         1    network   0.6077   ignored
r8  Victoria Greene     #169   Emily Hayes         2    network   0.5986   ignored
r8  Victoria Greene     #146   Emily Hayes         3    network   0.7085   ignored
r8  Victoria Greene     #123   Emily Hayes         4    network   -        ignored
r8  Victoria Greene     #196   James Thompson      5    discovery 0.8479   ignored
r8  Victoria Greene     #194   Eleanor Thompson    6    discovery 0.8416   ignored
r8  Victoria Greene     #170   Eleanor Thompson    7    discovery 0.8199   ignored
r8  Victoria Greene     #164   Jake Thompson       8    discovery 0.7985   ignored
r8  Victoria Greene     #172   Steven Johnson      9    discovery 0.7807   ignored
r8  Victoria Greene     #200   Olivia Rodriguez    10   discovery 0.5899   ignored
r8  Victoria Greene     #152   James Thompson      11   discovery 0.6348   ignored
r8  James Thompson      #209   Emily Hayes         0    network   -        ignored
r8  James Thompson      #192   Emily Hayes         1    network   -        ignored
r8  James Thompson      #169   Emily Hayes         2    network   0.2968   ignored
r8  James Thompson      #146   Emily Hayes         3    network   0.4893   ignored
r8  James Thompson      #123   Emily Hayes         4    network   -        ignored
r8  James Thompson      #185   Emma Hayes          5    discovery 0.9204   ignored
r8  James Thompson      #194   Eleanor Thompson    6    discovery 0.8504   ignored
r8  James Thompson      #171   Bethany Davidson    7    discovery 0.8262   ignored
r8  James Thompson      #170   Eleanor Thompson    8    discovery 0.6958   ignored
r8  James Thompson      #139   Emma Hayes          9    discovery 0.6094   ignored
r8  James Thompson      #190   Oliver Wang         10   discovery 0.2480   ignored
r8  James Thompson      #179   Henry Richardson    11   discovery 0.2715   ignored
r8  Michael Thompson    #204   Emma Hayes          0    network   -        ignored
r8  Michael Thompson    #185   Emma Hayes          1    network   -        ignored
r8  Michael Thompson    #139   Emma Hayes          2    network   -        ACTED
r8  Michael Thompson    #114   Emma Hayes          3    network   -        ignored
r8  Michael Thompson    #87    Emma Hayes          4    network   -        ignored
r8  Michael Thompson    #196   James Thompson      5    fof       0.8512   ignored
r8  Michael Thompson    #152   James Thompson      6    fof       -        ignored
r8  Michael Thompson    #129   James Thompson      7    fof       -        ignored
r8  Michael Thompson    #191   Maxwell Armstrong   8    discovery 0.8280   ignored
r8  Michael Thompson    #172   Steven Johnson      9    discovery 0.7837   ignored
r8  Michael Thompson    #202   Cassandra Johnson   10   discovery 0.7548   ignored
r8  Michael Thompson    #187   Emily Carter        11   discovery 0.7399   ignored
r8  Luna Reyes          #196   James Thompson      0    discovery 0.8531   ignored
r8  Luna Reyes          #170   Eleanor Thompson    1    discovery 0.8005   ignored
r8  Luna Reyes          #194   Eleanor Thompson    2    discovery 0.7925   ignored
r8  Luna Reyes          #172   Steven Johnson      3    discovery 0.7855   ignored
r8  Luna Reyes          #164   Jake Thompson       4    discovery 0.7844   ignored
r8  Luna Reyes          #191   Maxwell Armstrong   5    discovery 0.7685   ignored
r8  Luna Reyes          #139   Emma Hayes          6    discovery 0.7330   ignored
r8  Luna Reyes          #185   Emma Hayes          7    discovery 0.7171   ignored
r8  Luna Reyes          #146   Emily Hayes         8    discovery 0.7095   ignored
r8  Luna Reyes          #184   James Miller        9    discovery 0.6909   ignored
r8  Luna Reyes          #128   Victoria Greene     10   discovery 0.6300   ignored
r8  Luna Reyes          #192   Emily Hayes         11   discovery 0.6840   ignored
r8  Sophie Green        #168   Sophia Nguyen       0    network   0.7664   ACTED
r8  Sophie Green        #119   Sophia Nguyen       1    network   -        ACTED
r8  Sophie Green        #94    Sophia Nguyen       2    network   -        ignored
r8  Sophie Green        #71    Sophia Nguyen       3    network   -        ignored
r8  Sophie Green        #11    Sophia Nguyen       4    network   -        ignored
r8  Sophie Green        #183   Ryan Johnson        5    discovery 0.8526   ignored
r8  Sophie Green        #191   Maxwell Armstrong   6    discovery 0.8489   ignored
r8  Sophie Green        #186   Jake Thompson       7    discovery 0.8374   ignored
r8  Sophie Green        #188   Henry Farmer        8    discovery 0.8333   ignored
r8  Sophie Green        #202   Cassandra Johnson   9    discovery 0.8275   ignored
r8  Sophie Green        #193   Daniel Miller       10   discovery 0.7694   ignored
r8  Sophie Green        #173   Victoria Greene     11   discovery 0.7419   ignored
r8  Nathan Brooks       #196   James Thompson      0    discovery 0.8821   ignored
r8  Nathan Brooks       #194   Eleanor Thompson    1    discovery 0.8223   ignored
r8  Nathan Brooks       #170   Eleanor Thompson    2    discovery 0.8177   ignored
r8  Nathan Brooks       #172   Steven Johnson      3    discovery 0.8122   ignored
r8  Nathan Brooks       #164   Jake Thompson       4    discovery 0.8062   ignored
r8  Nathan Brooks       #191   Maxwell Armstrong   5    discovery 0.7623   ignored
r8  Nathan Brooks       #139   Emma Hayes          6    discovery 0.7470   ignored
r8  Nathan Brooks       #146   Emily Hayes         7    discovery 0.7361   ignored
r8  Nathan Brooks       #185   Emma Hayes          8    discovery 0.7274   ignored
r8  Nathan Brooks       #171   Bethany Davidson    9    discovery 0.7085   ignored
r8  Nathan Brooks       #201   Emily Watson        10   discovery 0.6419   ignored
r8  Nathan Brooks       #128   Victoria Greene     11   discovery 0.6513   ignored
r8  Emily Thompson      #196   James Thompson      0    network   0.7583   ignored
r8  Emily Thompson      #152   James Thompson      1    network   -        ignored
r8  Emily Thompson      #129   James Thompson      2    network   -        ignored
r8  Emily Thompson      #102   James Thompson      3    network   -        ignored
r8  Emily Thompson      #77    James Thompson      4    network   -        ignored
r8  Emily Thompson      #192   Emily Hayes         5    fof       0.8192   ignored
r8  Emily Thompson      #169   Emily Hayes         6    fof       0.7292   ignored
r8  Emily Thompson      #209   Emily Hayes         7    fof       -        ignored
r8  Emily Thompson      #186   Jake Thompson       8    discovery 0.8146   ignored
r8  Emily Thompson      #184   James Miller        9    discovery 0.8108   ignored
r8  Emily Thompson      #179   Henry Richardson    10   discovery 0.7408   ignored
r8  Emily Thompson      #189   Ethan Grayson       11   discovery 0.8085   ignored
r8  Olivia Garcia       #172   Steven Johnson      0    network   0.7726   ignored
r8  Olivia Garcia       #150   Steven Johnson      1    network   -        ACTED
r8  Olivia Garcia       #127   Steven Johnson      2    network   -        ACTED
r8  Olivia Garcia       #22    Steven Johnson      3    network   -        ACTED
r8  Olivia Garcia       #194   Eleanor Thompson    4    discovery 0.8431   ignored
r8  Olivia Garcia       #196   James Thompson      5    discovery 0.8392   ignored
r8  Olivia Garcia       #170   Eleanor Thompson    6    discovery 0.8234   ignored
r8  Olivia Garcia       #185   Emma Hayes          7    discovery 0.7778   ignored
r8  Olivia Garcia       #164   Jake Thompson       8    discovery 0.7708   ignored
r8  Olivia Garcia       #139   Emma Hayes          9    discovery 0.7472   ignored
r8  Olivia Garcia       #201   Emily Watson        10   discovery 0.6016   ignored
r8  Olivia Garcia       #146   Emily Hayes         11   discovery 0.7002   ignored
r8  Olivia Rodriguez    #198   Nathan Brooks       0    network   0.7728   ignored
r8  Olivia Rodriguez    #174   Nathan Brooks       1    network   0.7782   ignored
r8  Olivia Rodriguez    #155   Nathan Brooks       2    network   -        ACTED
r8  Olivia Rodriguez    #131   Nathan Brooks       3    network   -        ignored
r8  Olivia Rodriguez    #105   Nathan Brooks       4    network   -        ignored
r8  Olivia Rodriguez    #195   Isabella Thompson   5    discovery 0.8536   ignored
r8  Olivia Rodriguez    #183   Ryan Johnson        6    discovery 0.8329   ignored
r8  Olivia Rodriguez    #184   James Miller        7    discovery 0.8325   ignored
r8  Olivia Rodriguez    #187   Emily Carter        8    discovery 0.8259   ignored
r8  Olivia Rodriguez    #192   Emily Hayes         9    discovery 0.8227   ignored
r8  Olivia Rodriguez    #161   James Miller        10   discovery 0.7461   ignored
r8  Olivia Rodriguez    #199   Emily Thompson      11   discovery 0.7603   ignored
r8  Carlos Rodriguez    #209   Emily Hayes         0    network   -        ignored
r8  Carlos Rodriguez    #192   Emily Hayes         1    network   0.7801   ignored
r8  Carlos Rodriguez    #169   Emily Hayes         2    network   0.7087   ignored
r8  Carlos Rodriguez    #146   Emily Hayes         3    network   -        ACTED
r8  Carlos Rodriguez    #123   Emily Hayes         4    network   -        ACTED
r8  Carlos Rodriguez    #183   Ryan Johnson        5    discovery 0.8045   ignored
r8  Carlos Rodriguez    #197   Sophie Green        6    discovery 0.7963   ignored
r8  Carlos Rodriguez    #188   Henry Farmer        7    discovery 0.7908   ignored
r8  Carlos Rodriguez    #186   Jake Thompson       8    discovery 0.7842   ignored
r8  Carlos Rodriguez    #195   Isabella Thompson   9    discovery 0.7817   ignored
r8  Carlos Rodriguez    #187   Emily Carter        10   discovery 0.7593   ignored
r8  Carlos Rodriguez    #199   Emily Thompson      11   discovery 0.7511   ignored
r8  Emily Watson        #192   Emily Hayes         0    discovery 0.8782   ignored
r8  Emily Watson        #184   James Miller        1    discovery 0.8520   ignored
r8  Emily Watson        #189   Ethan Grayson       2    discovery 0.8478   ignored
r8  Emily Watson        #187   Emily Carter        3    discovery 0.8474   ignored
r8  Emily Watson        #191   Maxwell Armstrong   4    discovery 0.8393   ignored
r8  Emily Watson        #186   Jake Thompson       5    discovery 0.8379   ignored
r8  Emily Watson        #202   Cassandra Johnson   6    discovery 0.8368   ignored
r8  Emily Watson        #183   Ryan Johnson        7    discovery 0.8321   ignored
r8  Emily Watson        #195   Isabella Thompson   8    discovery 0.8177   ignored
r8  Emily Watson        #188   Henry Farmer        9    discovery 0.8146   ignored
r8  Emily Watson        #173   Victoria Greene     10   discovery 0.7771   ignored
r8  Emily Watson        #174   Nathan Brooks       11   discovery 0.7432   ignored
r8  Henry Richardson    #196   James Thompson      0    discovery 0.8377   ignored
r8  Henry Richardson    #194   Eleanor Thompson    1    discovery 0.8237   ignored
r8  Henry Richardson    #170   Eleanor Thompson    2    discovery 0.8106   ignored
r8  Henry Richardson    #172   Steven Johnson      3    discovery 0.7713   ignored
r8  Henry Richardson    #164   Jake Thompson       4    discovery 0.7701   ignored
r8  Henry Richardson    #185   Emma Hayes          5    discovery 0.7629   ignored
r8  Henry Richardson    #139   Emma Hayes          6    discovery 0.7383   ignored
r8  Henry Richardson    #191   Maxwell Armstrong   7    discovery 0.7345   ignored
r8  Henry Richardson    #171   Bethany Davidson    8    discovery 0.7283   ignored
r8  Henry Richardson    #146   Emily Hayes         9    discovery 0.6983   ignored
r8  Henry Richardson    #166   Henry Farmer        10   discovery 0.6262   ignored
r8  Henry Richardson    #181   Simon Greene        11   discovery 0.6061   ignored
r8  Cassandra Johnson   #192   Emily Hayes         0    discovery 0.8509   ignored
r8  Cassandra Johnson   #183   Ryan Johnson        1    discovery 0.8493   ignored
r8  Cassandra Johnson   #201   Emily Watson        2    discovery 0.8454   ignored
r8  Cassandra Johnson   #184   James Miller        3    discovery 0.8444   ignored
r8  Cassandra Johnson   #187   Emily Carter        4    discovery 0.8340   ignored
r8  Cassandra Johnson   #189   Ethan Grayson       5    discovery 0.8307   ignored
r8  Cassandra Johnson   #197   Sophie Green        6    discovery 0.8306   ignored
r8  Cassandra Johnson   #186   Jake Thompson       7    discovery 0.8295   ignored
r8  Cassandra Johnson   #191   Maxwell Armstrong   8    discovery 0.8273   ignored
r8  Cassandra Johnson   #188   Henry Farmer        9    discovery 0.8225   ignored
r8  Cassandra Johnson   #193   Daniel Miller       10   discovery 0.7805   ignored
r8  Cassandra Johnson   #198   Nathan Brooks       11   discovery 0.8014   ignored
r8  Simon Greene        #209   Emily Hayes         0    network   -        ignored
r8  Simon Greene        #192   Emily Hayes         1    network   -        ignored
r8  Simon Greene        #190   Oliver Wang         2    network   -        ignored
r8  Simon Greene        #169   Emily Hayes         3    network   0.3103   ignored
r8  Simon Greene        #146   Emily Hayes         4    network   0.5084   ignored
r8  Simon Greene        #185   Emma Hayes          5    discovery 0.9247   ignored
r8  Simon Greene        #194   Eleanor Thompson    6    discovery 0.8738   ignored
r8  Simon Greene        #171   Bethany Davidson    7    discovery 0.8396   ignored
r8  Simon Greene        #170   Eleanor Thompson    8    discovery 0.7205   ignored
r8  Simon Greene        #139   Emma Hayes          9    discovery 0.6321   ignored
r8  Simon Greene        #200   Olivia Rodriguez    10   discovery 0.2655   ignored
r8  Simon Greene        #172   Steven Johnson      11   discovery 0.5544   ignored
r9  James Miller        #210   Daniel Miller       0    discovery 0.8677   ignored
r9  James Miller        #211   Isabella Thompson   1    discovery 0.8586   ignored
r9  James Miller        #213   Olivia Rodriguez    2    discovery 0.8548   ignored
r9  James Miller        #216   Cassandra Johnson   3    discovery 0.8492   ignored
r9  James Miller        #209   Emily Hayes         4    discovery 0.8422   ignored
r9  James Miller        #214   Carlos Rodriguez    5    discovery 0.8383   ignored
r9  James Miller        #206   Henry Farmer        6    discovery 0.8310   ignored
r9  James Miller        #215   Emily Watson        7    discovery 0.8234   ignored
r9  James Miller        #208   Maxwell Armstrong   8    discovery 0.8218   ignored
r9  James Miller        #212   Emily Thompson      9    discovery 0.7999   ignored
r9  James Miller        #181   Simon Greene        10   discovery 0.7259   ignored
r9  James Miller        #199   Emily Thompson      11   discovery 0.7245   ignored
r9  Emma Hayes          #196   James Thompson      0    network   0.5322   ignored
r9  Emma Hayes          #152   James Thompson      1    network   0.3099   ignored
r9  Emma Hayes          #129   James Thompson      2    network   -        ignored
r9  Emma Hayes          #102   James Thompson      3    network   -        ignored
r9  Emma Hayes          #77    James Thompson      4    network   -        ignored
r9  Emma Hayes          #146   Emily Hayes         5    fof       0.4337   ignored
r9  Emma Hayes          #169   Emily Hayes         6    fof       0.2716   ignored
r9  Emma Hayes          #209   Emily Hayes         7    fof       0.2461   ignored
r9  Emma Hayes          #207   Ethan Grayson       8    discovery 0.9189   ignored
r9  Emma Hayes          #194   Eleanor Thompson    9    discovery 0.7813   ignored
r9  Emma Hayes          #202   Cassandra Johnson   10   discovery 0.2516   ignored
r9  Emma Hayes          #205   Simon Walker        11   discovery 0.6327   ignored
r9  Ryan Johnson        #197   Sophie Green        0    network   0.7722   ACTED
r9  Ryan Johnson        #53    Sophie Green        1    network   -        ignored
r9  Ryan Johnson        #26    Sophie Green        2    network   -        ignored
r9  Ryan Johnson        #168   Sophia Nguyen       3    fof       -        ACTED
r9  Ryan Johnson        #119   Sophia Nguyen       4    fof       -        ACTED
r9  Ryan Johnson        #94    Sophia Nguyen       5    fof       -        ignored
r9  Ryan Johnson        #210   Daniel Miller       6    discovery 0.8530   ignored
r9  Ryan Johnson        #213   Olivia Rodriguez    7    discovery 0.8454   ignored
r9  Ryan Johnson        #211   Isabella Thompson   8    discovery 0.8407   ignored
r9  Ryan Johnson        #206   Henry Farmer        9    discovery 0.8378   ignored
r9  Ryan Johnson        #189   Ethan Grayson       10   discovery 0.7642   ignored
r9  Ryan Johnson        #195   Isabella Thompson   11   discovery 0.7570   ignored
r9  Alexandra Whitmore  #171   Bethany Davidson    0    network   -        ignored
r9  Alexandra Whitmore  #101   Bethany Davidson    1    network   -        ignored
r9  Alexandra Whitmore  #76    Bethany Davidson    2    network   -        ignored
r9  Alexandra Whitmore  #49    Bethany Davidson    3    network   -        ignored
r9  Alexandra Whitmore  #20    Bethany Davidson    4    network   -        ignored
r9  Alexandra Whitmore  #143   Aria Thompson       5    fof       -        ignored
r9  Alexandra Whitmore  #92    Aria Thompson       6    fof       -        ACTED
r9  Alexandra Whitmore  #69    Aria Thompson       7    fof       -        ignored
r9  Alexandra Whitmore  #211   Isabella Thompson   8    discovery 0.8164   ignored
r9  Alexandra Whitmore  #216   Cassandra Johnson   9    discovery 0.8158   ignored
r9  Alexandra Whitmore  #208   Maxwell Armstrong   10   discovery 0.7522   ignored
r9  Alexandra Whitmore  #210   Daniel Miller       11   discovery 0.7952   ignored
r9  Jake Thompson       #204   Emma Hayes          0    discovery 0.8726   ignored
r9  Jake Thompson       #205   Simon Walker        1    discovery 0.8401   ignored
r9  Jake Thompson       #194   Eleanor Thompson    2    discovery 0.8125   ignored
r9  Jake Thompson       #207   Ethan Grayson       3    discovery 0.8124   ignored
r9  Jake Thompson       #170   Eleanor Thompson    4    discovery 0.7573   ignored
r9  Jake Thompson       #196   James Thompson      5    discovery 0.7493   ignored
r9  Jake Thompson       #185   Emma Hayes          6    discovery 0.7489   ignored
r9  Jake Thompson       #171   Bethany Davidson    7    discovery 0.7078   ignored
r9  Jake Thompson       #172   Steven Johnson      8    discovery 0.6796   ignored
r9  Jake Thompson       #139   Emma Hayes          9    discovery 0.6684   ignored
r9  Jake Thompson       #215   Emily Watson        10   discovery 0.5371   ignored
r9  Jake Thompson       #206   Henry Farmer        11   discovery 0.5139   ignored
r9  Simon Walker        #204   Emma Hayes          0    network   0.6532   ACTED
r9  Simon Walker        #185   Emma Hayes          1    network   0.8375   ACTED
r9  Simon Walker        #139   Emma Hayes          2    network   0.5229   ACTED
r9  Simon Walker        #114   Emma Hayes          3    network   -        ignored
r9  Simon Walker        #87    Emma Hayes          4    network   -        ignored
r9  Simon Walker        #196   James Thompson      5    fof       0.5069   ignored
r9  Simon Walker        #152   James Thompson      6    fof       0.2926   ignored
r9  Simon Walker        #129   James Thompson      7    fof       -        ignored
r9  Simon Walker        #207   Ethan Grayson       8    discovery 0.9095   ignored
r9  Simon Walker        #194   Eleanor Thompson    9    discovery 0.7633   ignored
r9  Simon Walker        #179   Henry Richardson    10   discovery 0.2340   ignored
r9  Simon Walker        #189   Ethan Grayson       11   discovery 0.2291   ignored
r9  Emily Carter        #204   Emma Hayes          0    discovery 0.8939   ignored
r9  Emily Carter        #205   Simon Walker        1    discovery 0.8653   ignored
r9  Emily Carter        #194   Eleanor Thompson    2    discovery 0.7984   ignored
r9  Emily Carter        #196   James Thompson      3    discovery 0.7781   ignored
r9  Emily Carter        #207   Ethan Grayson       4    discovery 0.7769   ignored
r9  Emily Carter        #170   Eleanor Thompson    5    discovery 0.7604   ignored
r9  Emily Carter        #164   Jake Thompson       6    discovery 0.7324   ignored
r9  Emily Carter        #185   Emma Hayes          7    discovery 0.7159   ignored
r9  Emily Carter        #172   Steven Johnson      8    discovery 0.7058   ignored
r9  Emily Carter        #171   Bethany Davidson    9    discovery 0.6856   ignored
r9  Emily Carter        #186   Jake Thompson       10   discovery 0.5628   ignored
r9  Emily Carter        #202   Cassandra Johnson   11   discovery 0.5548   ignored
r9  Aria Thompson       #125   Daniel Rivera       0    network   -        ignored
r9  Aria Thompson       #99    Daniel Rivera       1    network   -        ignored
r9  Aria Thompson       #75    Daniel Rivera       2    network   -        ignored
r9  Aria Thompson       #48    Daniel Rivera       3    network   -        ignored
r9  Aria Thompson       #18    Daniel Rivera       4    network   -        ignored
r9  Aria Thompson       #128   Victoria Greene     5    fof       0.4743   ignored
r9  Aria Thompson       #173   Victoria Greene     6    fof       -        ignored
r9  Aria Thompson       #151   Victoria Greene     7    fof       -        ACTED
r9  Aria Thompson       #207   Ethan Grayson       8    discovery 0.8664   ignored
r9  Aria Thompson       #204   Emma Hayes          9    discovery 0.8367   ignored
r9  Aria Thompson       #185   Emma Hayes          10   discovery 0.7990   ignored
r9  Aria Thompson       #196   James Thompson      11   discovery 0.6909   ignored
r9  Henry Farmer        #197   Sophie Green        0    network   0.6465   ignored
r9  Henry Farmer        #53    Sophie Green        1    network   -        ACTED
r9  Henry Farmer        #26    Sophie Green        2    network   -        ignored
r9  Henry Farmer        #168   Sophia Nguyen       3    fof       -        ignored
r9  Henry Farmer        #119   Sophia Nguyen       4    fof       -        ignored
r9  Henry Farmer        #94    Sophia Nguyen       5    fof       -        ignored
r9  Henry Farmer        #204   Emma Hayes          6    discovery 0.8742   ignored
r9  Henry Farmer        #205   Simon Walker        7    discovery 0.8554   ignored
r9  Henry Farmer        #196   James Thompson      8    discovery 0.7970   ignored
r9  Henry Farmer        #191   Maxwell Armstrong   9    discovery 0.7368   ignored
r9  Henry Farmer        #183   Ryan Johnson        10   discovery 0.6609   ignored
r9  Henry Farmer        #216   Cassandra Johnson   11   discovery 0.6861   ignored
r9  Ethan Grayson       #209   Emily Hayes         0    network   -        ignored
r9  Ethan Grayson       #192   Emily Hayes         1    network   -        ignored
r9  Ethan Grayson       #169   Emily Hayes         2    network   0.2440   ignored
r9  Ethan Grayson       #146   Emily Hayes         3    network   0.3969   ignored
r9  Ethan Grayson       #123   Emily Hayes         4    network   -        ignored
r9  Ethan Grayson       #185   Emma Hayes          5    discovery 0.8184   ignored
r9  Ethan Grayson       #194   Eleanor Thompson    6    discovery 0.7429   ignored
r9  Ethan Grayson       #171   Bethany Davidson    7    discovery 0.7168   ignored
r9  Ethan Grayson       #204   Emma Hayes          8    discovery 0.6297   ignored
r9  Ethan Grayson       #170   Eleanor Thompson    9    discovery 0.5901   ignored
r9  Ethan Grayson       #120   Samuel Reynolds     10   discovery 0.2699   ignored
r9  Ethan Grayson       #212   Emily Thompson      11   discovery 0.2353   ignored
r9  Sophia Nguyen       #197   Sophie Green        0    network   0.7794   ignored
r9  Sophia Nguyen       #53    Sophie Green        1    network   -        ACTED
r9  Sophia Nguyen       #26    Sophie Green        2    network   -        ignored
r9  Sophia Nguyen       #210   Daniel Miller       3    discovery 0.8577   ACTED
r9  Sophia Nguyen       #215   Emily Watson        4    discovery 0.8536   ignored
r9  Sophia Nguyen       #213   Olivia Rodriguez    5    discovery 0.8493   ignored
r9  Sophia Nguyen       #206   Henry Farmer        6    discovery 0.8460   ignored
r9  Sophia Nguyen       #211   Isabella Thompson   7    discovery 0.8400   ignored
r9  Sophia Nguyen       #208   Maxwell Armstrong   8    discovery 0.8384   ignored
r9  Sophia Nguyen       #214   Carlos Rodriguez    9    discovery 0.8336   ignored
r9  Sophia Nguyen       #187   Emily Carter        10   discovery 0.7640   ignored
r9  Sophia Nguyen       #212   Emily Thompson      11   discovery 0.7962   ACTED
r9  Samuel Reynolds     #173   Victoria Greene     0    network   -        ignored
r9  Samuel Reynolds     #151   Victoria Greene     1    network   -        ignored
r9  Samuel Reynolds     #128   Victoria Greene     2    network   0.4226   ignored
r9  Samuel Reynolds     #23    Victoria Greene     3    network   -        ignored
r9  Samuel Reynolds     #146   Emily Hayes         4    fof       0.5007   ACTED
r9  Samuel Reynolds     #169   Emily Hayes         5    fof       0.3347   ignored
r9  Samuel Reynolds     #209   Emily Hayes         6    fof       0.3323   ignored
r9  Samuel Reynolds     #207   Ethan Grayson       7    discovery 0.9142   ignored
r9  Samuel Reynolds     #185   Emma Hayes          8    discovery 0.8420   ignored
r9  Samuel Reynolds     #194   Eleanor Thompson    9    discovery 0.8302   ignored
r9  Samuel Reynolds     #184   James Miller        10   discovery 0.3306   ignored
r9  Samuel Reynolds     #202   Cassandra Johnson   11   discovery 0.3375   ignored
r9  Oliver Wang         #209   Emily Hayes         0    network   0.6998   ignored
r9  Oliver Wang         #192   Emily Hayes         1    network   0.6745   ignored
r9  Oliver Wang         #169   Emily Hayes         2    network   -        ignored
r9  Oliver Wang         #146   Emily Hayes         3    network   -        ignored
r9  Oliver Wang         #123   Emily Hayes         4    network   -        ACTED
r9  Oliver Wang         #206   Henry Farmer        5    discovery 0.7555   ignored
r9  Oliver Wang         #210   Daniel Miller       6    discovery 0.7529   ignored
r9  Oliver Wang         #211   Isabella Thompson   7    discovery 0.7427   ignored
r9  Oliver Wang         #215   Emily Watson        8    discovery 0.7418   ignored
r9  Oliver Wang         #213   Olivia Rodriguez    9    discovery 0.7326   ignored
r9  Oliver Wang         #162   Ryan Johnson        10   discovery 0.6541   ignored
r9  Oliver Wang         #186   Jake Thompson       11   discovery 0.6821   ignored
r9  Maxwell Armstrong   #204   Emma Hayes          0    network   0.8596   ignored
r9  Maxwell Armstrong   #185   Emma Hayes          1    network   0.6335   ignored
r9  Maxwell Armstrong   #139   Emma Hayes          2    network   0.6398   ignored
r9  Maxwell Armstrong   #114   Emma Hayes          3    network   -        ignored
r9  Maxwell Armstrong   #87    Emma Hayes          4    network   -        ignored
r9  Maxwell Armstrong   #196   James Thompson      5    fof       0.7937   ACTED
r9  Maxwell Armstrong   #152   James Thompson      6    fof       -        ignored
r9  Maxwell Armstrong   #129   James Thompson      7    fof       -        ignored
r9  Maxwell Armstrong   #205   Simon Walker        8    discovery 0.8510   ACTED
r9  Maxwell Armstrong   #172   Steven Johnson      9    discovery 0.7199   ignored
r9  Maxwell Armstrong   #146   Emily Hayes         10   discovery 0.6377   ignored
r9  Maxwell Armstrong   #184   James Miller        11   discovery 0.6359   ignored
r9  Emily Hayes         #204   Emma Hayes          0    discovery 0.8949   ignored
r9  Emily Hayes         #205   Simon Walker        1    discovery 0.8708   ignored
r9  Emily Hayes         #194   Eleanor Thompson    2    discovery 0.7928   ignored
r9  Emily Hayes         #196   James Thompson      3    discovery 0.7811   ignored
r9  Emily Hayes         #207   Ethan Grayson       4    discovery 0.7670   ignored
r9  Emily Hayes         #170   Eleanor Thompson    5    discovery 0.7534   ignored
r9  Emily Hayes         #164   Jake Thompson       6    discovery 0.7342   ignored
r9  Emily Hayes         #172   Steven Johnson      7    discovery 0.7085   ignored
r9  Emily Hayes         #185   Emma Hayes          8    discovery 0.7068   ignored
r9  Emily Hayes         #171   Bethany Davidson    9    discovery 0.6768   ignored
r9  Emily Hayes         #198   Nathan Brooks       10   discovery 0.5613   ignored
r9  Emily Hayes         #215   Emily Watson        11   discovery 0.5878   ignored
r9  Oliver Robinson     #154   Luna Reyes          0    network   -        ignored
r9  Oliver Robinson     #104   Luna Reyes          1    network   -        ACTED
r9  Oliver Robinson     #79    Luna Reyes          2    network   -        ignored
r9  Oliver Robinson     #52    Luna Reyes          3    network   -        ACTED
r9  Oliver Robinson     #25    Luna Reyes          4    network   -        ignored
r9  Oliver Robinson     #210   Daniel Miller       5    discovery 0.8331   ignored
r9  Oliver Robinson     #206   Henry Farmer        6    discovery 0.8312   ignored
r9  Oliver Robinson     #215   Emily Watson        7    discovery 0.8297   ignored
r9  Oliver Robinson     #211   Isabella Thompson   8    discovery 0.8211   ignored
r9  Oliver Robinson     #213   Olivia Rodriguez    9    discovery 0.8164   ignored
r9  Oliver Robinson     #188   Henry Farmer        10   discovery 0.7653   ignored
r9  Oliver Robinson     #214   Carlos Rodriguez    11   discovery 0.8152   ignored
r9  Daniel Miller       #204   Emma Hayes          0    network   0.7656   ignored
r9  Daniel Miller       #185   Emma Hayes          1    network   -        ignored
r9  Daniel Miller       #139   Emma Hayes          2    network   -        ignored
r9  Daniel Miller       #114   Emma Hayes          3    network   -        ignored
r9  Daniel Miller       #87    Emma Hayes          4    network   -        ignored
r9  Daniel Miller       #196   James Thompson      5    fof       0.7573   ACTED
r9  Daniel Miller       #152   James Thompson      6    fof       -        ignored
r9  Daniel Miller       #129   James Thompson      7    fof       -        ignored
r9  Daniel Miller       #213   Olivia Rodriguez    8    discovery 0.8544   ignored
r9  Daniel Miller       #211   Isabella Thompson   9    discovery 0.8247   ignored
r9  Daniel Miller       #188   Henry Farmer        10   discovery 0.7330   ignored
r9  Daniel Miller       #162   Ryan Johnson        11   discovery 0.7066   ignored
r9  Daniel Rivera       #173   Victoria Greene     0    network   -        ignored
r9  Daniel Rivera       #151   Victoria Greene     1    network   -        ignored
r9  Daniel Rivera       #143   Aria Thompson       2    network   -        ignored
r9  Daniel Rivera       #128   Victoria Greene     3    network   -        ignored
r9  Daniel Rivera       #92    Aria Thompson       4    network   -        ignored
r9  Daniel Rivera       #209   Emily Hayes         5    fof       0.6888   ACTED
r9  Daniel Rivera       #146   Emily Hayes         6    fof       0.6320   ignored
r9  Daniel Rivera       #192   Emily Hayes         7    fof       -        ignored
r9  Daniel Rivera       #204   Emma Hayes          8    discovery 0.8662   ignored
r9  Daniel Rivera       #205   Simon Walker        9    discovery 0.8441   ignored
r9  Daniel Rivera       #211   Isabella Thompson   10   discovery 0.7058   ignored
r9  Daniel Rivera       #139   Emma Hayes          11   discovery 0.6437   ignored
r9  Eleanor Thompson    #207   Ethan Grayson       0    discovery 0.9077   ignored
r9  Eleanor Thompson    #185   Emma Hayes          1    discovery 0.8363   ignored
r9  Eleanor Thompson    #171   Bethany Davidson    2    discovery 0.7357   ignored
r9  Eleanor Thompson    #204   Emma Hayes          3    discovery 0.6534   ignored
r9  Eleanor Thompson    #205   Simon Walker        4    discovery 0.6076   ignored
r9  Eleanor Thompson    #139   Emma Hayes          5    discovery 0.5216   ignored
r9  Eleanor Thompson    #196   James Thompson      6    discovery 0.5061   ignored
r9  Eleanor Thompson    #164   Jake Thompson       7    discovery 0.4825   ignored
r9  Eleanor Thompson    #172   Steven Johnson      8    discovery 0.4591   ignored
r9  Eleanor Thompson    #146   Emily Hayes         9    discovery 0.4134   ignored
r9  Eleanor Thompson    #182   Alexandra Whitmore  10   discovery 0.2486   ignored
r9  Eleanor Thompson    #212   Emily Thompson      11   discovery 0.2491   ignored
r9  Bethany Davidson    #143   Aria Thompson       0    network   -        ACTED
r9  Bethany Davidson    #92    Aria Thompson       1    network   -        ignored
r9  Bethany Davidson    #69    Aria Thompson       2    network   -        ignored
r9  Bethany Davidson    #42    Aria Thompson       3    network   -        ACTED
r9  Bethany Davidson    #8     Aria Thompson       4    network   -        ignored
r9  Bethany Davidson    #125   Daniel Rivera       5    fof       -        ignored
r9  Bethany Davidson    #99    Daniel Rivera       6    fof       -        ignored
r9  Bethany Davidson    #75    Daniel Rivera       7    fof       -        ignored
r9  Bethany Davidson    #207   Ethan Grayson       8    discovery 0.8875   ignored
r9  Bethany Davidson    #185   Emma Hayes          9    discovery 0.8181   ignored
r9  Bethany Davidson    #203   James Miller        10   discovery 0.2171   ignored
r9  Bethany Davidson    #202   Cassandra Johnson   11   discovery 0.2192   ignored
r9  Isabella Thompson   #196   James Thompson      0    network   0.7825   ignored
r9  Isabella Thompson   #152   James Thompson      1    network   -        ignored
r9  Isabella Thompson   #129   James Thompson      2    network   -        ignored
r9  Isabella Thompson   #102   James Thompson      3    network   -        ignored
r9  Isabella Thompson   #77    James Thompson      4    network   -        ignored
r9  Isabella Thompson   #209   Emily Hayes         5    fof       0.8263   ignored
r9  Isabella Thompson   #192   Emily Hayes         6    fof       0.7438   ignored
r9  Isabella Thompson   #169   Emily Hayes         7    fof       -        ignored
r9  Isabella Thompson   #216   Cassandra Johnson   8    discovery 0.8320   ignored
r9  Isabella Thompson   #214   Carlos Rodriguez    9    discovery 0.8266   ignored
r9  Isabella Thompson   #162   Ryan Johnson        10   discovery 0.7036   ignored
r9  Isabella Thompson   #188   Henry Farmer        11   discovery 0.7517   ignored
r9  Steven Johnson      #207   Ethan Grayson       0    discovery 0.9203   ignored
r9  Steven Johnson      #185   Emma Hayes          1    discovery 0.8474   ignored
r9  Steven Johnson      #194   Eleanor Thompson    2    discovery 0.7852   ignored
r9  Steven Johnson      #171   Bethany Davidson    3    discovery 0.7508   ignored
r9  Steven Johnson      #204   Emma Hayes          4    discovery 0.6847   ignored
r9  Steven Johnson      #205   Simon Walker        5    discovery 0.6322   ignored
r9  Steven Johnson      #170   Eleanor Thompson    6    discovery 0.6304   ignored
r9  Steven Johnson      #139   Emma Hayes          7    discovery 0.5405   ignored
r9  Steven Johnson      #196   James Thompson      8    discovery 0.5342   ignored
r9  Steven Johnson      #164   Jake Thompson       9    discovery 0.5040   ignored
r9  Steven Johnson      #128   Victoria Greene     10   discovery 0.3643   ignored
r9  Steven Johnson      #152   James Thompson      11   discovery 0.3059   ignored
r9  Victoria Greene     #209   Emily Hayes         0    network   0.6113   ignored
r9  Victoria Greene     #192   Emily Hayes         1    network   -        ignored
r9  Victoria Greene     #169   Emily Hayes         2    network   -        ignored
r9  Victoria Greene     #146   Emily Hayes         3    network   0.6296   ignored
r9  Victoria Greene     #123   Emily Hayes         4    network   -        ignored
r9  Victoria Greene     #204   Emma Hayes          5    discovery 0.8808   ignored
r9  Victoria Greene     #205   Simon Walker        6    discovery 0.8701   ignored
r9  Victoria Greene     #196   James Thompson      7    discovery 0.7807   ignored
r9  Victoria Greene     #194   Eleanor Thompson    8    discovery 0.7749   ignored
r9  Victoria Greene     #207   Ethan Grayson       9    discovery 0.7526   ignored
r9  Victoria Greene     #202   Cassandra Johnson   10   discovery 0.5793   ignored
r9  Victoria Greene     #210   Daniel Miller       11   discovery 0.6266   ignored
r9  James Thompson      #209   Emily Hayes         0    network   0.2420   ignored
r9  James Thompson      #192   Emily Hayes         1    network   -        ignored
r9  James Thompson      #169   Emily Hayes         2    network   0.2692   ignored
r9  James Thompson      #146   Emily Hayes         3    network   0.4348   ignored
r9  James Thompson      #123   Emily Hayes         4    network   -        ignored
r9  James Thompson      #207   Ethan Grayson       5    discovery 0.9206   ignored
r9  James Thompson      #185   Emma Hayes          6    discovery 0.8475   ignored
r9  James Thompson      #194   Eleanor Thompson    7    discovery 0.7830   ignored
r9  James Thompson      #171   Bethany Davidson    8    discovery 0.7494   ignored
r9  James Thompson      #204   Emma Hayes          9    discovery 0.6831   ignored
r9  James Thompson      #162   Ryan Johnson        10   discovery 0.2457   ignored
r9  James Thompson      #182   Alexandra Whitmore  11   discovery 0.2644   ignored
r9  Michael Thompson    #204   Emma Hayes          0    network   0.8197   ignored
r9  Michael Thompson    #185   Emma Hayes          1    network   -        ignored
r9  Michael Thompson    #139   Emma Hayes          2    network   -        ACTED
r9  Michael Thompson    #114   Emma Hayes          3    network   -        ignored
r9  Michael Thompson    #87    Emma Hayes          4    network   -        ignored
r9  Michael Thompson    #196   James Thompson      5    fof       0.7837   ignored
r9  Michael Thompson    #152   James Thompson      6    fof       -        ignored
r9  Michael Thompson    #129   James Thompson      7    fof       -        ignored
r9  Michael Thompson    #205   Simon Walker        8    discovery 0.7961   ignored
r9  Michael Thompson    #210   Daniel Miller       9    discovery 0.7874   ignored
r9  Michael Thompson    #164   Jake Thompson       10   discovery 0.6838   ignored
r9  Michael Thompson    #187   Emily Carter        11   discovery 0.6813   ignored
r9  Luna Reyes          #204   Emma Hayes          0    discovery 0.8686   ignored
r9  Luna Reyes          #205   Simon Walker        1    discovery 0.8360   ignored
r9  Luna Reyes          #196   James Thompson      2    discovery 0.7855   ignored
r9  Luna Reyes          #194   Eleanor Thompson    3    discovery 0.7297   ignored
r9  Luna Reyes          #170   Eleanor Thompson    4    discovery 0.7261   ignored
r9  Luna Reyes          #207   Ethan Grayson       5    discovery 0.7171   ignored
r9  Luna Reyes          #172   Steven Johnson      6    discovery 0.7125   ignored
r9  Luna Reyes          #164   Jake Thompson       7    discovery 0.7115   ignored
r9  Luna Reyes          #191   Maxwell Armstrong   8    discovery 0.7076   ignored
r9  Luna Reyes          #210   Daniel Miller       9    discovery 0.6948   ignored
r9  Luna Reyes          #209   Emily Hayes         10   discovery 0.6512   ignored
r9  Luna Reyes          #202   Cassandra Johnson   11   discovery 0.6246   ignored
r9  Sophie Green        #222   Sophia Nguyen       0    network   -        ignored
r9  Sophie Green        #168   Sophia Nguyen       1    network   0.6952   ACTED
r9  Sophie Green        #119   Sophia Nguyen       2    network   -        ACTED
r9  Sophie Green        #94    Sophia Nguyen       3    network   -        ignored
r9  Sophie Green        #71    Sophia Nguyen       4    network   -        ignored
r9  Sophie Green        #210   Daniel Miller       5    fof       0.8198   ignored
r9  Sophie Green        #212   Emily Thompson      6    fof       0.7610   ignored
r9  Sophie Green        #193   Daniel Miller       7    fof       0.7084   ignored
r9  Sophie Green        #215   Emily Watson        8    discovery 0.8490   ignored
r9  Sophie Green        #206   Henry Farmer        9    discovery 0.8333   ignored
r9  Sophie Green        #187   Emily Carter        10   discovery 0.7458   ignored
r9  Sophie Green        #186   Jake Thompson       11   discovery 0.7710   ignored
r9  Nathan Brooks       #204   Emma Hayes          0    discovery 0.9002   ignored
r9  Nathan Brooks       #205   Simon Walker        1    discovery 0.8600   ignored
r9  Nathan Brooks       #196   James Thompson      2    discovery 0.8122   ignored
r9  Nathan Brooks       #194   Eleanor Thompson    3    discovery 0.7572   ignored
r9  Nathan Brooks       #170   Eleanor Thompson    4    discovery 0.7417   ignored
r9  Nathan Brooks       #172   Steven Johnson      5    discovery 0.7367   ignored
r9  Nathan Brooks       #164   Jake Thompson       6    discovery 0.7313   ignored
r9  Nathan Brooks       #207   Ethan Grayson       7    discovery 0.7264   ignored
r9  Nathan Brooks       #191   Maxwell Armstrong   8    discovery 0.7019   ignored
r9  Nathan Brooks       #211   Isabella Thompson   9    discovery 0.6835   ignored
r9  Nathan Brooks       #214   Carlos Rodriguez    10   discovery 0.6443   ignored
r9  Nathan Brooks       #182   Alexandra Whitmore  11   discovery 0.6411   ignored
r9  Emily Thompson      #196   James Thompson      0    network   0.7145   ignored
r9  Emily Thompson      #152   James Thompson      1    network   -        ignored
r9  Emily Thompson      #129   James Thompson      2    network   -        ignored
r9  Emily Thompson      #102   James Thompson      3    network   -        ignored
r9  Emily Thompson      #77    James Thompson      4    network   -        ignored
r9  Emily Thompson      #209   Emily Hayes         5    fof       0.8524   ignored
r9  Emily Thompson      #192   Emily Hayes         6    fof       0.7904   ignored
r9  Emily Thompson      #169   Emily Hayes         7    fof       -        ignored
r9  Emily Thompson      #210   Daniel Miller       8    discovery 0.8642   ignored
r9  Emily Thompson      #213   Olivia Rodriguez    9    discovery 0.8585   ignored
r9  Emily Thompson      #198   Nathan Brooks       10   discovery 0.7861   ignored
r9  Emily Thompson      #188   Henry Farmer        11   discovery 0.7593   ignored
r9  Olivia Garcia       #172   Steven Johnson      0    network   0.7008   ignored
r9  Olivia Garcia       #150   Steven Johnson      1    network   -        ACTED
r9  Olivia Garcia       #127   Steven Johnson      2    network   -        ACTED
r9  Olivia Garcia       #22    Steven Johnson      3    network   -        ACTED
r9  Olivia Garcia       #204   Emma Hayes          4    discovery 0.8737   ignored
r9  Olivia Garcia       #205   Simon Walker        5    discovery 0.8389   ignored
r9  Olivia Garcia       #207   Ethan Grayson       6    discovery 0.7765   ignored
r9  Olivia Garcia       #194   Eleanor Thompson    7    discovery 0.7763   ignored
r9  Olivia Garcia       #196   James Thompson      8    discovery 0.7726   ignored
r9  Olivia Garcia       #170   Eleanor Thompson    9    discovery 0.7469   ignored
r9  Olivia Garcia       #191   Maxwell Armstrong   10   discovery 0.6534   ignored
r9  Olivia Garcia       #185   Emma Hayes          11   discovery 0.7162   ignored
r9  Olivia Rodriguez    #198   Nathan Brooks       0    network   -        ignored
r9  Olivia Rodriguez    #174   Nathan Brooks       1    network   -        ignored
r9  Olivia Rodriguez    #155   Nathan Brooks       2    network   -        ACTED
r9  Olivia Rodriguez    #131   Nathan Brooks       3    network   -        ignored
r9  Olivia Rodriguez    #105   Nathan Brooks       4    network   -        ignored
r9  Olivia Rodriguez    #204   Emma Hayes          5    discovery 0.8412   ignored
r9  Olivia Rodriguez    #205   Simon Walker        6    discovery 0.8281   ignored
r9  Olivia Rodriguez    #210   Daniel Miller       7    discovery 0.7999   ignored
r9  Olivia Rodriguez    #196   James Thompson      8    discovery 0.7944   ignored
r9  Olivia Rodriguez    #211   Isabella Thompson   9    discovery 0.7633   ignored
r9  Olivia Rodriguez    #172   Steven Johnson      10   discovery 0.7206   ignored
r9  Olivia Rodriguez    #189   Ethan Grayson       11   discovery 0.7024   ignored
r9  Carlos Rodriguez    #209   Emily Hayes         0    network   0.7779   ignored
r9  Carlos Rodriguez    #192   Emily Hayes         1    network   0.6988   ignored
r9  Carlos Rodriguez    #169   Emily Hayes         2    network   -        ignored
r9  Carlos Rodriguez    #146   Emily Hayes         3    network   -        ACTED
r9  Carlos Rodriguez    #123   Emily Hayes         4    network   -        ACTED
r9  Carlos Rodriguez    #205   Simon Walker        5    discovery 0.8033   ignored
r9  Carlos Rodriguez    #211   Isabella Thompson   6    discovery 0.7825   ignored
r9  Carlos Rodriguez    #204   Emma Hayes          7    discovery 0.7742   ignored
r9  Carlos Rodriguez    #216   Cassandra Johnson   8    discovery 0.7706   ignored
r9  Carlos Rodriguez    #213   Olivia Rodriguez    9    discovery 0.7590   ignored
r9  Carlos Rodriguez    #208   Maxwell Armstrong   10   discovery 0.7438   ignored
r9  Carlos Rodriguez    #189   Ethan Grayson       11   discovery 0.7095   ignored
r9  Emily Watson        #210   Daniel Miller       0    discovery 0.8589   ignored
r9  Emily Watson        #213   Olivia Rodriguez    1    discovery 0.8528   ignored
r9  Emily Watson        #206   Henry Farmer        2    discovery 0.8382   ignored
r9  Emily Watson        #211   Isabella Thompson   3    discovery 0.8360   ignored
r9  Emily Watson        #216   Cassandra Johnson   4    discovery 0.8288   ignored
r9  Emily Watson        #208   Maxwell Armstrong   5    discovery 0.8267   ignored
r9  Emily Watson        #214   Carlos Rodriguez    6    discovery 0.8221   ignored
r9  Emily Watson        #203   James Miller        7    discovery 0.8167   ignored
r9  Emily Watson        #209   Emily Hayes         8    discovery 0.8118   ignored
r9  Emily Watson        #192   Emily Hayes         9    discovery 0.7852   ignored
r9  Emily Watson        #189   Ethan Grayson       10   discovery 0.7752   ignored
r9  Emily Watson        #179   Henry Richardson    11   discovery 0.7170   ignored
r9  Henry Richardson    #204   Emma Hayes          0    discovery 0.8661   ACTED
r9  Henry Richardson    #205   Simon Walker        1    discovery 0.8252   ACTED
r9  Henry Richardson    #196   James Thompson      2    discovery 0.7713   ignored
r9  Henry Richardson    #207   Ethan Grayson       3    discovery 0.7625   ignored
r9  Henry Richardson    #194   Eleanor Thompson    4    discovery 0.7584   ignored
r9  Henry Richardson    #170   Eleanor Thompson    5    discovery 0.7353   ignored
r9  Henry Richardson    #185   Emma Hayes          6    discovery 0.7025   ignored
r9  Henry Richardson    #172   Steven Johnson      7    discovery 0.6996   ignored
r9  Henry Richardson    #164   Jake Thompson       8    discovery 0.6986   ignored
r9  Henry Richardson    #191   Maxwell Armstrong   9    discovery 0.6763   ignored
r9  Henry Richardson    #215   Emily Watson        10   discovery 0.6387   ignored
r9  Henry Richardson    #208   Maxwell Armstrong   11   discovery 0.6247   ignored
r9  Cassandra Johnson   #204   Emma Hayes          0    discovery 0.8198   ignored
r9  Cassandra Johnson   #211   Isabella Thompson   1    discovery 0.8031   ignored
r9  Cassandra Johnson   #205   Simon Walker        2    discovery 0.7969   ignored
r9  Cassandra Johnson   #210   Daniel Miller       3    discovery 0.7897   ignored
r9  Cassandra Johnson   #214   Carlos Rodriguez    4    discovery 0.7888   ignored
r9  Cassandra Johnson   #196   James Thompson      5    discovery 0.7859   ignored
r9  Cassandra Johnson   #213   Olivia Rodriguez    6    discovery 0.7839   ignored
r9  Cassandra Johnson   #209   Emily Hayes         7    discovery 0.7831   ignored
r9  Cassandra Johnson   #215   Emily Watson        8    discovery 0.7762   ignored
r9  Cassandra Johnson   #191   Maxwell Armstrong   9    discovery 0.7719   ignored
r9  Cassandra Johnson   #193   Daniel Miller       10   discovery 0.6869   ignored
r9  Cassandra Johnson   #187   Emily Carter        11   discovery 0.7311   ignored
r9  Simon Greene        #209   Emily Hayes         0    network   0.2582   ignored
r9  Simon Greene        #192   Emily Hayes         1    network   -        ignored
r9  Simon Greene        #190   Oliver Wang         2    network   -        ignored
r9  Simon Greene        #169   Emily Hayes         3    network   0.2815   ignored
r9  Simon Greene        #146   Emily Hayes         4    network   0.4518   ignored
r9  Simon Greene        #207   Ethan Grayson       5    discovery 0.9244   ignored
r9  Simon Greene        #185   Emma Hayes          6    discovery 0.8514   ignored
r9  Simon Greene        #194   Eleanor Thompson    7    discovery 0.8045   ignored
r9  Simon Greene        #171   Bethany Davidson    8    discovery 0.7616   ignored
r9  Simon Greene        #204   Emma Hayes          9    discovery 0.7091   ignored
r9  Simon Greene        #164   Jake Thompson       10   discovery 0.5292   ignored
r9  Simon Greene        #191   Maxwell Armstrong   11   discovery 0.3730   ignored
r10 James Miller        #228   Henry Richardson    0    discovery 0.8710   ignored
r10 James Miller        #222   Sophia Nguyen       1    discovery 0.8552   ignored
r10 James Miller        #218   Alexandra Whitmore  2    discovery 0.8521   ignored
r10 James Miller        #224   Emily Thompson      3    discovery 0.8512   ignored
r10 James Miller        #226   Carlos Rodriguez    4    discovery 0.8480   ignored
r10 James Miller        #229   Cassandra Johnson   5    discovery 0.8329   ignored
r10 James Miller        #219   Ryan Johnson        6    discovery 0.8284   ignored
r10 James Miller        #223   Isabella Thompson   7    discovery 0.8238   ignored
r10 James Miller        #227   Emily Watson        8    discovery 0.8068   ignored
r10 James Miller        #220   Henry Farmer        9    discovery 0.8044   ignored
r10 James Miller        #189   Ethan Grayson       10   discovery 0.7327   ignored
r10 James Miller        #183   Ryan Johnson        11   discovery 0.6996   ignored
r10 Emma Hayes          #196   James Thompson      0    network   0.4827   ignored
r10 Emma Hayes          #152   James Thompson      1    network   0.2674   ignored
r10 Emma Hayes          #129   James Thompson      2    network   -        ignored
r10 Emma Hayes          #102   James Thompson      3    network   -        ignored
r10 Emma Hayes          #77    James Thompson      4    network   -        ignored
r10 Emma Hayes          #146   Emily Hayes         5    fof       0.3742   ignored
r10 Emma Hayes          #169   Emily Hayes         6    fof       0.2414   ignored
r10 Emma Hayes          #209   Emily Hayes         7    fof       -        ignored
r10 Emma Hayes          #221   Ethan Grayson       8    discovery 0.8665   ignored
r10 Emma Hayes          #207   Ethan Grayson       9    discovery 0.8461   ignored
r10 Emma Hayes          #164   Jake Thompson       10   discovery 0.4483   ignored
r10 Emma Hayes          #215   Emily Watson        11   discovery 0.2431   ignored
r10 Ryan Johnson        #197   Sophie Green        0    network   -        ACTED
r10 Ryan Johnson        #53    Sophie Green        1    network   -        ignored
r10 Ryan Johnson        #26    Sophie Green        2    network   -        ignored
r10 Ryan Johnson        #222   Sophia Nguyen       3    fof       0.8478   ignored
r10 Ryan Johnson        #168   Sophia Nguyen       4    fof       -        ACTED
r10 Ryan Johnson        #119   Sophia Nguyen       5    fof       -        ACTED
r10 Ryan Johnson        #223   Isabella Thompson   6    discovery 0.8470   ignored
r10 Ryan Johnson        #226   Carlos Rodriguez    7    discovery 0.8343   ignored
r10 Ryan Johnson        #224   Emily Thompson      8    discovery 0.8334   ignored
r10 Ryan Johnson        #228   Henry Richardson    9    discovery 0.8331   ignored
r10 Ryan Johnson        #203   James Miller        10   discovery 0.7498   ignored
r10 Ryan Johnson        #220   Henry Farmer        11   discovery 0.8120   ignored
r10 Alexandra Whitmore  #171   Bethany Davidson    0    network   -        ignored
r10 Alexandra Whitmore  #101   Bethany Davidson    1    network   -        ignored
r10 Alexandra Whitmore  #76    Bethany Davidson    2    network   -        ignored
r10 Alexandra Whitmore  #49    Bethany Davidson    3    network   -        ignored
r10 Alexandra Whitmore  #20    Bethany Davidson    4    network   -        ignored
r10 Alexandra Whitmore  #143   Aria Thompson       5    fof       -        ignored
r10 Alexandra Whitmore  #92    Aria Thompson       6    fof       -        ACTED
r10 Alexandra Whitmore  #69    Aria Thompson       7    fof       -        ignored
r10 Alexandra Whitmore  #228   Henry Richardson    8    discovery 0.8147   ignored
r10 Alexandra Whitmore  #204   Emma Hayes          9    discovery 0.7902   ignored
r10 Alexandra Whitmore  #206   Henry Farmer        10   discovery 0.6827   ignored
r10 Alexandra Whitmore  #186   Jake Thompson       11   discovery 0.6454   ignored
r10 Jake Thompson       #221   Ethan Grayson       0    discovery 0.8735   ignored
r10 Jake Thompson       #204   Emma Hayes          1    discovery 0.8035   ignored
r10 Jake Thompson       #205   Simon Walker        2    discovery 0.7735   ignored
r10 Jake Thompson       #207   Ethan Grayson       3    discovery 0.7480   ignored
r10 Jake Thompson       #194   Eleanor Thompson    4    discovery 0.7369   ignored
r10 Jake Thompson       #196   James Thompson      5    discovery 0.6796   ignored
r10 Jake Thompson       #185   Emma Hayes          6    discovery 0.6793   ignored
r10 Jake Thompson       #170   Eleanor Thompson    7    discovery 0.6730   ignored
r10 Jake Thompson       #171   Bethany Davidson    8    discovery 0.6290   ignored
r10 Jake Thompson       #172   Steven Johnson      9    discovery 0.6040   ignored
r10 Jake Thompson       #146   Emily Hayes         10   discovery 0.5214   ignored
r10 Jake Thompson       #228   Henry Richardson    11   discovery 0.5802   ignored
r10 Simon Walker        #204   Emma Hayes          0    network   0.6014   ACTED
r10 Simon Walker        #185   Emma Hayes          1    network   0.7596   ACTED
r10 Simon Walker        #139   Emma Hayes          2    network   0.4511   ACTED
r10 Simon Walker        #114   Emma Hayes          3    network   -        ignored
r10 Simon Walker        #87    Emma Hayes          4    network   -        ignored
r10 Simon Walker        #196   James Thompson      5    fof       0.4598   ignored
r10 Simon Walker        #152   James Thompson      6    fof       0.2525   ignored
r10 Simon Walker        #129   James Thompson      7    fof       -        ignored
r10 Simon Walker        #221   Ethan Grayson       8    discovery 0.8476   ignored
r10 Simon Walker        #207   Ethan Grayson       9    discovery 0.8374   ignored
r10 Simon Walker        #120   Samuel Reynolds     10   discovery 0.2360   ignored
r10 Simon Walker        #210   Daniel Miller       11   discovery 0.2278   ACTED
r10 Emily Carter        #221   Ethan Grayson       0    discovery 0.8525   ignored
r10 Emily Carter        #204   Emma Hayes          1    discovery 0.8230   ignored
r10 Emily Carter        #205   Simon Walker        2    discovery 0.7968   ignored
r10 Emily Carter        #194   Eleanor Thompson    3    discovery 0.7242   ignored
r10 Emily Carter        #207   Ethan Grayson       4    discovery 0.7153   ignored
r10 Emily Carter        #196   James Thompson      5    discovery 0.7058   ignored
r10 Emily Carter        #170   Eleanor Thompson    6    discovery 0.6758   ignored
r10 Emily Carter        #164   Jake Thompson       7    discovery 0.6509   ignored
r10 Emily Carter        #185   Emma Hayes          8    discovery 0.6494   ignored
r10 Emily Carter        #228   Henry Richardson    9    discovery 0.6375   ignored
r10 Emily Carter        #227   Emily Watson        10   discovery 0.5519   ignored
r10 Emily Carter        #209   Emily Hayes         11   discovery 0.5412   ignored
r10 Aria Thompson       #125   Daniel Rivera       0    network   -        ignored
r10 Aria Thompson       #99    Daniel Rivera       1    network   -        ignored
r10 Aria Thompson       #75    Daniel Rivera       2    network   -        ignored
r10 Aria Thompson       #48    Daniel Rivera       3    network   -        ignored
r10 Aria Thompson       #18    Daniel Rivera       4    network   -        ignored
r10 Aria Thompson       #173   Victoria Greene     5    fof       -        ignored
r10 Aria Thompson       #151   Victoria Greene     6    fof       -        ACTED
r10 Aria Thompson       #128   Victoria Greene     7    fof       -        ignored
r10 Aria Thompson       #221   Ethan Grayson       8    discovery 0.9074   ignored
r10 Aria Thompson       #207   Ethan Grayson       9    discovery 0.7977   ignored
r10 Aria Thompson       #226   Carlos Rodriguez    10   discovery 0.4043   ignored
r10 Aria Thompson       #212   Emily Thompson      11   discovery 0.3940   ignored
r10 Henry Farmer        #197   Sophie Green        0    network   0.7229   ignored
r10 Henry Farmer        #53    Sophie Green        1    network   -        ACTED
r10 Henry Farmer        #26    Sophie Green        2    network   -        ignored
r10 Henry Farmer        #222   Sophia Nguyen       3    fof       0.8636   ignored
r10 Henry Farmer        #168   Sophia Nguyen       4    fof       -        ignored
r10 Henry Farmer        #119   Sophia Nguyen       5    fof       -        ignored
r10 Henry Farmer        #224   Emily Thompson      6    discovery 0.8500   ignored
r10 Henry Farmer        #229   Cassandra Johnson   7    discovery 0.8495   ignored
r10 Henry Farmer        #218   Alexandra Whitmore  8    discovery 0.8327   ignored
r10 Henry Farmer        #227   Emily Watson        9    discovery 0.8276   ignored
r10 Henry Farmer        #215   Emily Watson        10   discovery 0.7773   ignored
r10 Henry Farmer        #217   James Miller        11   discovery 0.8131   ignored
r10 Ethan Grayson       #209   Emily Hayes         0    network   -        ignored
r10 Ethan Grayson       #192   Emily Hayes         1    network   -        ignored
r10 Ethan Grayson       #169   Emily Hayes         2    network   0.2189   ignored
r10 Ethan Grayson       #146   Emily Hayes         3    network   0.3474   ignored
r10 Ethan Grayson       #123   Emily Hayes         4    network   -        ignored
r10 Ethan Grayson       #185   Emma Hayes          5    discovery 0.7500   ignored
r10 Ethan Grayson       #194   Eleanor Thompson    6    discovery 0.6810   ignored
r10 Ethan Grayson       #171   Bethany Davidson    7    discovery 0.6439   ignored
r10 Ethan Grayson       #204   Emma Hayes          8    discovery 0.5877   ignored
r10 Ethan Grayson       #205   Simon Walker        9    discovery 0.5456   ignored
r10 Ethan Grayson       #215   Emily Watson        10   discovery 0.2141   ignored
r10 Ethan Grayson       #230   Simon Greene        11   discovery 0.2807   ignored
r10 Sophia Nguyen       #224   Emily Thompson      0    network   0.8161   ignored
r10 Sophia Nguyen       #212   Emily Thompson      1    network   0.6963   ACTED
r10 Sophia Nguyen       #210   Daniel Miller       2    network   0.7514   ACTED
r10 Sophia Nguyen       #199   Emily Thompson      3    network   -        ignored
r10 Sophia Nguyen       #197   Sophie Green        4    network   -        ignored
r10 Sophia Nguyen       #204   Emma Hayes          5    fof       0.7595   ACTED
r10 Sophia Nguyen       #196   James Thompson      6    fof       0.7175   ACTED
r10 Sophia Nguyen       #185   Emma Hayes          7    fof       -        ACTED
r10 Sophia Nguyen       #228   Henry Richardson    8    discovery 0.8002   ignored
r10 Sophia Nguyen       #229   Cassandra Johnson   9    discovery 0.7954   ignored
r10 Sophia Nguyen       #213   Olivia Rodriguez    10   discovery 0.7351   ignored
r10 Sophia Nguyen       #206   Henry Farmer        11   discovery 0.7181   ignored
r10 Samuel Reynolds     #173   Victoria Greene     0    network   -        ignored
r10 Samuel Reynolds     #151   Victoria Greene     1    network   -        ignored
r10 Samuel Reynolds     #128   Victoria Greene     2    network   0.3484   ignored
r10 Samuel Reynolds     #23    Victoria Greene     3    network   -        ignored
r10 Samuel Reynolds     #146   Emily Hayes         4    fof       0.4320   ACTED
r10 Samuel Reynolds     #209   Emily Hayes         5    fof       -        ignored
r10 Samuel Reynolds     #192   Emily Hayes         6    fof       -        ignored
r10 Samuel Reynolds     #221   Ethan Grayson       7    discovery 0.9089   ignored
r10 Samuel Reynolds     #207   Ethan Grayson       8    discovery 0.8417   ignored
r10 Samuel Reynolds     #185   Emma Hayes          9    discovery 0.7637   ignored
r10 Samuel Reynolds     #139   Emma Hayes          10   discovery 0.5298   ignored
r10 Samuel Reynolds     #204   Emma Hayes          11   discovery 0.7101   ignored
r10 Oliver Wang         #209   Emily Hayes         0    network   0.6443   ignored
r10 Oliver Wang         #192   Emily Hayes         1    network   -        ignored
r10 Oliver Wang         #169   Emily Hayes         2    network   -        ignored
r10 Oliver Wang         #146   Emily Hayes         3    network   -        ignored
r10 Oliver Wang         #123   Emily Hayes         4    network   -        ACTED
r10 Oliver Wang         #220   Henry Farmer        5    discovery 0.7669   ignored
r10 Oliver Wang         #222   Sophia Nguyen       6    discovery 0.7645   ignored
r10 Oliver Wang         #218   Alexandra Whitmore  7    discovery 0.7584   ignored
r10 Oliver Wang         #224   Emily Thompson      8    discovery 0.7529   ignored
r10 Oliver Wang         #228   Henry Richardson    9    discovery 0.7392   ignored
r10 Oliver Wang         #197   Sophie Green        10   discovery 0.6187   ignored
r10 Oliver Wang         #206   Henry Farmer        11   discovery 0.6956   ignored
r10 Maxwell Armstrong   #204   Emma Hayes          0    network   0.7915   ignored
r10 Maxwell Armstrong   #185   Emma Hayes          1    network   -        ignored
r10 Maxwell Armstrong   #139   Emma Hayes          2    network   -        ignored
r10 Maxwell Armstrong   #114   Emma Hayes          3    network   -        ignored
r10 Maxwell Armstrong   #87    Emma Hayes          4    network   -        ignored
r10 Maxwell Armstrong   #196   James Thompson      5    fof       0.7199   ACTED
r10 Maxwell Armstrong   #152   James Thompson      6    fof       -        ignored
r10 Maxwell Armstrong   #129   James Thompson      7    fof       -        ignored
r10 Maxwell Armstrong   #205   Simon Walker        8    discovery 0.7835   ACTED
r10 Maxwell Armstrong   #221   Ethan Grayson       9    discovery 0.7635   ignored
r10 Maxwell Armstrong   #172   Steven Johnson      10   discovery 0.6397   ignored
r10 Maxwell Armstrong   #212   Emily Thompson      11   discovery 0.6278   ignored
r10 Emily Hayes         #221   Ethan Grayson       0    discovery 0.8466   ignored
r10 Emily Hayes         #204   Emma Hayes          1    discovery 0.8240   ignored
r10 Emily Hayes         #205   Simon Walker        2    discovery 0.8018   ignored
r10 Emily Hayes         #194   Eleanor Thompson    3    discovery 0.7191   ignored
r10 Emily Hayes         #196   James Thompson      4    discovery 0.7085   ignored
r10 Emily Hayes         #207   Ethan Grayson       5    discovery 0.7062   ignored
r10 Emily Hayes         #170   Eleanor Thompson    6    discovery 0.6695   ignored
r10 Emily Hayes         #228   Henry Richardson    7    discovery 0.6535   ignored
r10 Emily Hayes         #164   Jake Thompson       8    discovery 0.6525   ignored
r10 Emily Hayes         #185   Emma Hayes          9    discovery 0.6411   ignored
r10 Emily Hayes         #171   Bethany Davidson    10   discovery 0.6014   ignored
r10 Emily Hayes         #139   Emma Hayes          11   discovery 0.5781   ignored
r10 Oliver Robinson     #154   Luna Reyes          0    network   -        ignored
r10 Oliver Robinson     #104   Luna Reyes          1    network   -        ACTED
r10 Oliver Robinson     #79    Luna Reyes          2    network   -        ignored
r10 Oliver Robinson     #52    Luna Reyes          3    network   -        ACTED
r10 Oliver Robinson     #25    Luna Reyes          4    network   -        ignored
r10 Oliver Robinson     #222   Sophia Nguyen       5    discovery 0.8524   ignored
r10 Oliver Robinson     #224   Emily Thompson      6    discovery 0.8331   ignored
r10 Oliver Robinson     #220   Henry Farmer        7    discovery 0.8265   ignored
r10 Oliver Robinson     #226   Carlos Rodriguez    8    discovery 0.8183   ignored
r10 Oliver Robinson     #229   Cassandra Johnson   9    discovery 0.8169   ignored
r10 Oliver Robinson     #215   Emily Watson        10   discovery 0.7639   ignored
r10 Oliver Robinson     #228   Henry Richardson    11   discovery 0.8141   ignored
r10 Daniel Miller       #204   Emma Hayes          0    network   0.7049   ignored
r10 Daniel Miller       #185   Emma Hayes          1    network   -        ignored
r10 Daniel Miller       #139   Emma Hayes          2    network   -        ignored
r10 Daniel Miller       #114   Emma Hayes          3    network   -        ignored
r10 Daniel Miller       #87    Emma Hayes          4    network   -        ignored
r10 Daniel Miller       #196   James Thompson      5    fof       -        ACTED
r10 Daniel Miller       #152   James Thompson      6    fof       -        ignored
r10 Daniel Miller       #129   James Thompson      7    fof       -        ignored
r10 Daniel Miller       #224   Emily Thompson      8    discovery 0.8797   ignored
r10 Daniel Miller       #222   Sophia Nguyen       9    discovery 0.8490   ignored
r10 Daniel Miller       #212   Emily Thompson      10   discovery 0.7303   ignored
r10 Daniel Miller       #206   Henry Farmer        11   discovery 0.7330   ignored
r10 Daniel Rivera       #173   Victoria Greene     0    network   -        ignored
r10 Daniel Rivera       #151   Victoria Greene     1    network   -        ignored
r10 Daniel Rivera       #143   Aria Thompson       2    network   -        ignored
r10 Daniel Rivera       #128   Victoria Greene     3    network   -        ignored
r10 Daniel Rivera       #92    Aria Thompson       4    network   -        ignored
r10 Daniel Rivera       #209   Emily Hayes         5    fof       0.6343   ACTED
r10 Daniel Rivera       #192   Emily Hayes         6    fof       -        ignored
r10 Daniel Rivera       #169   Emily Hayes         7    fof       -        ACTED
r10 Daniel Rivera       #204   Emma Hayes          8    discovery 0.7975   ignored
r10 Daniel Rivera       #205   Simon Walker        9    discovery 0.7772   ignored
r10 Daniel Rivera       #213   Olivia Rodriguez    10   discovery 0.6297   ignored
r10 Daniel Rivera       #164   Jake Thompson       11   discovery 0.6350   ignored
r10 Eleanor Thompson    #221   Ethan Grayson       0    discovery 0.8463   ignored
r10 Eleanor Thompson    #207   Ethan Grayson       1    discovery 0.8357   ignored
r10 Eleanor Thompson    #185   Emma Hayes          2    discovery 0.7586   ignored
r10 Eleanor Thompson    #171   Bethany Davidson    3    discovery 0.6538   ignored
r10 Eleanor Thompson    #204   Emma Hayes          4    discovery 0.6016   ignored
r10 Eleanor Thompson    #205   Simon Walker        5    discovery 0.5595   ignored
r10 Eleanor Thompson    #196   James Thompson      6    discovery 0.4591   ignored
r10 Eleanor Thompson    #139   Emma Hayes          7    discovery 0.4500   ignored
r10 Eleanor Thompson    #164   Jake Thompson       8    discovery 0.4288   ignored
r10 Eleanor Thompson    #172   Steven Johnson      9    discovery 0.4080   ignored
r10 Eleanor Thompson    #217   James Miller        10   discovery 0.2375   ignored
r10 Eleanor Thompson    #146   Emily Hayes         11   discovery 0.3567   ignored
r10 Bethany Davidson    #143   Aria Thompson       0    network   -        ACTED
r10 Bethany Davidson    #92    Aria Thompson       1    network   -        ignored
r10 Bethany Davidson    #69    Aria Thompson       2    network   -        ignored
r10 Bethany Davidson    #42    Aria Thompson       3    network   -        ACTED
r10 Bethany Davidson    #8     Aria Thompson       4    network   -        ignored
r10 Bethany Davidson    #125   Daniel Rivera       5    fof       -        ignored
r10 Bethany Davidson    #99    Daniel Rivera       6    fof       -        ignored
r10 Bethany Davidson    #75    Daniel Rivera       7    fof       -        ignored
r10 Bethany Davidson    #221   Ethan Grayson       8    discovery 0.8246   ignored
r10 Bethany Davidson    #207   Ethan Grayson       9    discovery 0.8172   ignored
r10 Bethany Davidson    #217   James Miller        10   discovery 0.2257   ignored
r10 Bethany Davidson    #194   Eleanor Thompson    11   discovery 0.6751   ignored
r10 Isabella Thompson   #196   James Thompson      0    network   0.7039   ignored
r10 Isabella Thompson   #152   James Thompson      1    network   -        ignored
r10 Isabella Thompson   #129   James Thompson      2    network   -        ignored
r10 Isabella Thompson   #102   James Thompson      3    network   -        ignored
r10 Isabella Thompson   #77    James Thompson      4    network   -        ignored
r10 Isabella Thompson   #209   Emily Hayes         5    fof       0.6066   ignored
r10 Isabella Thompson   #192   Emily Hayes         6    fof       -        ignored
r10 Isabella Thompson   #169   Emily Hayes         7    fof       -        ignored
r10 Isabella Thompson   #205   Simon Walker        8    discovery 0.8006   ignored
r10 Isabella Thompson   #204   Emma Hayes          9    discovery 0.7913   ignored
r10 Isabella Thompson   #194   Eleanor Thompson    10   discovery 0.6661   ignored
r10 Isabella Thompson   #228   Henry Richardson    11   discovery 0.7003   ignored
r10 Steven Johnson      #221   Ethan Grayson       0    discovery 0.8694   ignored
r10 Steven Johnson      #207   Ethan Grayson       1    discovery 0.8473   ignored
r10 Steven Johnson      #185   Emma Hayes          2    discovery 0.7687   ignored
r10 Steven Johnson      #194   Eleanor Thompson    3    discovery 0.7122   ignored
r10 Steven Johnson      #171   Bethany Davidson    4    discovery 0.6672   ignored
r10 Steven Johnson      #204   Emma Hayes          5    discovery 0.6304   ignored
r10 Steven Johnson      #205   Simon Walker        6    discovery 0.5821   ignored
r10 Steven Johnson      #170   Eleanor Thompson    7    discovery 0.5602   ignored
r10 Steven Johnson      #196   James Thompson      8    discovery 0.4846   ignored
r10 Steven Johnson      #139   Emma Hayes          9    discovery 0.4664   ignored
r10 Steven Johnson      #222   Sophia Nguyen       10   discovery 0.2720   ignored
r10 Steven Johnson      #152   James Thompson      11   discovery 0.2639   ignored
r10 Victoria Greene     #209   Emily Hayes         0    network   -        ignored
r10 Victoria Greene     #192   Emily Hayes         1    network   -        ignored
r10 Victoria Greene     #169   Emily Hayes         2    network   -        ignored
r10 Victoria Greene     #146   Emily Hayes         3    network   -        ignored
r10 Victoria Greene     #123   Emily Hayes         4    network   -        ignored
r10 Victoria Greene     #221   Ethan Grayson       5    discovery 0.8287   ignored
r10 Victoria Greene     #204   Emma Hayes          6    discovery 0.8110   ignored
r10 Victoria Greene     #205   Simon Walker        7    discovery 0.8011   ignored
r10 Victoria Greene     #196   James Thompson      8    discovery 0.7081   ignored
r10 Victoria Greene     #194   Eleanor Thompson    9    discovery 0.7029   ignored
r10 Victoria Greene     #228   Henry Richardson    10   discovery 0.6691   ignored
r10 Victoria Greene     #220   Henry Farmer        11   discovery 0.6241   ignored
r10 James Thompson      #209   Emily Hayes         0    network   -        ignored
r10 James Thompson      #192   Emily Hayes         1    network   -        ignored
r10 James Thompson      #169   Emily Hayes         2    network   0.2392   ignored
r10 James Thompson      #146   Emily Hayes         3    network   0.3752   ignored
r10 James Thompson      #123   Emily Hayes         4    network   -        ignored
r10 James Thompson      #221   Ethan Grayson       5    discovery 0.8692   ignored
r10 James Thompson      #207   Ethan Grayson       6    discovery 0.8476   ignored
r10 James Thompson      #185   Emma Hayes          7    discovery 0.7687   ignored
r10 James Thompson      #194   Eleanor Thompson    8    discovery 0.7102   ignored
r10 James Thompson      #171   Bethany Davidson    9    discovery 0.6659   ignored
r10 James Thompson      #164   Jake Thompson       10   discovery 0.4479   ignored
r10 James Thompson      #191   Maxwell Armstrong   11   discovery 0.3204   ignored
r10 Michael Thompson    #204   Emma Hayes          0    network   0.7548   ignored
r10 Michael Thompson    #185   Emma Hayes          1    network   -        ignored
r10 Michael Thompson    #139   Emma Hayes          2    network   -        ACTED
r10 Michael Thompson    #114   Emma Hayes          3    network   -        ignored
r10 Michael Thompson    #87    Emma Hayes          4    network   -        ignored
r10 Michael Thompson    #196   James Thompson      5    fof       0.7109   ignored
r10 Michael Thompson    #152   James Thompson      6    fof       -        ignored
r10 Michael Thompson    #129   James Thompson      7    fof       -        ignored
r10 Michael Thompson    #224   Emily Thompson      8    discovery 0.7874   ignored
r10 Michael Thompson    #228   Henry Richardson    9    discovery 0.7802   ignored
r10 Michael Thompson    #208   Maxwell Armstrong   10   discovery 0.7061   ignored
r10 Michael Thompson    #223   Isabella Thompson   11   discovery 0.7399   ignored
r10 Luna Reyes          #204   Emma Hayes          0    discovery 0.7998   ignored
r10 Luna Reyes          #221   Ethan Grayson       1    discovery 0.7887   ignored
r10 Luna Reyes          #205   Simon Walker        2    discovery 0.7697   ignored
r10 Luna Reyes          #196   James Thompson      3    discovery 0.7125   ignored
r10 Luna Reyes          #228   Henry Richardson    4    discovery 0.6966   ignored
r10 Luna Reyes          #224   Emily Thompson      5    discovery 0.6948   ignored
r10 Luna Reyes          #222   Sophia Nguyen       6    discovery 0.6874   ignored
r10 Luna Reyes          #229   Cassandra Johnson   7    discovery 0.6783   ignored
r10 Luna Reyes          #194   Eleanor Thompson    8    discovery 0.6618   ignored
r10 Luna Reyes          #217   James Miller        9    discovery 0.6615   ignored
r10 Luna Reyes          #210   Daniel Miller       10   discovery 0.6397   ignored
r10 Luna Reyes          #227   Emily Watson        11   discovery 0.6473   ignored
r10 Sophie Green        #222   Sophia Nguyen       0    network   0.8407   ignored
r10 Sophie Green        #168   Sophia Nguyen       1    network   -        ACTED
r10 Sophie Green        #119   Sophia Nguyen       2    network   -        ACTED
r10 Sophie Green        #94    Sophia Nguyen       3    network   -        ignored
r10 Sophie Green        #71    Sophia Nguyen       4    network   -        ignored
r10 Sophie Green        #220   Henry Farmer        5    fof       0.8518   ignored
r10 Sophie Green        #224   Emily Thompson      6    fof       0.8198   ignored
r10 Sophie Green        #206   Henry Farmer        7    fof       0.7672   ignored
r10 Sophie Green        #227   Emily Watson        8    discovery 0.8343   ignored
r10 Sophie Green        #229   Cassandra Johnson   9    discovery 0.8275   ignored
r10 Sophie Green        #201   Emily Watson        10   discovery 0.6835   ignored
r10 Sophie Green        #209   Emily Hayes         11   discovery 0.7478   ignored
r10 Nathan Brooks       #204   Emma Hayes          0    discovery 0.8289   ignored
r10 Nathan Brooks       #221   Ethan Grayson       1    discovery 0.8014   ignored
r10 Nathan Brooks       #205   Simon Walker        2    discovery 0.7918   ignored
r10 Nathan Brooks       #196   James Thompson      3    discovery 0.7367   ignored
r10 Nathan Brooks       #228   Henry Richardson    4    discovery 0.7143   ignored
r10 Nathan Brooks       #218   Alexandra Whitmore  5    discovery 0.6990   ignored
r10 Nathan Brooks       #194   Eleanor Thompson    6    discovery 0.6868   ignored
r10 Nathan Brooks       #222   Sophia Nguyen       7    discovery 0.6760   ignored
r10 Nathan Brooks       #217   James Miller        8    discovery 0.6746   ignored
r10 Nathan Brooks       #207   Ethan Grayson       9    discovery 0.6688   ignored
r10 Nathan Brooks       #224   Emily Thompson      10   discovery 0.6670   ignored
r10 Nathan Brooks       #210   Daniel Miller       11   discovery 0.6141   ignored
r10 Emily Thompson      #196   James Thompson      0    network   0.7278   ignored
r10 Emily Thompson      #152   James Thompson      1    network   -        ignored
r10 Emily Thompson      #129   James Thompson      2    network   -        ignored
r10 Emily Thompson      #102   James Thompson      3    network   -        ignored
r10 Emily Thompson      #77    James Thompson      4    network   -        ignored
r10 Emily Thompson      #209   Emily Hayes         5    fof       0.5860   ignored
r10 Emily Thompson      #192   Emily Hayes         6    fof       -        ignored
r10 Emily Thompson      #169   Emily Hayes         7    fof       -        ignored
r10 Emily Thompson      #204   Emma Hayes          8    discovery 0.8257   ignored
r10 Emily Thompson      #221   Ethan Grayson       9    discovery 0.8108   ignored
r10 Emily Thompson      #185   Emma Hayes          10   discovery 0.6179   ignored
r10 Emily Thompson      #208   Maxwell Armstrong   11   discovery 0.5795   ignored
r10 Olivia Garcia       #172   Steven Johnson      0    network   0.6228   ignored
r10 Olivia Garcia       #150   Steven Johnson      1    network   -        ACTED
r10 Olivia Garcia       #127   Steven Johnson      2    network   -        ACTED
r10 Olivia Garcia       #22    Steven Johnson      3    network   -        ACTED
r10 Olivia Garcia       #221   Ethan Grayson       4    discovery 0.8370   ACTED
r10 Olivia Garcia       #204   Emma Hayes          5    discovery 0.8045   ignored
r10 Olivia Garcia       #205   Simon Walker        6    discovery 0.7724   ignored
r10 Olivia Garcia       #207   Ethan Grayson       7    discovery 0.7149   ignored
r10 Olivia Garcia       #194   Eleanor Thompson    8    discovery 0.7041   ignored
r10 Olivia Garcia       #196   James Thompson      9    discovery 0.7008   ignored
r10 Olivia Garcia       #185   Emma Hayes          10   discovery 0.6496   ignored
r10 Olivia Garcia       #211   Isabella Thompson   11   discovery 0.5551   ignored
r10 Olivia Rodriguez    #198   Nathan Brooks       0    network   -        ignored
r10 Olivia Rodriguez    #174   Nathan Brooks       1    network   -        ignored
r10 Olivia Rodriguez    #155   Nathan Brooks       2    network   -        ACTED
r10 Olivia Rodriguez    #131   Nathan Brooks       3    network   -        ignored
r10 Olivia Rodriguez    #105   Nathan Brooks       4    network   -        ignored
r10 Olivia Rodriguez    #223   Isabella Thompson   5    discovery 0.8552   ignored
r10 Olivia Rodriguez    #224   Emily Thompson      6    discovery 0.8477   ignored
r10 Olivia Rodriguez    #222   Sophia Nguyen       7    discovery 0.8395   ignored
r10 Olivia Rodriguez    #227   Emily Watson        8    discovery 0.8351   ignored
r10 Olivia Rodriguez    #226   Carlos Rodriguez    9    discovery 0.8327   ignored
r10 Olivia Rodriguez    #209   Emily Hayes         10   discovery 0.7533   ignored
r10 Olivia Rodriguez    #206   Henry Farmer        11   discovery 0.7534   ignored
r10 Carlos Rodriguez    #209   Emily Hayes         0    network   0.7128   ignored
r10 Carlos Rodriguez    #192   Emily Hayes         1    network   -        ignored
r10 Carlos Rodriguez    #169   Emily Hayes         2    network   -        ignored
r10 Carlos Rodriguez    #146   Emily Hayes         3    network   -        ACTED
r10 Carlos Rodriguez    #123   Emily Hayes         4    network   -        ACTED
r10 Carlos Rodriguez    #228   Henry Richardson    5    discovery 0.8031   ignored
r10 Carlos Rodriguez    #223   Isabella Thompson   6    discovery 0.7735   ignored
r10 Carlos Rodriguez    #222   Sophia Nguyen       7    discovery 0.7659   ignored
r10 Carlos Rodriguez    #229   Cassandra Johnson   8    discovery 0.7583   ignored
r10 Carlos Rodriguez    #217   James Miller        9    discovery 0.7558   ignored
r10 Carlos Rodriguez    #224   Emily Thompson      10   discovery 0.7553   ignored
r10 Carlos Rodriguez    #196   James Thompson      11   discovery 0.6777   ignored
r10 Emily Watson        #222   Sophia Nguyen       0    discovery 0.8701   ignored
r10 Emily Watson        #224   Emily Thompson      1    discovery 0.8607   ignored
r10 Emily Watson        #229   Cassandra Johnson   2    discovery 0.8442   ignored
r10 Emily Watson        #226   Carlos Rodriguez    3    discovery 0.8394   ignored
r10 Emily Watson        #219   Ryan Johnson        4    discovery 0.8376   ignored
r10 Emily Watson        #223   Isabella Thompson   5    discovery 0.8299   ignored
r10 Emily Watson        #220   Henry Farmer        6    discovery 0.8293   ignored
r10 Emily Watson        #228   Henry Richardson    7    discovery 0.8215   ignored
r10 Emily Watson        #225   Olivia Rodriguez    8    discovery 0.8207   ignored
r10 Emily Watson        #218   Alexandra Whitmore  9    discovery 0.8172   ignored
r10 Emily Watson        #197   Sophie Green        10   discovery 0.7022   ignored
r10 Emily Watson        #189   Ethan Grayson       11   discovery 0.7073   ignored
r10 Henry Richardson    #221   Ethan Grayson       0    discovery 0.9119   ignored
r10 Henry Richardson    #207   Ethan Grayson       1    discovery 0.7969   ignored
r10 Henry Richardson    #204   Emma Hayes          2    discovery 0.7804   ACTED
r10 Henry Richardson    #194   Eleanor Thompson    3    discovery 0.7615   ignored
r10 Henry Richardson    #205   Simon Walker        4    discovery 0.7415   ACTED
r10 Henry Richardson    #185   Emma Hayes          5    discovery 0.7224   ignored
r10 Henry Richardson    #171   Bethany Davidson    6    discovery 0.6613   ignored
r10 Henry Richardson    #170   Eleanor Thompson    7    discovery 0.6537   ignored
r10 Henry Richardson    #196   James Thompson      8    discovery 0.6391   ignored
r10 Henry Richardson    #164   Jake Thompson       9    discovery 0.5899   ignored
r10 Henry Richardson    #146   Emily Hayes         10   discovery 0.4921   ignored
r10 Henry Richardson    #223   Isabella Thompson   11   discovery 0.4274   ignored
r10 Cassandra Johnson   #222   Sophia Nguyen       0    discovery 0.8556   ignored
r10 Cassandra Johnson   #224   Emily Thompson      1    discovery 0.8553   ignored
r10 Cassandra Johnson   #226   Carlos Rodriguez    2    discovery 0.8255   ignored
r10 Cassandra Johnson   #220   Henry Farmer        3    discovery 0.8218   ignored
r10 Cassandra Johnson   #223   Isabella Thompson   4    discovery 0.8215   ignored
r10 Cassandra Johnson   #227   Emily Watson        5    discovery 0.8194   ignored
r10 Cassandra Johnson   #228   Henry Richardson    6    discovery 0.8141   ignored
r10 Cassandra Johnson   #217   James Miller        7    discovery 0.8076   ignored
r10 Cassandra Johnson   #219   Ryan Johnson        8    discovery 0.8070   ignored
r10 Cassandra Johnson   #218   Alexandra Whitmore  9    discovery 0.8047   ignored
r10 Cassandra Johnson   #214   Carlos Rodriguez    10   discovery 0.7603   ignored
r10 Cassandra Johnson   #206   Henry Farmer        11   discovery 0.7573   ignored
r10 Simon Greene        #237   Oliver Wang         0    network   -        ignored
r10 Simon Greene        #209   Emily Hayes         1    network   0.7489   ignored
r10 Simon Greene        #192   Emily Hayes         2    network   -        ignored
r10 Simon Greene        #190   Oliver Wang         3    network   -        ignored
r10 Simon Greene        #169   Emily Hayes         4    network   -        ignored
r10 Simon Greene        #223   Isabella Thompson   5    discovery 0.8335   ignored
r10 Simon Greene        #222   Sophia Nguyen       6    discovery 0.8302   ignored
r10 Simon Greene        #224   Emily Thompson      7    discovery 0.8302   ignored
r10 Simon Greene        #228   Henry Richardson    8    discovery 0.8299   ignored
r10 Simon Greene        #229   Cassandra Johnson   9    discovery 0.8261   ignored
r10 Simon Greene        #225   Olivia Rodriguez    10   discovery 0.8001   ignored
r10 Simon Greene        #187   Emily Carter        11   discovery 0.6814   ignored
r11 James Miller        #240   Isabella Thompson   0    discovery 0.8586   ignored
r11 James Miller        #245   Simon Greene        1    discovery 0.8548   ignored
r11 James Miller        #241   Emily Thompson      2    discovery 0.8523   ignored
r11 James Miller        #233   Simon Walker        3    discovery 0.8521   ignored
r11 James Miller        #236   Ethan Grayson       4    discovery 0.8487   ignored
r11 James Miller        #243   Emily Watson        5    discovery 0.8417   ignored
r11 James Miller        #244   Cassandra Johnson   6    discovery 0.8364   ignored
r11 James Miller        #238   Daniel Miller       7    discovery 0.8333   ignored
r11 James Miller        #235   Henry Farmer        8    discovery 0.8239   ignored
r11 James Miller        #231   Alexandra Whitmore  9    discovery 0.8219   ignored
r11 James Miller        #224   Emily Thompson      10   discovery 0.7989   ignored
r11 James Miller        #210   Daniel Miller       11   discovery 0.7247   ignored
r11 Emma Hayes          #196   James Thompson      0    network   0.4289   ignored
r11 Emma Hayes          #152   James Thompson      1    network   -        ignored
r11 Emma Hayes          #129   James Thompson      2    network   -        ignored
r11 Emma Hayes          #102   James Thompson      3    network   -        ignored
r11 Emma Hayes          #77    James Thompson      4    network   -        ignored
r11 Emma Hayes          #146   Emily Hayes         5    fof       0.3084   ignored
r11 Emma Hayes          #209   Emily Hayes         6    fof       -        ignored
r11 Emma Hayes          #192   Emily Hayes         7    fof       -        ignored
r11 Emma Hayes          #221   Ethan Grayson       8    discovery 0.7978   ignored
r11 Emma Hayes          #207   Ethan Grayson       9    discovery 0.7674   ignored
r11 Emma Hayes          #231   Alexandra Whitmore  10   discovery 0.2482   ignored
r11 Emma Hayes          #205   Simon Walker        11   discovery 0.5284   ignored
r11 Ryan Johnson        #197   Sophie Green        0    network   -        ACTED
r11 Ryan Johnson        #53    Sophie Green        1    network   -        ignored
r11 Ryan Johnson        #26    Sophie Green        2    network   -        ignored
r11 Ryan Johnson        #222   Sophia Nguyen       3    fof       0.7806   ignored
r11 Ryan Johnson        #168   Sophia Nguyen       4    fof       -        ACTED
r11 Ryan Johnson        #119   Sophia Nguyen       5    fof       -        ACTED
r11 Ryan Johnson        #240   Isabella Thompson   6    discovery 0.8381   ignored
r11 Ryan Johnson        #236   Ethan Grayson       7    discovery 0.8367   ignored
r11 Ryan Johnson        #245   Simon Greene        8    discovery 0.8331   ignored
r11 Ryan Johnson        #241   Emily Thompson      9    discovery 0.8307   ignored
r11 Ryan Johnson        #225   Olivia Rodriguez    10   discovery 0.7240   ignored
r11 Ryan Johnson        #211   Isabella Thompson   11   discovery 0.6999   ignored
r11 Alexandra Whitmore  #171   Bethany Davidson    0    network   -        ignored
r11 Alexandra Whitmore  #101   Bethany Davidson    1    network   -        ignored
r11 Alexandra Whitmore  #76    Bethany Davidson    2    network   -        ignored
r11 Alexandra Whitmore  #49    Bethany Davidson    3    network   -        ignored
r11 Alexandra Whitmore  #20    Bethany Davidson    4    network   -        ignored
r11 Alexandra Whitmore  #143   Aria Thompson       5    fof       -        ignored
r11 Alexandra Whitmore  #92    Aria Thompson       6    fof       -        ACTED
r11 Alexandra Whitmore  #69    Aria Thompson       7    fof       -        ignored
r11 Alexandra Whitmore  #240   Isabella Thompson   8    discovery 0.8556   ignored
r11 Alexandra Whitmore  #235   Henry Farmer        9    discovery 0.8545   ignored
r11 Alexandra Whitmore  #224   Emily Thompson      10   discovery 0.7808   ignored
r11 Alexandra Whitmore  #206   Henry Farmer        11   discovery 0.7191   ignored
r11 Jake Thompson       #239   Daniel Rivera       0    discovery 0.8950   ignored
r11 Jake Thompson       #221   Ethan Grayson       1    discovery 0.8043   ignored
r11 Jake Thompson       #204   Emma Hayes          2    discovery 0.7288   ignored
r11 Jake Thompson       #205   Simon Walker        3    discovery 0.7016   ignored
r11 Jake Thompson       #207   Ethan Grayson       4    discovery 0.6785   ignored
r11 Jake Thompson       #194   Eleanor Thompson    5    discovery 0.6549   ignored
r11 Jake Thompson       #196   James Thompson      6    discovery 0.6040   ignored
r11 Jake Thompson       #185   Emma Hayes          7    discovery 0.6036   ignored
r11 Jake Thompson       #170   Eleanor Thompson    8    discovery 0.5807   ignored
r11 Jake Thompson       #244   Cassandra Johnson   9    discovery 0.5559   ignored
r11 Jake Thompson       #235   Henry Farmer        10   discovery 0.5137   ignored
r11 Jake Thompson       #236   Ethan Grayson       11   discovery 0.5498   ignored
r11 Simon Walker        #204   Emma Hayes          0    network   0.7055   ACTED
r11 Simon Walker        #185   Emma Hayes          1    network   -        ACTED
r11 Simon Walker        #139   Emma Hayes          2    network   -        ACTED
r11 Simon Walker        #114   Emma Hayes          3    network   -        ignored
r11 Simon Walker        #87    Emma Hayes          4    network   -        ignored
r11 Simon Walker        #196   James Thompson      5    fof       0.6318   ignored
r11 Simon Walker        #152   James Thompson      6    fof       -        ignored
r11 Simon Walker        #129   James Thompson      7    fof       -        ignored
r11 Simon Walker        #239   Daniel Rivera       8    discovery 0.8258   ignored
r11 Simon Walker        #241   Emily Thompson      9    discovery 0.7236   ignored
r11 Simon Walker        #224   Emily Thompson      10   discovery 0.6579   ignored
r11 Simon Walker        #236   Ethan Grayson       11   discovery 0.7134   ignored
r11 Emily Carter        #239   Daniel Rivera       0    discovery 0.9010   ignored
r11 Emily Carter        #221   Ethan Grayson       1    discovery 0.7849   ignored
r11 Emily Carter        #204   Emma Hayes          2    discovery 0.7465   ignored
r11 Emily Carter        #205   Simon Walker        3    discovery 0.7227   ignored
r11 Emily Carter        #207   Ethan Grayson       4    discovery 0.6488   ignored
r11 Emily Carter        #194   Eleanor Thompson    5    discovery 0.6435   ignored
r11 Emily Carter        #196   James Thompson      6    discovery 0.6272   ignored
r11 Emily Carter        #236   Ethan Grayson       7    discovery 0.6054   ignored
r11 Emily Carter        #240   Isabella Thompson   8    discovery 0.6031   ignored
r11 Emily Carter        #244   Cassandra Johnson   9    discovery 0.5971   ignored
r11 Emily Carter        #237   Oliver Wang         10   discovery 0.5654   ignored
r11 Emily Carter        #170   Eleanor Thompson    11   discovery 0.5831   ignored
r11 Aria Thompson       #239   Daniel Rivera       0    network   0.8775   ignored
r11 Aria Thompson       #125   Daniel Rivera       1    network   -        ignored
r11 Aria Thompson       #99    Daniel Rivera       2    network   -        ignored
r11 Aria Thompson       #75    Daniel Rivera       3    network   -        ignored
r11 Aria Thompson       #48    Daniel Rivera       4    network   -        ignored
r11 Aria Thompson       #173   Victoria Greene     5    fof       -        ignored
r11 Aria Thompson       #151   Victoria Greene     6    fof       -        ACTED
r11 Aria Thompson       #128   Victoria Greene     7    fof       -        ignored
r11 Aria Thompson       #221   Ethan Grayson       8    discovery 0.8355   ignored
r11 Aria Thompson       #207   Ethan Grayson       9    discovery 0.7236   ignored
r11 Aria Thompson       #164   Jake Thompson       10   discovery 0.4989   ignored
r11 Aria Thompson       #191   Maxwell Armstrong   11   discovery 0.4254   ignored
r11 Henry Farmer        #197   Sophie Green        0    network   -        ignored
r11 Henry Farmer        #53    Sophie Green        1    network   -        ACTED
r11 Henry Farmer        #26    Sophie Green        2    network   -        ignored
r11 Henry Farmer        #222   Sophia Nguyen       3    fof       0.7742   ignored
r11 Henry Farmer        #168   Sophia Nguyen       4    fof       -        ignored
r11 Henry Farmer        #119   Sophia Nguyen       5    fof       -        ignored
r11 Henry Farmer        #243   Emily Watson        6    discovery 0.8187   ignored
r11 Henry Farmer        #244   Cassandra Johnson   7    discovery 0.8138   ignored
r11 Henry Farmer        #231   Alexandra Whitmore  8    discovery 0.8134   ignored
r11 Henry Farmer        #237   Oliver Wang         9    discovery 0.8117   ignored
r11 Henry Farmer        #232   James Miller        10   discovery 0.7836   ignored
r11 Henry Farmer        #213   Olivia Rodriguez    11   discovery 0.6680   ignored
r11 Ethan Grayson       #209   Emily Hayes         0    network   -        ignored
r11 Ethan Grayson       #192   Emily Hayes         1    network   -        ignored
r11 Ethan Grayson       #169   Emily Hayes         2    network   -        ignored
r11 Ethan Grayson       #146   Emily Hayes         3    network   -        ignored
r11 Ethan Grayson       #123   Emily Hayes         4    network   -        ignored
r11 Ethan Grayson       #239   Daniel Rivera       5    discovery 0.8897   ignored
r11 Ethan Grayson       #204   Emma Hayes          6    discovery 0.7217   ignored
r11 Ethan Grayson       #205   Simon Walker        7    discovery 0.6971   ignored
r11 Ethan Grayson       #194   Eleanor Thompson    8    discovery 0.6540   ignored
r11 Ethan Grayson       #185   Emma Hayes          9    discovery 0.6094   ignored
r11 Ethan Grayson       #232   James Miller        10   discovery 0.5022   ignored
r11 Ethan Grayson       #241   Emily Thompson      11   discovery 0.5089   ignored
r11 Sophia Nguyen       #241   Emily Thompson      0    network   0.7819   ACTED
r11 Sophia Nguyen       #238   Daniel Miller       1    network   0.7513   ACTED
r11 Sophia Nguyen       #235   Henry Farmer        2    network   0.7780   ACTED
r11 Sophia Nguyen       #224   Emily Thompson      3    network   0.7514   ignored
r11 Sophia Nguyen       #220   Henry Farmer        4    network   0.7149   ignored
r11 Sophia Nguyen       #204   Emma Hayes          5    fof       0.6889   ACTED
r11 Sophia Nguyen       #196   James Thompson      6    fof       -        ACTED
r11 Sophia Nguyen       #185   Emma Hayes          7    fof       -        ACTED
r11 Sophia Nguyen       #244   Cassandra Johnson   8    discovery 0.7988   ignored
r11 Sophia Nguyen       #245   Simon Greene        9    discovery 0.7984   ignored
r11 Sophia Nguyen       #218   Alexandra Whitmore  10   discovery 0.7202   ignored
r11 Sophia Nguyen       #236   Ethan Grayson       11   discovery 0.7917   ignored
r11 Samuel Reynolds     #173   Victoria Greene     0    network   -        ignored
r11 Samuel Reynolds     #151   Victoria Greene     1    network   -        ignored
r11 Samuel Reynolds     #128   Victoria Greene     2    network   -        ignored
r11 Samuel Reynolds     #23    Victoria Greene     3    network   -        ignored
r11 Samuel Reynolds     #146   Emily Hayes         4    fof       0.3561   ACTED
r11 Samuel Reynolds     #209   Emily Hayes         5    fof       -        ignored
r11 Samuel Reynolds     #192   Emily Hayes         6    fof       -        ignored
r11 Samuel Reynolds     #221   Ethan Grayson       7    discovery 0.8368   ignored
r11 Samuel Reynolds     #239   Daniel Rivera       8    discovery 0.8332   ignored
r11 Samuel Reynolds     #207   Ethan Grayson       9    discovery 0.7635   ignored
r11 Samuel Reynolds     #220   Henry Farmer        10   discovery 0.3444   ignored
r11 Samuel Reynolds     #172   Steven Johnson      11   discovery 0.4296   ignored
r11 Oliver Wang         #209   Emily Hayes         0    network   -        ignored
r11 Oliver Wang         #192   Emily Hayes         1    network   -        ignored
r11 Oliver Wang         #169   Emily Hayes         2    network   -        ignored
r11 Oliver Wang         #146   Emily Hayes         3    network   -        ignored
r11 Oliver Wang         #123   Emily Hayes         4    network   -        ACTED
r11 Oliver Wang         #239   Daniel Rivera       5    discovery 0.7568   ignored
r11 Oliver Wang         #235   Henry Farmer        6    discovery 0.7560   ignored
r11 Oliver Wang         #231   Alexandra Whitmore  7    discovery 0.7553   ignored
r11 Oliver Wang         #243   Emily Watson        8    discovery 0.7544   ignored
r11 Oliver Wang         #240   Isabella Thompson   9    discovery 0.7517   ignored
r11 Oliver Wang         #241   Emily Thompson      10   discovery 0.7460   ignored
r11 Oliver Wang         #206   Henry Farmer        11   discovery 0.6305   ignored
r11 Maxwell Armstrong   #204   Emma Hayes          0    network   0.7179   ignored
r11 Maxwell Armstrong   #185   Emma Hayes          1    network   -        ignored
r11 Maxwell Armstrong   #139   Emma Hayes          2    network   -        ignored
r11 Maxwell Armstrong   #114   Emma Hayes          3    network   -        ignored
r11 Maxwell Armstrong   #87    Emma Hayes          4    network   -        ignored
r11 Maxwell Armstrong   #196   James Thompson      5    fof       0.6397   ACTED
r11 Maxwell Armstrong   #152   James Thompson      6    fof       -        ignored
r11 Maxwell Armstrong   #129   James Thompson      7    fof       -        ignored
r11 Maxwell Armstrong   #239   Daniel Rivera       8    discovery 0.8523   ignored
r11 Maxwell Armstrong   #205   Simon Walker        9    discovery 0.7107   ACTED
r11 Maxwell Armstrong   #223   Isabella Thompson   10   discovery 0.6230   ignored
r11 Maxwell Armstrong   #241   Emily Thompson      11   discovery 0.6936   ignored
r11 Emily Hayes         #239   Daniel Rivera       0    discovery 0.9049   ignored
r11 Emily Hayes         #221   Ethan Grayson       1    discovery 0.7795   ignored
r11 Emily Hayes         #204   Emma Hayes          2    discovery 0.7474   ignored
r11 Emily Hayes         #205   Simon Walker        3    discovery 0.7273   ignored
r11 Emily Hayes         #207   Ethan Grayson       4    discovery 0.6406   ignored
r11 Emily Hayes         #194   Eleanor Thompson    5    discovery 0.6391   ignored
r11 Emily Hayes         #196   James Thompson      6    discovery 0.6296   ignored
r11 Emily Hayes         #240   Isabella Thompson   7    discovery 0.6228   ignored
r11 Emily Hayes         #236   Ethan Grayson       8    discovery 0.6173   ignored
r11 Emily Hayes         #241   Emily Thompson      9    discovery 0.6098   ignored
r11 Emily Hayes         #185   Emma Hayes          10   discovery 0.5697   ignored
r11 Emily Hayes         #238   Daniel Miller       11   discovery 0.5980   ignored
r11 Oliver Robinson     #154   Luna Reyes          0    network   -        ignored
r11 Oliver Robinson     #104   Luna Reyes          1    network   -        ACTED
r11 Oliver Robinson     #79    Luna Reyes          2    network   -        ignored
r11 Oliver Robinson     #52    Luna Reyes          3    network   -        ACTED
r11 Oliver Robinson     #25    Luna Reyes          4    network   -        ignored
r11 Oliver Robinson     #231   Alexandra Whitmore  5    discovery 0.8394   ignored
r11 Oliver Robinson     #235   Henry Farmer        6    discovery 0.8312   ignored
r11 Oliver Robinson     #243   Emily Watson        7    discovery 0.8293   ignored
r11 Oliver Robinson     #240   Isabella Thompson   8    discovery 0.8211   ignored
r11 Oliver Robinson     #236   Ethan Grayson       9    discovery 0.8178   ignored
r11 Oliver Robinson     #220   Henry Farmer        10   discovery 0.7610   ignored
r11 Oliver Robinson     #223   Isabella Thompson   11   discovery 0.7483   ignored
r11 Daniel Miller       #204   Emma Hayes          0    network   -        ignored
r11 Daniel Miller       #185   Emma Hayes          1    network   -        ignored
r11 Daniel Miller       #139   Emma Hayes          2    network   -        ignored
r11 Daniel Miller       #114   Emma Hayes          3    network   -        ignored
r11 Daniel Miller       #87    Emma Hayes          4    network   -        ignored
r11 Daniel Miller       #196   James Thompson      5    fof       -        ACTED
r11 Daniel Miller       #152   James Thompson      6    fof       -        ignored
r11 Daniel Miller       #129   James Thompson      7    fof       -        ignored
r11 Daniel Miller       #240   Isabella Thompson   8    discovery 0.8708   ignored
r11 Daniel Miller       #241   Emily Thompson      9    discovery 0.8638   ignored
r11 Daniel Miller       #236   Ethan Grayson       10   discovery 0.8595   ignored
r11 Daniel Miller       #242   Carlos Rodriguez    11   discovery 0.8150   ignored
r11 Daniel Rivera       #173   Victoria Greene     0    network   -        ignored
r11 Daniel Rivera       #151   Victoria Greene     1    network   -        ignored
r11 Daniel Rivera       #143   Aria Thompson       2    network   -        ignored
r11 Daniel Rivera       #128   Victoria Greene     3    network   -        ignored
r11 Daniel Rivera       #92    Aria Thompson       4    network   -        ignored
r11 Daniel Rivera       #146   Emily Hayes         5    fof       0.3141   ignored
r11 Daniel Rivera       #209   Emily Hayes         6    fof       -        ACTED
r11 Daniel Rivera       #192   Emily Hayes         7    fof       -        ignored
r11 Daniel Rivera       #221   Ethan Grayson       8    discovery 0.8086   ignored
r11 Daniel Rivera       #207   Ethan Grayson       9    discovery 0.7722   ignored
r11 Daniel Rivera       #139   Emma Hayes          10   discovery 0.3905   ignored
r11 Daniel Rivera       #241   Emily Thompson      11   discovery 0.2565   ignored
r11 Eleanor Thompson    #221   Ethan Grayson       0    discovery 0.7792   ignored
r11 Eleanor Thompson    #207   Ethan Grayson       1    discovery 0.7581   ignored
r11 Eleanor Thompson    #239   Daniel Rivera       2    discovery 0.7209   ignored
r11 Eleanor Thompson    #185   Emma Hayes          3    discovery 0.6741   ignored
r11 Eleanor Thompson    #171   Bethany Davidson    4    discovery 0.5641   ignored
r11 Eleanor Thompson    #204   Emma Hayes          5    discovery 0.5457   ignored
r11 Eleanor Thompson    #205   Simon Walker        6    discovery 0.5075   ignored
r11 Eleanor Thompson    #196   James Thompson      7    discovery 0.4080   ignored
r11 Eleanor Thompson    #139   Emma Hayes          8    discovery 0.3710   ignored
r11 Eleanor Thompson    #164   Jake Thompson       9    discovery 0.3699   ignored
r11 Eleanor Thompson    #218   Alexandra Whitmore  10   discovery 0.2470   ignored
r11 Eleanor Thompson    #241   Emily Thompson      11   discovery 0.2215   ignored
r11 Bethany Davidson    #143   Aria Thompson       0    network   -        ACTED
r11 Bethany Davidson    #92    Aria Thompson       1    network   -        ignored
r11 Bethany Davidson    #69    Aria Thompson       2    network   -        ignored
r11 Bethany Davidson    #42    Aria Thompson       3    network   -        ACTED
r11 Bethany Davidson    #8     Aria Thompson       4    network   -        ignored
r11 Bethany Davidson    #239   Daniel Rivera       5    fof       0.6974   ignored
r11 Bethany Davidson    #125   Daniel Rivera       6    fof       -        ignored
r11 Bethany Davidson    #99    Daniel Rivera       7    fof       -        ignored
r11 Bethany Davidson    #221   Ethan Grayson       8    discovery 0.7593   ignored
r11 Bethany Davidson    #207   Ethan Grayson       9    discovery 0.7412   ignored
r11 Bethany Davidson    #228   Henry Richardson    10   discovery 0.2513   ignored
r11 Bethany Davidson    #243   Emily Watson        11   discovery 0.2075   ignored
r11 Isabella Thompson   #196   James Thompson      0    network   -        ignored
r11 Isabella Thompson   #152   James Thompson      1    network   -        ignored
r11 Isabella Thompson   #129   James Thompson      2    network   -        ignored
r11 Isabella Thompson   #102   James Thompson      3    network   -        ignored
r11 Isabella Thompson   #77    James Thompson      4    network   -        ignored
r11 Isabella Thompson   #209   Emily Hayes         5    fof       0.6901   ignored
r11 Isabella Thompson   #192   Emily Hayes         6    fof       -        ignored
r11 Isabella Thompson   #169   Emily Hayes         7    fof       -        ignored
r11 Isabella Thompson   #236   Ethan Grayson       8    discovery 0.8385   ignored
r11 Isabella Thompson   #233   Simon Walker        9    discovery 0.8298   ignored
r11 Isabella Thompson   #235   Henry Farmer        10   discovery 0.8022   ignored
r11 Isabella Thompson   #231   Alexandra Whitmore  11   discovery 0.8137   ignored
r11 Steven Johnson      #221   Ethan Grayson       0    discovery 0.8005   ignored
r11 Steven Johnson      #207   Ethan Grayson       1    discovery 0.7686   ignored
r11 Steven Johnson      #239   Daniel Rivera       2    discovery 0.7507   ignored
r11 Steven Johnson      #185   Emma Hayes          3    discovery 0.6831   ignored
r11 Steven Johnson      #194   Eleanor Thompson    4    discovery 0.6329   ignored
r11 Steven Johnson      #171   Bethany Davidson    5    discovery 0.5757   ignored
r11 Steven Johnson      #204   Emma Hayes          6    discovery 0.5718   ignored
r11 Steven Johnson      #205   Simon Walker        7    discovery 0.5280   ignored
r11 Steven Johnson      #170   Eleanor Thompson    8    discovery 0.4834   ignored
r11 Steven Johnson      #196   James Thompson      9    discovery 0.4306   ignored
r11 Steven Johnson      #218   Alexandra Whitmore  10   discovery 0.2613   ignored
r11 Steven Johnson      #217   James Miller        11   discovery 0.2358   ignored
r11 Victoria Greene     #209   Emily Hayes         0    network   -        ignored
r11 Victoria Greene     #192   Emily Hayes         1    network   -        ignored
r11 Victoria Greene     #169   Emily Hayes         2    network   -        ignored
r11 Victoria Greene     #146   Emily Hayes         3    network   -        ignored
r11 Victoria Greene     #123   Emily Hayes         4    network   -        ignored
r11 Victoria Greene     #239   Daniel Rivera       5    discovery 0.8844   ignored
r11 Victoria Greene     #221   Ethan Grayson       6    discovery 0.7630   ignored
r11 Victoria Greene     #204   Emma Hayes          7    discovery 0.7356   ignored
r11 Victoria Greene     #205   Simon Walker        8    discovery 0.7267   ignored
r11 Victoria Greene     #240   Isabella Thompson   9    discovery 0.6323   ignored
r11 Victoria Greene     #228   Henry Richardson    10   discovery 0.6160   ignored
r11 Victoria Greene     #244   Cassandra Johnson   11   discovery 0.6233   ignored
r11 James Thompson      #209   Emily Hayes         0    network   -        ignored
r11 James Thompson      #192   Emily Hayes         1    network   -        ignored
r11 James Thompson      #169   Emily Hayes         2    network   -        ignored
r11 James Thompson      #146   Emily Hayes         3    network   0.3093   ignored
r11 James Thompson      #123   Emily Hayes         4    network   -        ignored
r11 James Thompson      #221   Ethan Grayson       5    discovery 0.8003   ignored
r11 James Thompson      #207   Ethan Grayson       6    discovery 0.7689   ignored
r11 James Thompson      #239   Daniel Rivera       7    discovery 0.7507   ignored
r11 James Thompson      #185   Emma Hayes          8    discovery 0.6831   ignored
r11 James Thompson      #194   Eleanor Thompson    9    discovery 0.6311   ignored
r11 James Thompson      #243   Emily Watson        10   discovery 0.2383   ignored
r11 James Thompson      #171   Bethany Davidson    11   discovery 0.5746   ignored
r11 Michael Thompson    #204   Emma Hayes          0    network   0.6846   ignored
r11 Michael Thompson    #185   Emma Hayes          1    network   -        ignored
r11 Michael Thompson    #139   Emma Hayes          2    network   -        ACTED
r11 Michael Thompson    #114   Emma Hayes          3    network   -        ignored
r11 Michael Thompson    #87    Emma Hayes          4    network   -        ignored
r11 Michael Thompson    #196   James Thompson      5    fof       -        ignored
r11 Michael Thompson    #152   James Thompson      6    fof       -        ignored
r11 Michael Thompson    #129   James Thompson      7    fof       -        ignored
r11 Michael Thompson    #239   Daniel Rivera       8    discovery 0.7816   ignored
r11 Michael Thompson    #241   Emily Thompson      9    discovery 0.7720   ignored
r11 Michael Thompson    #220   Henry Farmer        10   discovery 0.6853   ignored
r11 Michael Thompson    #236   Ethan Grayson       11   discovery 0.7473   ignored
r11 Luna Reyes          #239   Daniel Rivera       0    discovery 0.8585   ignored
r11 Luna Reyes          #221   Ethan Grayson       1    discovery 0.7262   ignored
r11 Luna Reyes          #204   Emma Hayes          2    discovery 0.7255   ignored
r11 Luna Reyes          #205   Simon Walker        3    discovery 0.6982   ignored
r11 Luna Reyes          #245   Simon Greene        4    discovery 0.6840   ignored
r11 Luna Reyes          #244   Cassandra Johnson   5    discovery 0.6739   ignored
r11 Luna Reyes          #241   Emily Thompson      6    discovery 0.6712   ignored
r11 Luna Reyes          #236   Ethan Grayson       7    discovery 0.6701   ignored
r11 Luna Reyes          #240   Isabella Thompson   8    discovery 0.6623   ignored
r11 Luna Reyes          #231   Alexandra Whitmore  9    discovery 0.6553   ignored
r11 Luna Reyes          #229   Cassandra Johnson   10   discovery 0.6246   ignored
r11 Luna Reyes          #222   Sophia Nguyen       11   discovery 0.6330   ignored
r11 Sophie Green        #222   Sophia Nguyen       0    network   0.7741   ignored
r11 Sophie Green        #168   Sophia Nguyen       1    network   -        ACTED
r11 Sophie Green        #119   Sophia Nguyen       2    network   -        ACTED
r11 Sophie Green        #94    Sophia Nguyen       3    network   -        ignored
r11 Sophie Green        #71    Sophia Nguyen       4    network   -        ignored
r11 Sophie Green        #241   Emily Thompson      5    fof       0.8308   ignored
r11 Sophie Green        #235   Henry Farmer        6    fof       0.8283   ignored
r11 Sophie Green        #238   Daniel Miller       7    fof       0.8142   ignored
r11 Sophie Green        #237   Oliver Wang         8    discovery 0.9067   ignored
r11 Sophie Green        #243   Emily Watson        9    discovery 0.8433   ignored
r11 Sophie Green        #227   Emily Watson        10   discovery 0.7682   ignored
r11 Sophie Green        #228   Henry Richardson    11   discovery 0.7499   ignored
r11 Nathan Brooks       #239   Daniel Rivera       0    discovery 0.8877   ignored
r11 Nathan Brooks       #204   Emma Hayes          1    discovery 0.7518   ignored
r11 Nathan Brooks       #221   Ethan Grayson       2    discovery 0.7379   ignored
r11 Nathan Brooks       #205   Simon Walker        3    discovery 0.7182   ignored
r11 Nathan Brooks       #240   Isabella Thompson   4    discovery 0.6835   ignored
r11 Nathan Brooks       #236   Ethan Grayson       5    discovery 0.6824   ignored
r11 Nathan Brooks       #233   Simon Walker        6    discovery 0.6776   ignored
r11 Nathan Brooks       #232   James Miller        7    discovery 0.6596   ignored
r11 Nathan Brooks       #228   Henry Richardson    8    discovery 0.6577   ignored
r11 Nathan Brooks       #244   Cassandra Johnson   9    discovery 0.6550   ignored
r11 Nathan Brooks       #226   Carlos Rodriguez    10   discovery 0.5941   ignored
r11 Nathan Brooks       #224   Emily Thompson      11   discovery 0.6141   ignored
r11 Emily Thompson      #196   James Thompson      0    network   0.5429   ignored
r11 Emily Thompson      #152   James Thompson      1    network   -        ignored
r11 Emily Thompson      #129   James Thompson      2    network   -        ignored
r11 Emily Thompson      #102   James Thompson      3    network   -        ignored
r11 Emily Thompson      #77    James Thompson      4    network   -        ignored
r11 Emily Thompson      #146   Emily Hayes         5    fof       0.3884   ignored
r11 Emily Thompson      #209   Emily Hayes         6    fof       -        ignored
r11 Emily Thompson      #192   Emily Hayes         7    fof       -        ignored
r11 Emily Thompson      #239   Daniel Rivera       8    discovery 0.8782   ignored
r11 Emily Thompson      #221   Ethan Grayson       9    discovery 0.8468   ignored
r11 Emily Thompson      #207   Ethan Grayson       10   discovery 0.7438   ignored
r11 Emily Thompson      #243   Emily Watson        11   discovery 0.3742   ignored
r11 Olivia Garcia       #172   Steven Johnson      0    network   -        ignored
r11 Olivia Garcia       #150   Steven Johnson      1    network   -        ACTED
r11 Olivia Garcia       #127   Steven Johnson      2    network   -        ACTED
r11 Olivia Garcia       #22    Steven Johnson      3    network   -        ACTED
r11 Olivia Garcia       #239   Daniel Rivera       4    discovery 0.8826   ignored
r11 Olivia Garcia       #221   Ethan Grayson       5    discovery 0.7707   ACTED
r11 Olivia Garcia       #204   Emma Hayes          6    discovery 0.7297   ignored
r11 Olivia Garcia       #205   Simon Walker        7    discovery 0.7006   ignored
r11 Olivia Garcia       #207   Ethan Grayson       8    discovery 0.6485   ignored
r11 Olivia Garcia       #194   Eleanor Thompson    9    discovery 0.6257   ignored
r11 Olivia Garcia       #220   Henry Farmer        10   discovery 0.5627   ignored
r11 Olivia Garcia       #236   Ethan Grayson       11   discovery 0.6105   ignored
r11 Olivia Rodriguez    #198   Nathan Brooks       0    network   -        ignored
r11 Olivia Rodriguez    #174   Nathan Brooks       1    network   -        ignored
r11 Olivia Rodriguez    #155   Nathan Brooks       2    network   -        ACTED
r11 Olivia Rodriguez    #131   Nathan Brooks       3    network   -        ignored
r11 Olivia Rodriguez    #105   Nathan Brooks       4    network   -        ignored
r11 Olivia Rodriguez    #245   Simon Greene        5    discovery 0.8526   ignored
r11 Olivia Rodriguez    #243   Emily Watson        6    discovery 0.8342   ignored
r11 Olivia Rodriguez    #240   Isabella Thompson   7    discovery 0.8321   ignored
r11 Olivia Rodriguez    #231   Alexandra Whitmore  8    discovery 0.8290   ignored
r11 Olivia Rodriguez    #241   Emily Thompson      9    discovery 0.8261   ignored
r11 Olivia Rodriguez    #234   Simon Walker        10   discovery 0.8087   ignored
r11 Olivia Rodriguez    #224   Emily Thompson      11   discovery 0.7806   ignored
r11 Carlos Rodriguez    #209   Emily Hayes         0    network   0.6779   ignored
r11 Carlos Rodriguez    #192   Emily Hayes         1    network   -        ignored
r11 Carlos Rodriguez    #169   Emily Hayes         2    network   -        ignored
r11 Carlos Rodriguez    #146   Emily Hayes         3    network   -        ACTED
r11 Carlos Rodriguez    #123   Emily Hayes         4    network   -        ACTED
r11 Carlos Rodriguez    #241   Emily Thompson      5    discovery 0.8287   ignored
r11 Carlos Rodriguez    #245   Simon Greene        6    discovery 0.8198   ignored
r11 Carlos Rodriguez    #236   Ethan Grayson       7    discovery 0.8191   ignored
r11 Carlos Rodriguez    #240   Isabella Thompson   8    discovery 0.8150   ignored
r11 Carlos Rodriguez    #237   Oliver Wang         9    discovery 0.8107   ignored
r11 Carlos Rodriguez    #216   Cassandra Johnson   10   discovery 0.6726   ignored
r11 Carlos Rodriguez    #219   Ryan Johnson        11   discovery 0.7358   ignored
r11 Emily Watson        #240   Isabella Thompson   0    discovery 0.8139   ignored
r11 Emily Watson        #231   Alexandra Whitmore  1    discovery 0.8134   ignored
r11 Emily Watson        #235   Henry Farmer        2    discovery 0.8102   ignored
r11 Emily Watson        #236   Ethan Grayson       3    discovery 0.8071   ignored
r11 Emily Watson        #244   Cassandra Johnson   4    discovery 0.8041   ignored
r11 Emily Watson        #245   Simon Greene        5    discovery 0.8021   ignored
r11 Emily Watson        #241   Emily Thompson      6    discovery 0.8019   ignored
r11 Emily Watson        #237   Oliver Wang         7    discovery 0.7997   ignored
r11 Emily Watson        #233   Simon Walker        8    discovery 0.7949   ignored
r11 Emily Watson        #232   James Miller        9    discovery 0.7929   ignored
r11 Emily Watson        #213   Olivia Rodriguez    10   discovery 0.6699   ignored
r11 Emily Watson        #234   Simon Walker        11   discovery 0.7490   ignored
r11 Henry Richardson    #239   Daniel Rivera       0    discovery 0.8895   ignored
r11 Henry Richardson    #221   Ethan Grayson       1    discovery 0.8396   ignored
r11 Henry Richardson    #207   Ethan Grayson       2    discovery 0.7228   ignored
r11 Henry Richardson    #204   Emma Hayes          3    discovery 0.7078   ACTED
r11 Henry Richardson    #194   Eleanor Thompson    4    discovery 0.6767   ignored
r11 Henry Richardson    #205   Simon Walker        5    discovery 0.6726   ACTED
r11 Henry Richardson    #185   Emma Hayes          6    discovery 0.6419   ignored
r11 Henry Richardson    #171   Bethany Davidson    7    discovery 0.5706   ignored
r11 Henry Richardson    #196   James Thompson      8    discovery 0.5680   ignored
r11 Henry Richardson    #170   Eleanor Thompson    9    discovery 0.5640   ignored
r11 Henry Richardson    #245   Simon Greene        10   discovery 0.4171   ignored
r11 Henry Richardson    #237   Oliver Wang         11   discovery 0.4217   ignored
r11 Cassandra Johnson   #245   Simon Greene        0    discovery 0.8445   ignored
r11 Cassandra Johnson   #241   Emily Thompson      1    discovery 0.8319   ignored
r11 Cassandra Johnson   #240   Isabella Thompson   2    discovery 0.8293   ignored
r11 Cassandra Johnson   #243   Emily Watson        3    discovery 0.8272   ignored
r11 Cassandra Johnson   #237   Oliver Wang         4    discovery 0.8236   ignored
r11 Cassandra Johnson   #231   Alexandra Whitmore  5    discovery 0.8221   ignored
r11 Cassandra Johnson   #236   Ethan Grayson       6    discovery 0.8216   ignored
r11 Cassandra Johnson   #235   Henry Farmer        7    discovery 0.8105   ignored
r11 Cassandra Johnson   #232   James Miller        8    discovery 0.8070   ignored
r11 Cassandra Johnson   #242   Carlos Rodriguez    9    discovery 0.8020   ignored
r11 Cassandra Johnson   #227   Emily Watson        10   discovery 0.7576   ignored
r11 Cassandra Johnson   #215   Emily Watson        11   discovery 0.6988   ignored
r11 Simon Greene        #251   Oliver Wang         0    network   -        ignored
r11 Simon Greene        #237   Oliver Wang         1    network   0.3942   ignored
r11 Simon Greene        #209   Emily Hayes         2    network   -        ignored
r11 Simon Greene        #192   Emily Hayes         3    network   -        ignored
r11 Simon Greene        #190   Oliver Wang         4    network   -        ignored
r11 Simon Greene        #239   Daniel Rivera       5    discovery 0.8732   ignored
r11 Simon Greene        #221   Ethan Grayson       6    discovery 0.8376   ignored
r11 Simon Greene        #207   Ethan Grayson       7    discovery 0.7322   ignored
r11 Simon Greene        #204   Emma Hayes          8    discovery 0.6929   ignored
r11 Simon Greene        #194   Eleanor Thompson    9    discovery 0.6743   ignored
r11 Simon Greene        #171   Bethany Davidson    10   discovery 0.5746   ignored
r11 Simon Greene        #218   Alexandra Whitmore  11   discovery 0.3937   ignored
r12 James Miller        #262   Carlos Rodriguez    0    discovery 0.8621   ignored
r12 James Miller        #257   Nathan Brooks       1    discovery 0.8498   ignored
r12 James Miller        #254   Bethany Davidson    2    discovery 0.8364   ignored
r12 James Miller        #260   Carlos Rodriguez    3    discovery 0.8107   ignored
r12 James Miller        #261   Carlos Rodriguez    4    discovery 0.7843   ignored
r12 James Miller        #263   Emily Watson        5    discovery 0.7842   ignored
r12 James Miller        #251   Oliver Wang         6    discovery 0.7785   ignored
r12 James Miller        #255   Isabella Thompson   7    discovery 0.7785   ignored
r12 James Miller        #249   Jake Thompson       8    discovery 0.7689   ignored
r12 James Miller        #246   Alexandra Whitmore  9    discovery 0.7651   ignored
r12 James Miller        #224   Emily Thompson      10   discovery 0.6899   ignored
r12 James Miller        #252   Maxwell Armstrong   11   discovery 0.7508   ignored
r12 Emma Hayes          #196   James Thompson      0    network   0.3701   ignored
r12 Emma Hayes          #152   James Thompson      1    network   -        ignored
r12 Emma Hayes          #129   James Thompson      2    network   -        ignored
r12 Emma Hayes          #102   James Thompson      3    network   -        ignored
r12 Emma Hayes          #77    James Thompson      4    network   -        ignored
r12 Emma Hayes          #209   Emily Hayes         5    fof       -        ignored
r12 Emma Hayes          #192   Emily Hayes         6    fof       -        ignored
r12 Emma Hayes          #169   Emily Hayes         7    fof       -        ignored
r12 Emma Hayes          #264   Simon Greene        8    discovery 0.8829   ignored
r12 Emma Hayes          #258   Olivia Garcia       9    discovery 0.8575   ignored
r12 Emma Hayes          #244   Cassandra Johnson   10   discovery 0.2549   ignored
r12 Emma Hayes          #248   Ryan Johnson        11   discovery 0.2494   ignored
r12 Ryan Johnson        #197   Sophie Green        0    network   -        ACTED
r12 Ryan Johnson        #53    Sophie Green        1    network   -        ignored
r12 Ryan Johnson        #26    Sophie Green        2    network   -        ignored
r12 Ryan Johnson        #222   Sophia Nguyen       3    fof       -        ignored
r12 Ryan Johnson        #168   Sophia Nguyen       4    fof       -        ACTED
r12 Ryan Johnson        #119   Sophia Nguyen       5    fof       -        ACTED
r12 Ryan Johnson        #257   Nathan Brooks       6    discovery 0.8563   ignored
r12 Ryan Johnson        #262   Carlos Rodriguez    7    discovery 0.8390   ignored
r12 Ryan Johnson        #254   Bethany Davidson    8    discovery 0.8187   ignored
r12 Ryan Johnson        #239   Daniel Rivera       9    discovery 0.7511   ignored
r12 Ryan Johnson        #245   Simon Greene        10   discovery 0.6543   ignored
r12 Ryan Johnson        #244   Cassandra Johnson   11   discovery 0.6767   ignored
r12 Alexandra Whitmore  #254   Bethany Davidson    0    network   0.8503   ignored
r12 Alexandra Whitmore  #171   Bethany Davidson    1    network   -        ignored
r12 Alexandra Whitmore  #101   Bethany Davidson    2    network   -        ignored
r12 Alexandra Whitmore  #76    Bethany Davidson    3    network   -        ignored
r12 Alexandra Whitmore  #49    Bethany Davidson    4    network   -        ignored
r12 Alexandra Whitmore  #143   Aria Thompson       5    fof       -        ignored
r12 Alexandra Whitmore  #92    Aria Thompson       6    fof       -        ACTED
r12 Alexandra Whitmore  #69    Aria Thompson       7    fof       -        ignored
r12 Alexandra Whitmore  #262   Carlos Rodriguez    8    discovery 0.8723   ignored
r12 Alexandra Whitmore  #257   Nathan Brooks       9    discovery 0.8622   ignored
r12 Alexandra Whitmore  #264   Simon Greene        10   discovery 0.6814   ignored
r12 Alexandra Whitmore  #236   Ethan Grayson       11   discovery 0.7137   ignored
r12 Jake Thompson       #257   Nathan Brooks       0    discovery 0.8785   ignored
r12 Jake Thompson       #258   Olivia Garcia       1    discovery 0.8624   ignored
r12 Jake Thompson       #264   Simon Greene        2    discovery 0.8446   ignored
r12 Jake Thompson       #262   Carlos Rodriguez    3    discovery 0.8363   ignored
r12 Jake Thompson       #239   Daniel Rivera       4    discovery 0.8231   ignored
r12 Jake Thompson       #254   Bethany Davidson    5    discovery 0.7175   ignored
r12 Jake Thompson       #221   Ethan Grayson       6    discovery 0.7150   ignored
r12 Jake Thompson       #204   Emma Hayes          7    discovery 0.6574   ignored
r12 Jake Thompson       #205   Simon Walker        8    discovery 0.6252   ignored
r12 Jake Thompson       #246   Alexandra Whitmore  9    discovery 0.5998   ignored
r12 Jake Thompson       #248   Ryan Johnson        10   discovery 0.5878   ignored
r12 Jake Thompson       #244   Cassandra Johnson   11   discovery 0.5387   ignored
r12 Simon Walker        #204   Emma Hayes          0    network   -        ACTED
r12 Simon Walker        #185   Emma Hayes          1    network   -        ACTED
r12 Simon Walker        #139   Emma Hayes          2    network   -        ACTED
r12 Simon Walker        #114   Emma Hayes          3    network   -        ignored
r12 Simon Walker        #87    Emma Hayes          4    network   -        ignored
r12 Simon Walker        #196   James Thompson      5    fof       -        ignored
r12 Simon Walker        #152   James Thompson      6    fof       -        ignored
r12 Simon Walker        #129   James Thompson      7    fof       -        ignored
r12 Simon Walker        #257   Nathan Brooks       8    discovery 0.8579   ignored
r12 Simon Walker        #262   Carlos Rodriguez    9    discovery 0.8485   ignored
r12 Simon Walker        #252   Maxwell Armstrong   10   discovery 0.7171   ignored
r12 Simon Walker        #241   Emily Thompson      11   discovery 0.6662   ignored
r12 Emily Carter        #257   Nathan Brooks       0    discovery 0.8891   ignored
r12 Emily Carter        #258   Olivia Garcia       1    discovery 0.8616   ignored
r12 Emily Carter        #262   Carlos Rodriguez    2    discovery 0.8454   ignored
r12 Emily Carter        #264   Simon Greene        3    discovery 0.8384   ignored
r12 Emily Carter        #239   Daniel Rivera       4    discovery 0.8296   ignored
r12 Emily Carter        #254   Bethany Davidson    5    discovery 0.7370   ignored
r12 Emily Carter        #221   Ethan Grayson       6    discovery 0.7120   ignored
r12 Emily Carter        #204   Emma Hayes          7    discovery 0.6634   ignored
r12 Emily Carter        #205   Simon Walker        8    discovery 0.6422   ignored
r12 Emily Carter        #251   Oliver Wang         9    discovery 0.6031   ignored
r12 Emily Carter        #207   Ethan Grayson       10   discovery 0.5766   ignored
r12 Emily Carter        #247   James Miller        11   discovery 0.5871   ignored
r12 Aria Thompson       #239   Daniel Rivera       0    network   0.8079   ignored
r12 Aria Thompson       #125   Daniel Rivera       1    network   -        ignored
r12 Aria Thompson       #99    Daniel Rivera       2    network   -        ignored
r12 Aria Thompson       #75    Daniel Rivera       3    network   -        ignored
r12 Aria Thompson       #48    Daniel Rivera       4    network   -        ignored
r12 Aria Thompson       #256   Victoria Greene     5    fof       0.4091   ignored
r12 Aria Thompson       #173   Victoria Greene     6    fof       -        ignored
r12 Aria Thompson       #151   Victoria Greene     7    fof       -        ACTED
r12 Aria Thompson       #258   Olivia Garcia       8    discovery 0.9044   ignored
r12 Aria Thompson       #264   Simon Greene        9    discovery 0.9000   ignored
r12 Aria Thompson       #228   Henry Richardson    10   discovery 0.4046   ignored
r12 Aria Thompson       #204   Emma Hayes          11   discovery 0.6209   ignored
r12 Henry Farmer        #197   Sophie Green        0    network   -        ignored
r12 Henry Farmer        #53    Sophie Green        1    network   -        ACTED
r12 Henry Farmer        #26    Sophie Green        2    network   -        ignored
r12 Henry Farmer        #222   Sophia Nguyen       3    fof       0.7212   ignored
r12 Henry Farmer        #168   Sophia Nguyen       4    fof       -        ignored
r12 Henry Farmer        #119   Sophia Nguyen       5    fof       -        ignored
r12 Henry Farmer        #263   Emily Watson        6    discovery 0.8699   ignored
r12 Henry Farmer        #248   Ryan Johnson        7    discovery 0.8505   ignored
r12 Henry Farmer        #260   Carlos Rodriguez    8    discovery 0.8482   ignored
r12 Henry Farmer        #251   Oliver Wang         9    discovery 0.8449   ignored
r12 Henry Farmer        #224   Emily Thompson      10   discovery 0.7099   ignored
r12 Henry Farmer        #236   Ethan Grayson       11   discovery 0.7630   ignored
r12 Ethan Grayson       #209   Emily Hayes         0    network   -        ignored
r12 Ethan Grayson       #192   Emily Hayes         1    network   -        ignored
r12 Ethan Grayson       #169   Emily Hayes         2    network   -        ignored
r12 Ethan Grayson       #146   Emily Hayes         3    network   -        ignored
r12 Ethan Grayson       #123   Emily Hayes         4    network   -        ignored
r12 Ethan Grayson       #258   Olivia Garcia       5    discovery 0.8831   ignored
r12 Ethan Grayson       #264   Simon Greene        6    discovery 0.8728   ignored
r12 Ethan Grayson       #257   Nathan Brooks       7    discovery 0.8637   ignored
r12 Ethan Grayson       #239   Daniel Rivera       8    discovery 0.8191   ignored
r12 Ethan Grayson       #262   Carlos Rodriguez    9    discovery 0.8021   ignored
r12 Ethan Grayson       #253   Oliver Robinson     10   discovery 0.4792   ignored
r12 Ethan Grayson       #170   Eleanor Thompson    11   discovery 0.4714   ignored
r12 Sophia Nguyen       #250   Henry Farmer        0    network   0.7765   ACTED
r12 Sophia Nguyen       #241   Emily Thompson      1    network   0.7199   ACTED
r12 Sophia Nguyen       #238   Daniel Miller       2    network   -        ACTED
r12 Sophia Nguyen       #235   Henry Farmer        3    network   0.7164   ACTED
r12 Sophia Nguyen       #224   Emily Thompson      4    network   -        ignored
r12 Sophia Nguyen       #204   Emma Hayes          5    fof       -        ACTED
r12 Sophia Nguyen       #196   James Thompson      6    fof       -        ACTED
r12 Sophia Nguyen       #185   Emma Hayes          7    fof       -        ACTED
r12 Sophia Nguyen       #262   Carlos Rodriguez    8    discovery 0.8549   ignored
r12 Sophia Nguyen       #257   Nathan Brooks       9    discovery 0.8350   ignored
r12 Sophia Nguyen       #253   Oliver Robinson     10   discovery 0.7522   ignored
r12 Sophia Nguyen       #245   Simon Greene        11   discovery 0.7351   ignored
r12 Samuel Reynolds     #256   Victoria Greene     0    network   -        ignored
r12 Samuel Reynolds     #173   Victoria Greene     1    network   -        ignored
r12 Samuel Reynolds     #151   Victoria Greene     2    network   -        ignored
r12 Samuel Reynolds     #128   Victoria Greene     3    network   -        ignored
r12 Samuel Reynolds     #23    Victoria Greene     4    network   -        ignored
r12 Samuel Reynolds     #209   Emily Hayes         5    fof       -        ignored
r12 Samuel Reynolds     #192   Emily Hayes         6    fof       -        ignored
r12 Samuel Reynolds     #169   Emily Hayes         7    fof       -        ignored
r12 Samuel Reynolds     #264   Simon Greene        8    discovery 0.9156   ignored
r12 Samuel Reynolds     #258   Olivia Garcia       9    discovery 0.9071   ignored
r12 Samuel Reynolds     #172   Steven Johnson      10   discovery 0.3541   ignored
r12 Samuel Reynolds     #164   Jake Thompson       11   discovery 0.3762   ignored
r12 Oliver Wang         #209   Emily Hayes         0    network   -        ignored
r12 Oliver Wang         #192   Emily Hayes         1    network   -        ignored
r12 Oliver Wang         #169   Emily Hayes         2    network   -        ignored
r12 Oliver Wang         #146   Emily Hayes         3    network   -        ignored
r12 Oliver Wang         #123   Emily Hayes         4    network   -        ACTED
r12 Oliver Wang         #254   Bethany Davidson    5    discovery 0.8543   ignored
r12 Oliver Wang         #255   Isabella Thompson   6    discovery 0.8417   ignored
r12 Oliver Wang         #262   Carlos Rodriguez    7    discovery 0.8405   ignored
r12 Oliver Wang         #246   Alexandra Whitmore  8    discovery 0.8214   ignored
r12 Oliver Wang         #257   Nathan Brooks       9    discovery 0.8188   ignored
r12 Oliver Wang         #263   Emily Watson        10   discovery 0.8146   ignored
r12 Oliver Wang         #236   Ethan Grayson       11   discovery 0.7520   ignored
r12 Maxwell Armstrong   #255   Isabella Thompson   0    network   0.5769   ignored
r12 Maxwell Armstrong   #240   Isabella Thompson   1    network   0.5312   ignored
r12 Maxwell Armstrong   #223   Isabella Thompson   2    network   -        ignored
r12 Maxwell Armstrong   #211   Isabella Thompson   3    network   -        ACTED
r12 Maxwell Armstrong   #204   Emma Hayes          4    network   0.6455   ignored
r12 Maxwell Armstrong   #196   James Thompson      5    fof       0.5257   ACTED
r12 Maxwell Armstrong   #152   James Thompson      6    fof       -        ignored
r12 Maxwell Armstrong   #129   James Thompson      7    fof       -        ignored
r12 Maxwell Armstrong   #257   Nathan Brooks       8    discovery 0.8683   ignored
r12 Maxwell Armstrong   #258   Olivia Garcia       9    discovery 0.8627   ignored
r12 Maxwell Armstrong   #228   Henry Richardson    10   discovery 0.5228   ignored
r12 Maxwell Armstrong   #248   Ryan Johnson        11   discovery 0.5947   ignored
r12 Emily Hayes         #257   Nathan Brooks       0    discovery 0.8958   ignored
r12 Emily Hayes         #258   Olivia Garcia       1    discovery 0.8531   ignored
r12 Emily Hayes         #262   Carlos Rodriguez    2    discovery 0.8492   ignored
r12 Emily Hayes         #239   Daniel Rivera       3    discovery 0.8332   ignored
r12 Emily Hayes         #264   Simon Greene        4    discovery 0.8300   ignored
r12 Emily Hayes         #254   Bethany Davidson    5    discovery 0.7469   ignored
r12 Emily Hayes         #221   Ethan Grayson       6    discovery 0.7070   ignored
r12 Emily Hayes         #204   Emma Hayes          7    discovery 0.6642   ignored
r12 Emily Hayes         #205   Simon Walker        8    discovery 0.6463   ignored
r12 Emily Hayes         #248   Ryan Johnson        9    discovery 0.6252   ignored
r12 Emily Hayes         #244   Cassandra Johnson   10   discovery 0.5606   ignored
r12 Emily Hayes         #251   Oliver Wang         11   discovery 0.6228   ignored
r12 Oliver Robinson     #154   Luna Reyes          0    network   -        ignored
r12 Oliver Robinson     #104   Luna Reyes          1    network   -        ACTED
r12 Oliver Robinson     #79    Luna Reyes          2    network   -        ignored
r12 Oliver Robinson     #52    Luna Reyes          3    network   -        ACTED
r12 Oliver Robinson     #25    Luna Reyes          4    network   -        ignored
r12 Oliver Robinson     #263   Emily Watson        5    discovery 0.8364   ignored
r12 Oliver Robinson     #250   Henry Farmer        6    discovery 0.8278   ignored
r12 Oliver Robinson     #248   Ryan Johnson        7    discovery 0.8220   ignored
r12 Oliver Robinson     #251   Oliver Wang         8    discovery 0.8196   ignored
r12 Oliver Robinson     #255   Isabella Thompson   9    discovery 0.8196   ignored
r12 Oliver Robinson     #242   Carlos Rodriguez    10   discovery 0.7441   ignored
r12 Oliver Robinson     #259   Olivia Rodriguez    11   discovery 0.7809   ignored
r12 Daniel Miller       #204   Emma Hayes          0    network   -        ignored
r12 Daniel Miller       #185   Emma Hayes          1    network   -        ignored
r12 Daniel Miller       #139   Emma Hayes          2    network   -        ignored
r12 Daniel Miller       #114   Emma Hayes          3    network   -        ignored
r12 Daniel Miller       #87    Emma Hayes          4    network   -        ignored
r12 Daniel Miller       #196   James Thompson      5    fof       -        ACTED
r12 Daniel Miller       #152   James Thompson      6    fof       -        ignored
r12 Daniel Miller       #129   James Thompson      7    fof       -        ignored
r12 Daniel Miller       #251   Oliver Wang         8    discovery 0.8708   ignored
r12 Daniel Miller       #255   Isabella Thompson   9    discovery 0.8708   ignored
r12 Daniel Miller       #248   Ryan Johnson        10   discovery 0.8467   ignored
r12 Daniel Miller       #231   Alexandra Whitmore  11   discovery 0.7495   ignored
r12 Daniel Rivera       #256   Victoria Greene     0    network   -        ignored
r12 Daniel Rivera       #173   Victoria Greene     1    network   -        ignored
r12 Daniel Rivera       #151   Victoria Greene     2    network   -        ignored
r12 Daniel Rivera       #143   Aria Thompson       3    network   -        ignored
r12 Daniel Rivera       #128   Victoria Greene     4    network   -        ignored
r12 Daniel Rivera       #209   Emily Hayes         5    fof       -        ACTED
r12 Daniel Rivera       #192   Emily Hayes         6    fof       -        ignored
r12 Daniel Rivera       #169   Emily Hayes         7    fof       -        ACTED
r12 Daniel Rivera       #264   Simon Greene        8    discovery 0.8920   ignored
r12 Daniel Rivera       #258   Olivia Garcia       9    discovery 0.8674   ignored
r12 Daniel Rivera       #257   Nathan Brooks       10   discovery 0.6628   ignored
r12 Daniel Rivera       #228   Henry Richardson    11   discovery 0.2658   ignored
r12 Eleanor Thompson    #264   Simon Greene        0    discovery 0.8653   ignored
r12 Eleanor Thompson    #258   Olivia Garcia       1    discovery 0.8380   ignored
r12 Eleanor Thompson    #221   Ethan Grayson       2    discovery 0.7068   ignored
r12 Eleanor Thompson    #207   Ethan Grayson       3    discovery 0.6736   ignored
r12 Eleanor Thompson    #239   Daniel Rivera       4    discovery 0.6638   ignored
r12 Eleanor Thompson    #257   Nathan Brooks       5    discovery 0.6214   ignored
r12 Eleanor Thompson    #185   Emma Hayes          6    discovery 0.5816   ignored
r12 Eleanor Thompson    #262   Carlos Rodriguez    7    discovery 0.5571   ignored
r12 Eleanor Thompson    #204   Emma Hayes          8    discovery 0.4849   ignored
r12 Eleanor Thompson    #171   Bethany Davidson    9    discovery 0.4650   ignored
r12 Eleanor Thompson    #250   Henry Farmer        10   discovery 0.2561   ignored
r12 Eleanor Thompson    #251   Oliver Wang         11   discovery 0.2289   ignored
r12 Bethany Davidson    #143   Aria Thompson       0    network   -        ACTED
r12 Bethany Davidson    #92    Aria Thompson       1    network   -        ignored
r12 Bethany Davidson    #69    Aria Thompson       2    network   -        ignored
r12 Bethany Davidson    #42    Aria Thompson       3    network   -        ACTED
r12 Bethany Davidson    #8     Aria Thompson       4    network   -        ignored
r12 Bethany Davidson    #239   Daniel Rivera       5    fof       0.7025   ignored
r12 Bethany Davidson    #125   Daniel Rivera       6    fof       -        ignored
r12 Bethany Davidson    #99    Daniel Rivera       7    fof       -        ignored
r12 Bethany Davidson    #264   Simon Greene        8    discovery 0.8922   ignored
r12 Bethany Davidson    #258   Olivia Garcia       9    discovery 0.8682   ignored
r12 Bethany Davidson    #204   Emma Hayes          10   discovery 0.5153   ignored
r12 Bethany Davidson    #194   Eleanor Thompson    11   discovery 0.5519   ignored
r12 Isabella Thompson   #196   James Thompson      0    network   -        ignored
r12 Isabella Thompson   #152   James Thompson      1    network   -        ignored
r12 Isabella Thompson   #129   James Thompson      2    network   -        ignored
r12 Isabella Thompson   #102   James Thompson      3    network   -        ignored
r12 Isabella Thompson   #77    James Thompson      4    network   -        ignored
r12 Isabella Thompson   #209   Emily Hayes         5    fof       -        ignored
r12 Isabella Thompson   #192   Emily Hayes         6    fof       -        ignored
r12 Isabella Thompson   #169   Emily Hayes         7    fof       -        ignored
r12 Isabella Thompson   #254   Bethany Davidson    8    discovery 0.8661   ignored
r12 Isabella Thompson   #251   Oliver Wang         9    discovery 0.8638   ignored
r12 Isabella Thompson   #249   Jake Thompson       10   discovery 0.8308   ignored
r12 Isabella Thompson   #253   Oliver Robinson     11   discovery 0.7661   ignored
r12 Steven Johnson      #264   Simon Greene        0    discovery 0.8850   ignored
r12 Steven Johnson      #258   Olivia Garcia       1    discovery 0.8600   ignored
r12 Steven Johnson      #221   Ethan Grayson       2    discovery 0.7261   ignored
r12 Steven Johnson      #239   Daniel Rivera       3    discovery 0.6912   ignored
r12 Steven Johnson      #207   Ethan Grayson       4    discovery 0.6830   ignored
r12 Steven Johnson      #257   Nathan Brooks       5    discovery 0.6502   ignored
r12 Steven Johnson      #185   Emma Hayes          6    discovery 0.5894   ignored
r12 Steven Johnson      #262   Carlos Rodriguez    7    discovery 0.5867   ignored
r12 Steven Johnson      #194   Eleanor Thompson    8    discovery 0.5461   ignored
r12 Steven Johnson      #204   Emma Hayes          9    discovery 0.5082   ignored
r12 Steven Johnson      #250   Henry Farmer        10   discovery 0.2672   ignored
r12 Steven Johnson      #230   Simon Greene        11   discovery 0.2378   ignored
r12 Victoria Greene     #209   Emily Hayes         0    network   -        ignored
r12 Victoria Greene     #192   Emily Hayes         1    network   -        ignored
r12 Victoria Greene     #169   Emily Hayes         2    network   -        ignored
r12 Victoria Greene     #146   Emily Hayes         3    network   -        ignored
r12 Victoria Greene     #123   Emily Hayes         4    network   -        ignored
r12 Victoria Greene     #251   Oliver Wang         5    discovery 0.8784   ignored
r12 Victoria Greene     #255   Isabella Thompson   6    discovery 0.8784   ignored
r12 Victoria Greene     #254   Bethany Davidson    7    discovery 0.8574   ignored
r12 Victoria Greene     #261   Carlos Rodriguez    8    discovery 0.8546   ignored
r12 Victoria Greene     #248   Ryan Johnson        9    discovery 0.8511   ignored
r12 Victoria Greene     #243   Emily Watson        10   discovery 0.7628   ignored
r12 Victoria Greene     #236   Ethan Grayson       11   discovery 0.7895   ignored
r12 James Thompson      #209   Emily Hayes         0    network   -        ignored
r12 James Thompson      #192   Emily Hayes         1    network   -        ignored
r12 James Thompson      #169   Emily Hayes         2    network   -        ignored
r12 James Thompson      #146   Emily Hayes         3    network   -        ignored
r12 James Thompson      #123   Emily Hayes         4    network   -        ignored
r12 James Thompson      #264   Simon Greene        5    discovery 0.8848   ignored
r12 James Thompson      #258   Olivia Garcia       6    discovery 0.8587   ignored
r12 James Thompson      #221   Ethan Grayson       7    discovery 0.7259   ignored
r12 James Thompson      #239   Daniel Rivera       8    discovery 0.6912   ignored
r12 James Thompson      #207   Ethan Grayson       9    discovery 0.6832   ignored
r12 James Thompson      #164   Jake Thompson       10   discovery 0.3186   ignored
r12 James Thompson      #257   Nathan Brooks       11   discovery 0.6507   ignored
r12 Michael Thompson    #204   Emma Hayes          0    network   -        ignored
r12 Michael Thompson    #185   Emma Hayes          1    network   -        ignored
r12 Michael Thompson    #139   Emma Hayes          2    network   -        ACTED
r12 Michael Thompson    #114   Emma Hayes          3    network   -        ignored
r12 Michael Thompson    #87    Emma Hayes          4    network   -        ignored
r12 Michael Thompson    #196   James Thompson      5    fof       -        ignored
r12 Michael Thompson    #152   James Thompson      6    fof       -        ignored
r12 Michael Thompson    #129   James Thompson      7    fof       -        ignored
r12 Michael Thompson    #262   Carlos Rodriguez    8    discovery 0.8471   ignored
r12 Michael Thompson    #257   Nathan Brooks       9    discovery 0.8326   ignored
r12 Michael Thompson    #254   Bethany Davidson    10   discovery 0.8079   ignored
r12 Michael Thompson    #232   James Miller        11   discovery 0.6763   ignored
r12 Luna Reyes          #272   Oliver Robinson     0    network   -        ignored
r12 Luna Reyes          #253   Oliver Robinson     1    network   0.6254   ignored
r12 Luna Reyes          #147   Oliver Robinson     2    network   -        ignored
r12 Luna Reyes          #46    Oliver Robinson     3    network   -        ignored
r12 Luna Reyes          #16    Oliver Robinson     4    network   -        ignored
r12 Luna Reyes          #257   Nathan Brooks       5    discovery 0.8760   ignored
r12 Luna Reyes          #262   Carlos Rodriguez    6    discovery 0.8496   ignored
r12 Luna Reyes          #239   Daniel Rivera       7    discovery 0.7904   ignored
r12 Luna Reyes          #258   Olivia Garcia       8    discovery 0.7870   ignored
r12 Luna Reyes          #264   Simon Greene        9    discovery 0.7714   ignored
r12 Luna Reyes          #251   Oliver Wang         10   discovery 0.6623   ignored
r12 Luna Reyes          #252   Maxwell Armstrong   11   discovery 0.6535   ignored
r12 Sophie Green        #222   Sophia Nguyen       0    network   -        ignored
r12 Sophie Green        #168   Sophia Nguyen       1    network   -        ACTED
r12 Sophie Green        #119   Sophia Nguyen       2    network   -        ACTED
r12 Sophie Green        #94    Sophia Nguyen       3    network   -        ignored
r12 Sophie Green        #71    Sophia Nguyen       4    network   -        ignored
r12 Sophie Green        #250   Henry Farmer        5    fof       0.8518   ignored
r12 Sophie Green        #241   Emily Thompson      6    fof       0.7649   ignored
r12 Sophie Green        #235   Henry Farmer        7    fof       0.7627   ignored
r12 Sophie Green        #263   Emily Watson        8    discovery 0.8632   ignored
r12 Sophie Green        #248   Ryan Johnson        9    discovery 0.8536   ignored
r12 Sophie Green        #231   Alexandra Whitmore  10   discovery 0.7637   ignored
r12 Sophie Green        #232   James Miller        11   discovery 0.7332   ignored
r12 Nathan Brooks       #264   Simon Greene        0    discovery 0.8671   ignored
r12 Nathan Brooks       #258   Olivia Garcia       1    discovery 0.8395   ignored
r12 Nathan Brooks       #221   Ethan Grayson       2    discovery 0.7096   ignored
r12 Nathan Brooks       #207   Ethan Grayson       3    discovery 0.6756   ignored
r12 Nathan Brooks       #239   Daniel Rivera       4    discovery 0.6658   ignored
r12 Nathan Brooks       #185   Emma Hayes          5    discovery 0.5830   ignored
r12 Nathan Brooks       #262   Carlos Rodriguez    6    discovery 0.5583   ignored
r12 Nathan Brooks       #194   Eleanor Thompson    7    discovery 0.5318   ignored
r12 Nathan Brooks       #204   Emma Hayes          8    discovery 0.4860   ignored
r12 Nathan Brooks       #171   Bethany Davidson    9    discovery 0.4657   ignored
r12 Nathan Brooks       #170   Eleanor Thompson    10   discovery 0.3855   ignored
r12 Nathan Brooks       #146   Emily Hayes         11   discovery 0.2245   ignored
r12 Emily Thompson      #196   James Thompson      0    network   0.4685   ignored
r12 Emily Thompson      #152   James Thompson      1    network   -        ignored
r12 Emily Thompson      #129   James Thompson      2    network   -        ignored
r12 Emily Thompson      #102   James Thompson      3    network   -        ignored
r12 Emily Thompson      #77    James Thompson      4    network   -        ignored
r12 Emily Thompson      #209   Emily Hayes         5    fof       -        ignored
r12 Emily Thompson      #192   Emily Hayes         6    fof       -        ignored
r12 Emily Thompson      #169   Emily Hayes         7    fof       -        ignored
r12 Emily Thompson      #258   Olivia Garcia       8    discovery 0.9164   ignored
r12 Emily Thompson      #264   Simon Greene        9    discovery 0.9152   ignored
r12 Emily Thompson      #170   Eleanor Thompson    10   discovery 0.4593   ignored
r12 Emily Thompson      #244   Cassandra Johnson   11   discovery 0.3756   ignored
r12 Olivia Garcia       #172   Steven Johnson      0    network   0.2886   ignored
r12 Olivia Garcia       #150   Steven Johnson      1    network   -        ACTED
r12 Olivia Garcia       #127   Steven Johnson      2    network   -        ACTED
r12 Olivia Garcia       #22    Steven Johnson      3    network   -        ACTED
r12 Olivia Garcia       #264   Simon Greene        4    discovery 0.8633   ACTED
r12 Olivia Garcia       #221   Ethan Grayson       5    discovery 0.7049   ACTED
r12 Olivia Garcia       #207   Ethan Grayson       6    discovery 0.6720   ignored
r12 Olivia Garcia       #239   Daniel Rivera       7    discovery 0.6602   ignored
r12 Olivia Garcia       #257   Nathan Brooks       8    discovery 0.6192   ignored
r12 Olivia Garcia       #185   Emma Hayes          9    discovery 0.5802   ignored
r12 Olivia Garcia       #251   Oliver Wang         10   discovery 0.2277   ignored
r12 Olivia Garcia       #146   Emily Hayes         11   discovery 0.2227   ignored
r12 Olivia Rodriguez    #257   Nathan Brooks       0    network   -        ignored
r12 Olivia Rodriguez    #198   Nathan Brooks       1    network   -        ignored
r12 Olivia Rodriguez    #174   Nathan Brooks       2    network   -        ignored
r12 Olivia Rodriguez    #155   Nathan Brooks       3    network   -        ACTED
r12 Olivia Rodriguez    #131   Nathan Brooks       4    network   -        ignored
r12 Olivia Rodriguez    #247   James Miller        5    discovery 0.8616   ignored
r12 Olivia Rodriguez    #260   Carlos Rodriguez    6    discovery 0.8572   ignored
r12 Olivia Rodriguez    #263   Emily Watson        7    discovery 0.8322   ignored
r12 Olivia Rodriguez    #261   Carlos Rodriguez    8    discovery 0.8308   ignored
r12 Olivia Rodriguez    #251   Oliver Wang         9    discovery 0.8184   ignored
r12 Olivia Rodriguez    #241   Emily Thompson      10   discovery 0.7649   ignored
r12 Olivia Rodriguez    #255   Isabella Thompson   11   discovery 0.8184   ignored
r12 Carlos Rodriguez    #209   Emily Hayes         0    network   -        ignored
r12 Carlos Rodriguez    #192   Emily Hayes         1    network   -        ignored
r12 Carlos Rodriguez    #169   Emily Hayes         2    network   -        ignored
r12 Carlos Rodriguez    #146   Emily Hayes         3    network   -        ACTED
r12 Carlos Rodriguez    #123   Emily Hayes         4    network   -        ACTED
r12 Carlos Rodriguez    #264   Simon Greene        5    discovery 0.8875   ignored
r12 Carlos Rodriguez    #258   Olivia Garcia       6    discovery 0.8618   ignored
r12 Carlos Rodriguez    #221   Ethan Grayson       7    discovery 0.7283   ignored
r12 Carlos Rodriguez    #239   Daniel Rivera       8    discovery 0.6934   ignored
r12 Carlos Rodriguez    #207   Ethan Grayson       9    discovery 0.6838   ignored
r12 Carlos Rodriguez    #228   Henry Richardson    10   discovery 0.2570   ignored
r12 Carlos Rodriguez    #244   Cassandra Johnson   11   discovery 0.2496   ignored
r12 Emily Watson        #257   Nathan Brooks       0    discovery 0.8826   ignored
r12 Emily Watson        #262   Carlos Rodriguez    1    discovery 0.8550   ignored
r12 Emily Watson        #239   Daniel Rivera       2    discovery 0.8068   ignored
r12 Emily Watson        #258   Olivia Garcia       3    discovery 0.8055   ignored
r12 Emily Watson        #264   Simon Greene        4    discovery 0.7835   ignored
r12 Emily Watson        #254   Bethany Davidson    5    discovery 0.7671   ignored
r12 Emily Watson        #250   Henry Farmer        6    discovery 0.6855   ignored
r12 Emily Watson        #246   Alexandra Whitmore  7    discovery 0.6791   ignored
r12 Emily Watson        #248   Ryan Johnson        8    discovery 0.6752   ignored
r12 Emily Watson        #251   Oliver Wang         9    discovery 0.6727   ignored
r12 Emily Watson        #221   Ethan Grayson       10   discovery 0.6693   ignored
r12 Emily Watson        #260   Carlos Rodriguez    11   discovery 0.6627   ignored
r12 Henry Richardson    #258   Olivia Garcia       0    discovery 0.9124   ACTED
r12 Henry Richardson    #264   Simon Greene        1    discovery 0.9070   ignored
r12 Henry Richardson    #257   Nathan Brooks       2    discovery 0.8293   ignored
r12 Henry Richardson    #239   Daniel Rivera       3    discovery 0.8190   ignored
r12 Henry Richardson    #262   Carlos Rodriguez    4    discovery 0.7685   ignored
r12 Henry Richardson    #221   Ethan Grayson       5    discovery 0.7616   ignored
r12 Henry Richardson    #207   Ethan Grayson       6    discovery 0.6423   ignored
r12 Henry Richardson    #204   Emma Hayes          7    discovery 0.6290   ACTED
r12 Henry Richardson    #254   Bethany Davidson    8    discovery 0.6143   ignored
r12 Henry Richardson    #205   Simon Walker        9    discovery 0.5977   ACTED
r12 Henry Richardson    #250   Henry Farmer        10   discovery 0.4497   ignored
r12 Henry Richardson    #194   Eleanor Thompson    11   discovery 0.5839   ignored
r12 Cassandra Johnson   #264   Simon Greene        0    network   -        ignored
r12 Cassandra Johnson   #245   Simon Greene        1    network   0.7776   ignored
r12 Cassandra Johnson   #230   Simon Greene        2    network   -        ignored
r12 Cassandra Johnson   #181   Simon Greene        3    network   -        ignored
r12 Cassandra Johnson   #86    Simon Greene        4    network   -        ignored
r12 Cassandra Johnson   #251   Oliver Wang         5    fof       0.8293   ignored
r12 Cassandra Johnson   #237   Oliver Wang         6    fof       0.7583   ignored
r12 Cassandra Johnson   #270   Oliver Wang         7    fof       -        ignored
r12 Cassandra Johnson   #263   Emily Watson        8    discovery 0.8496   ignored
r12 Cassandra Johnson   #260   Carlos Rodriguez    9    discovery 0.8452   ignored
r12 Cassandra Johnson   #249   Jake Thompson       10   discovery 0.8159   ignored
r12 Cassandra Johnson   #233   Simon Walker        11   discovery 0.7298   ignored
r12 Simon Greene        #270   Oliver Wang         0    network   -        ignored
r12 Simon Greene        #251   Oliver Wang         1    network   0.2171   ignored
r12 Simon Greene        #237   Oliver Wang         2    network   -        ignored
r12 Simon Greene        #209   Emily Hayes         3    network   -        ignored
r12 Simon Greene        #192   Emily Hayes         4    network   -        ignored
r12 Simon Greene        #258   Olivia Garcia       5    discovery 0.8142   ignored
r12 Simon Greene        #221   Ethan Grayson       6    discovery 0.6855   ignored
r12 Simon Greene        #207   Ethan Grayson       7    discovery 0.6567   ignored
r12 Simon Greene        #239   Daniel Rivera       8    discovery 0.6383   ignored
r12 Simon Greene        #257   Nathan Brooks       9    discovery 0.5970   ignored
r12 Simon Greene        #252   Maxwell Armstrong   10   discovery 0.2156   ignored
r12 Simon Greene        #249   Jake Thompson       11   discovery 0.2204   ignored
r13 James Miller        #279   Henry Richardson    0    discovery 0.9165   ignored
r13 James Miller        #278   Henry Richardson    1    discovery 0.8576   ignored
r13 James Miller        #258   Olivia Garcia       2    discovery 0.8438   ignored
r13 James Miller        #264   Simon Greene        3    discovery 0.8364   ignored
r13 James Miller        #280   Simon Greene        4    discovery 0.8053   ignored
r13 James Miller        #257   Nathan Brooks       5    discovery 0.7581   ignored
r13 James Miller        #239   Daniel Rivera       6    discovery 0.7417   ignored
r13 James Miller        #262   Carlos Rodriguez    7    discovery 0.7005   ignored
r13 James Miller        #221   Ethan Grayson       8    discovery 0.6775   ignored
r13 James Miller        #207   Ethan Grayson       9    discovery 0.5578   ignored
r13 James Miller        #204   Emma Hayes          10   discovery 0.5402   ignored
r13 James Miller        #271   Maxwell Armstrong   11   discovery 0.4393   ignored
r13 Emma Hayes          #196   James Thompson      0    network   0.3051   ignored
r13 Emma Hayes          #152   James Thompson      1    network   -        ignored
r13 Emma Hayes          #129   James Thompson      2    network   -        ignored
r13 Emma Hayes          #102   James Thompson      3    network   -        ignored
r13 Emma Hayes          #77    James Thompson      4    network   -        ignored
r13 Emma Hayes          #209   Emily Hayes         5    fof       -        ignored
r13 Emma Hayes          #192   Emily Hayes         6    fof       -        ignored
r13 Emma Hayes          #169   Emily Hayes         7    fof       -        ignored
r13 Emma Hayes          #278   Henry Richardson    8    discovery 0.9233   ignored
r13 Emma Hayes          #279   Henry Richardson    9    discovery 0.8575   ignored
r13 Emma Hayes          #268   Henry Farmer        10   discovery 0.2480   ignored
r13 Emma Hayes          #264   Simon Greene        11   discovery 0.8129   ignored
r13 Ryan Johnson        #197   Sophie Green        0    network   -        ACTED
r13 Ryan Johnson        #53    Sophie Green        1    network   -        ignored
r13 Ryan Johnson        #26    Sophie Green        2    network   -        ignored
r13 Ryan Johnson        #222   Sophia Nguyen       3    fof       -        ignored
r13 Ryan Johnson        #168   Sophia Nguyen       4    fof       -        ACTED
r13 Ryan Johnson        #119   Sophia Nguyen       5    fof       -        ACTED
r13 Ryan Johnson        #280   Simon Greene        6    discovery 0.8525   ignored
r13 Ryan Johnson        #257   Nathan Brooks       7    discovery 0.7884   ignored
r13 Ryan Johnson        #265   James Miller        8    discovery 0.7746   ignored
r13 Ryan Johnson        #262   Carlos Rodriguez    9    discovery 0.7725   ignored
r13 Ryan Johnson        #269   Samuel Reynolds     10   discovery 0.7128   ignored
r13 Ryan Johnson        #268   Henry Farmer        11   discovery 0.7056   ignored
r13 Alexandra Whitmore  #254   Bethany Davidson    0    network   0.7829   ignored
r13 Alexandra Whitmore  #171   Bethany Davidson    1    network   -        ignored
r13 Alexandra Whitmore  #101   Bethany Davidson    2    network   -        ignored
r13 Alexandra Whitmore  #76    Bethany Davidson    3    network   -        ignored
r13 Alexandra Whitmore  #49    Bethany Davidson    4    network   -        ignored
r13 Alexandra Whitmore  #143   Aria Thompson       5    fof       -        ignored
r13 Alexandra Whitmore  #92    Aria Thompson       6    fof       -        ACTED
r13 Alexandra Whitmore  #69    Aria Thompson       7    fof       -        ignored
r13 Alexandra Whitmore  #280   Simon Greene        8    discovery 0.8691   ignored
r13 Alexandra Whitmore  #262   Carlos Rodriguez    9    discovery 0.8032   ignored
r13 Alexandra Whitmore  #276   Carlos Rodriguez    10   discovery 0.7695   ignored
r13 Alexandra Whitmore  #260   Carlos Rodriguez    11   discovery 0.6767   ignored
r13 Jake Thompson       #271   Maxwell Armstrong   0    discovery 0.8593   ignored
r13 Jake Thompson       #274   Olivia Rodriguez    1    discovery 0.8448   ignored
r13 Jake Thompson       #277   Emily Watson        2    discovery 0.8384   ignored
r13 Jake Thompson       #276   Carlos Rodriguez    3    discovery 0.8331   ignored
r13 Jake Thompson       #265   James Miller        4    discovery 0.8313   ignored
r13 Jake Thompson       #273   Isabella Thompson   5    discovery 0.8279   ignored
r13 Jake Thompson       #267   Simon Walker        6    discovery 0.8278   ignored
r13 Jake Thompson       #272   Oliver Robinson     7    discovery 0.8277   ignored
r13 Jake Thompson       #270   Oliver Wang         8    discovery 0.8255   ignored
r13 Jake Thompson       #269   Samuel Reynolds     9    discovery 0.8162   ignored
r13 Jake Thompson       #254   Bethany Davidson    10   discovery 0.7429   ignored
r13 Jake Thompson       #255   Isabella Thompson   11   discovery 0.7686   ignored
r13 Simon Walker        #241   Emily Thompson      0    network   -        ignored
r13 Simon Walker        #224   Emily Thompson      1    network   -        ignored
r13 Simon Walker        #212   Emily Thompson      2    network   -        ignored
r13 Simon Walker        #204   Emma Hayes          3    network   -        ACTED
r13 Simon Walker        #199   Emily Thompson      4    network   -        ignored
r13 Simon Walker        #196   James Thompson      5    fof       -        ignored
r13 Simon Walker        #152   James Thompson      6    fof       -        ignored
r13 Simon Walker        #129   James Thompson      7    fof       -        ignored
r13 Simon Walker        #280   Simon Greene        8    discovery 0.8868   ignored
r13 Simon Walker        #262   Carlos Rodriguez    9    discovery 0.8298   ignored
r13 Simon Walker        #273   Isabella Thompson   10   discovery 0.7596   ignored
r13 Simon Walker        #270   Oliver Wang         11   discovery 0.7602   ignored
r13 Emily Carter        #280   Simon Greene        0    discovery 0.8673   ignored
r13 Emily Carter        #279   Henry Richardson    1    discovery 0.8616   ignored
r13 Emily Carter        #257   Nathan Brooks       2    discovery 0.8186   ignored
r13 Emily Carter        #258   Olivia Garcia       3    discovery 0.7933   ignored
r13 Emily Carter        #262   Carlos Rodriguez    4    discovery 0.7784   ignored
r13 Emily Carter        #264   Simon Greene        5    discovery 0.7720   ignored
r13 Emily Carter        #278   Henry Richardson    6    discovery 0.7584   ignored
r13 Emily Carter        #239   Daniel Rivera       7    discovery 0.7525   ignored
r13 Emily Carter        #254   Bethany Davidson    8    discovery 0.6786   ignored
r13 Emily Carter        #265   James Miller        9    discovery 0.6723   ignored
r13 Emily Carter        #255   Isabella Thompson   10   discovery 0.5553   ignored
r13 Emily Carter        #276   Carlos Rodriguez    11   discovery 0.6118   ignored
r13 Aria Thompson       #239   Daniel Rivera       0    network   0.7328   ignored
r13 Aria Thompson       #125   Daniel Rivera       1    network   -        ignored
r13 Aria Thompson       #99    Daniel Rivera       2    network   -        ignored
r13 Aria Thompson       #75    Daniel Rivera       3    network   -        ignored
r13 Aria Thompson       #48    Daniel Rivera       4    network   -        ignored
r13 Aria Thompson       #256   Victoria Greene     5    fof       -        ignored
r13 Aria Thompson       #173   Victoria Greene     6    fof       -        ignored
r13 Aria Thompson       #151   Victoria Greene     7    fof       -        ACTED
r13 Aria Thompson       #279   Henry Richardson    8    discovery 0.9044   ignored
r13 Aria Thompson       #278   Henry Richardson    9    discovery 0.8513   ignored
r13 Aria Thompson       #263   Emily Watson        10   discovery 0.4091   ignored
r13 Aria Thompson       #271   Maxwell Armstrong   11   discovery 0.4305   ignored
r13 Henry Farmer        #197   Sophie Green        0    network   -        ignored
r13 Henry Farmer        #53    Sophie Green        1    network   -        ACTED
r13 Henry Farmer        #26    Sophie Green        2    network   -        ignored
r13 Henry Farmer        #222   Sophia Nguyen       3    fof       -        ignored
r13 Henry Farmer        #168   Sophia Nguyen       4    fof       -        ignored
r13 Henry Farmer        #119   Sophia Nguyen       5    fof       -        ignored
r13 Henry Farmer        #272   Oliver Robinson     6    discovery 0.8651   ignored
r13 Henry Farmer        #277   Emily Watson        7    discovery 0.8580   ignored
r13 Henry Farmer        #274   Olivia Rodriguez    8    discovery 0.8423   ignored
r13 Henry Farmer        #271   Maxwell Armstrong   9    discovery 0.8313   ignored
r13 Henry Farmer        #275   Carlos Rodriguez    10   discovery 0.8188   ignored
r13 Henry Farmer        #249   Jake Thompson       11   discovery 0.7763   ignored
r13 Ethan Grayson       #209   Emily Hayes         0    network   -        ignored
r13 Ethan Grayson       #192   Emily Hayes         1    network   -        ignored
r13 Ethan Grayson       #169   Emily Hayes         2    network   -        ignored
r13 Ethan Grayson       #146   Emily Hayes         3    network   -        ignored
r13 Ethan Grayson       #123   Emily Hayes         4    network   -        ignored
r13 Ethan Grayson       #279   Henry Richardson    5    discovery 0.8831   ignored
r13 Ethan Grayson       #280   Simon Greene        6    discovery 0.8309   ignored
r13 Ethan Grayson       #258   Olivia Garcia       7    discovery 0.8131   ignored
r13 Ethan Grayson       #264   Simon Greene        8    discovery 0.8037   ignored
r13 Ethan Grayson       #278   Henry Richardson    9    discovery 0.8033   ignored
r13 Ethan Grayson       #262   Carlos Rodriguez    10   discovery 0.7385   ignored
r13 Ethan Grayson       #268   Henry Farmer        11   discovery 0.4955   ignored
r13 Sophia Nguyen       #268   Henry Farmer        0    network   0.7893   ACTED
r13 Sophia Nguyen       #250   Henry Farmer        1    network   0.7149   ACTED
r13 Sophia Nguyen       #241   Emily Thompson      2    network   -        ACTED
r13 Sophia Nguyen       #238   Daniel Miller       3    network   -        ACTED
r13 Sophia Nguyen       #235   Henry Farmer        4    network   -        ACTED
r13 Sophia Nguyen       #204   Emma Hayes          5    fof       -        ACTED
r13 Sophia Nguyen       #196   James Thompson      6    fof       -        ACTED
r13 Sophia Nguyen       #185   Emma Hayes          7    fof       -        ACTED
r13 Sophia Nguyen       #280   Simon Greene        8    discovery 0.8407   ACTED
r13 Sophia Nguyen       #265   James Miller        9    discovery 0.8077   ACTED
r13 Sophia Nguyen       #266   Jake Thompson       10   discovery 0.7744   ACTED
r13 Sophia Nguyen       #275   Carlos Rodriguez    11   discovery 0.7789   ACTED
r13 Samuel Reynolds     #256   Victoria Greene     0    network   0.7893   ignored
r13 Samuel Reynolds     #173   Victoria Greene     1    network   -        ignored
r13 Samuel Reynolds     #151   Victoria Greene     2    network   -        ignored
r13 Samuel Reynolds     #128   Victoria Greene     3    network   -        ignored
r13 Samuel Reynolds     #23    Victoria Greene     4    network   -        ignored
r13 Samuel Reynolds     #209   Emily Hayes         5    fof       -        ignored
r13 Samuel Reynolds     #192   Emily Hayes         6    fof       -        ignored
r13 Samuel Reynolds     #169   Emily Hayes         7    fof       -        ignored
r13 Samuel Reynolds     #274   Olivia Rodriguez    8    discovery 0.8813   ignored
r13 Samuel Reynolds     #267   Simon Walker        9    discovery 0.8724   ignored
r13 Samuel Reynolds     #255   Isabella Thompson   10   discovery 0.8160   ignored
r13 Samuel Reynolds     #240   Isabella Thompson   11   discovery 0.7402   ignored
r13 Oliver Wang         #209   Emily Hayes         0    network   -        ignored
r13 Oliver Wang         #192   Emily Hayes         1    network   -        ignored
r13 Oliver Wang         #169   Emily Hayes         2    network   -        ignored
r13 Oliver Wang         #146   Emily Hayes         3    network   -        ignored
r13 Oliver Wang         #123   Emily Hayes         4    network   -        ACTED
r13 Oliver Wang         #273   Isabella Thompson   5    discovery 0.8504   ignored
r13 Oliver Wang         #267   Simon Walker        6    discovery 0.8458   ignored
r13 Oliver Wang         #274   Olivia Rodriguez    7    discovery 0.8363   ignored
r13 Oliver Wang         #265   James Miller        8    discovery 0.8292   ignored
r13 Oliver Wang         #276   Carlos Rodriguez    9    discovery 0.8290   ignored
r13 Oliver Wang         #246   Alexandra Whitmore  10   discovery 0.7874   ignored
r13 Oliver Wang         #252   Maxwell Armstrong   11   discovery 0.7425   ignored
r13 Maxwell Armstrong   #273   Isabella Thompson   0    network   0.5869   ignored
r13 Maxwell Armstrong   #255   Isabella Thompson   1    network   0.5334   ignored
r13 Maxwell Armstrong   #240   Isabella Thompson   2    network   -        ignored
r13 Maxwell Armstrong   #223   Isabella Thompson   3    network   -        ignored
r13 Maxwell Armstrong   #211   Isabella Thompson   4    network   -        ACTED
r13 Maxwell Armstrong   #196   James Thompson      5    fof       -        ACTED
r13 Maxwell Armstrong   #152   James Thompson      6    fof       -        ignored
r13 Maxwell Armstrong   #129   James Thompson      7    fof       -        ignored
r13 Maxwell Armstrong   #279   Henry Richardson    8    discovery 0.8589   ignored
r13 Maxwell Armstrong   #280   Simon Greene        9    discovery 0.8546   ignored
r13 Maxwell Armstrong   #262   Carlos Rodriguez    10   discovery 0.7593   ignored
r13 Maxwell Armstrong   #251   Oliver Wang         11   discovery 0.5334   ignored
r13 Emily Hayes         #280   Simon Greene        0    discovery 0.8872   ignored
r13 Emily Hayes         #279   Henry Richardson    1    discovery 0.8531   ignored
r13 Emily Hayes         #257   Nathan Brooks       2    discovery 0.8248   ignored
r13 Emily Hayes         #258   Olivia Garcia       3    discovery 0.7855   ignored
r13 Emily Hayes         #262   Carlos Rodriguez    4    discovery 0.7819   ignored
r13 Emily Hayes         #264   Simon Greene        5    discovery 0.7643   ignored
r13 Emily Hayes         #239   Daniel Rivera       6    discovery 0.7557   ignored
r13 Emily Hayes         #278   Henry Richardson    7    discovery 0.7482   ignored
r13 Emily Hayes         #265   James Miller        8    discovery 0.6919   ignored
r13 Emily Hayes         #254   Bethany Davidson    9    discovery 0.6877   ignored
r13 Emily Hayes         #246   Alexandra Whitmore  10   discovery 0.5701   ignored
r13 Emily Hayes         #269   Samuel Reynolds     11   discovery 0.6106   ignored
r13 Oliver Robinson     #154   Luna Reyes          0    network   -        ignored
r13 Oliver Robinson     #104   Luna Reyes          1    network   -        ACTED
r13 Oliver Robinson     #79    Luna Reyes          2    network   -        ignored
r13 Oliver Robinson     #52    Luna Reyes          3    network   -        ACTED
r13 Oliver Robinson     #25    Luna Reyes          4    network   -        ignored
r13 Oliver Robinson     #268   Henry Farmer        5    discovery 0.8502   ignored
r13 Oliver Robinson     #277   Emily Watson        6    discovery 0.8462   ignored
r13 Oliver Robinson     #274   Olivia Rodriguez    7    discovery 0.8401   ignored
r13 Oliver Robinson     #275   Carlos Rodriguez    8    discovery 0.8302   ignored
r13 Oliver Robinson     #276   Carlos Rodriguez    9    discovery 0.8298   ignored
r13 Oliver Robinson     #259   Olivia Rodriguez    10   discovery 0.7213   ignored
r13 Oliver Robinson     #256   Victoria Greene     11   discovery 0.7327   ignored
r13 Daniel Miller       #204   Emma Hayes          0    network   -        ignored
r13 Daniel Miller       #185   Emma Hayes          1    network   -        ignored
r13 Daniel Miller       #139   Emma Hayes          2    network   -        ignored
r13 Daniel Miller       #114   Emma Hayes          3    network   -        ignored
r13 Daniel Miller       #87    Emma Hayes          4    network   -        ignored
r13 Daniel Miller       #196   James Thompson      5    fof       -        ACTED
r13 Daniel Miller       #152   James Thompson      6    fof       -        ignored
r13 Daniel Miller       #129   James Thompson      7    fof       -        ignored
r13 Daniel Miller       #274   Olivia Rodriguez    8    discovery 0.8733   ignored
r13 Daniel Miller       #271   Maxwell Armstrong   9    discovery 0.8657   ignored
r13 Daniel Miller       #247   James Miller        10   discovery 0.7765   ignored
r13 Daniel Miller       #252   Maxwell Armstrong   11   discovery 0.7849   ignored
r13 Daniel Rivera       #256   Victoria Greene     0    network   -        ignored
r13 Daniel Rivera       #173   Victoria Greene     1    network   -        ignored
r13 Daniel Rivera       #151   Victoria Greene     2    network   -        ignored
r13 Daniel Rivera       #143   Aria Thompson       3    network   -        ignored
r13 Daniel Rivera       #128   Victoria Greene     4    network   -        ignored
r13 Daniel Rivera       #209   Emily Hayes         5    fof       -        ACTED
r13 Daniel Rivera       #192   Emily Hayes         6    fof       -        ignored
r13 Daniel Rivera       #169   Emily Hayes         7    fof       -        ACTED
r13 Daniel Rivera       #278   Henry Richardson    8    discovery 0.9271   ignored
r13 Daniel Rivera       #279   Henry Richardson    9    discovery 0.8674   ignored
r13 Daniel Rivera       #250   Henry Farmer        10   discovery 0.2612   ignored
r13 Daniel Rivera       #205   Simon Walker        11   discovery 0.4107   ignored
r13 Eleanor Thompson    #278   Henry Richardson    0    discovery 0.9149   ignored
r13 Eleanor Thompson    #279   Henry Richardson    1    discovery 0.8380   ignored
r13 Eleanor Thompson    #264   Simon Greene        2    discovery 0.7967   ignored
r13 Eleanor Thompson    #258   Olivia Garcia       3    discovery 0.7715   ignored
r13 Eleanor Thompson    #221   Ethan Grayson       4    discovery 0.6281   ignored
r13 Eleanor Thompson    #280   Simon Greene        5    discovery 0.6059   ignored
r13 Eleanor Thompson    #239   Daniel Rivera       6    discovery 0.6021   ignored
r13 Eleanor Thompson    #207   Ethan Grayson       7    discovery 0.5812   ignored
r13 Eleanor Thompson    #257   Nathan Brooks       8    discovery 0.5721   ignored
r13 Eleanor Thompson    #262   Carlos Rodriguez    9    discovery 0.5129   ignored
r13 Eleanor Thompson    #196   James Thompson      10   discovery 0.2902   ignored
r13 Eleanor Thompson    #270   Oliver Wang         11   discovery 0.2378   ignored
r13 Bethany Davidson    #143   Aria Thompson       0    network   -        ACTED
r13 Bethany Davidson    #92    Aria Thompson       1    network   -        ignored
r13 Bethany Davidson    #69    Aria Thompson       2    network   -        ignored
r13 Bethany Davidson    #42    Aria Thompson       3    network   -        ACTED
r13 Bethany Davidson    #8     Aria Thompson       4    network   -        ignored
r13 Bethany Davidson    #239   Daniel Rivera       5    fof       0.6372   ignored
r13 Bethany Davidson    #125   Daniel Rivera       6    fof       -        ignored
r13 Bethany Davidson    #99    Daniel Rivera       7    fof       -        ignored
r13 Bethany Davidson    #278   Henry Richardson    8    discovery 0.9261   ignored
r13 Bethany Davidson    #279   Henry Richardson    9    discovery 0.8682   ACTED
r13 Bethany Davidson    #274   Olivia Rodriguez    10   discovery 0.2577   ignored
r13 Bethany Davidson    #276   Carlos Rodriguez    11   discovery 0.3002   ignored
r13 Isabella Thompson   #196   James Thompson      0    network   -        ignored
r13 Isabella Thompson   #152   James Thompson      1    network   -        ignored
r13 Isabella Thompson   #129   James Thompson      2    network   -        ignored
r13 Isabella Thompson   #102   James Thompson      3    network   -        ignored
r13 Isabella Thompson   #77    James Thompson      4    network   -        ignored
r13 Isabella Thompson   #209   Emily Hayes         5    fof       -        ignored
r13 Isabella Thompson   #192   Emily Hayes         6    fof       -        ignored
r13 Isabella Thompson   #169   Emily Hayes         7    fof       -        ignored
r13 Isabella Thompson   #270   Oliver Wang         8    discovery 0.8540   ignored
r13 Isabella Thompson   #265   James Miller        9    discovery 0.8454   ignored
r13 Isabella Thompson   #247   James Miller        10   discovery 0.7458   ignored
r13 Isabella Thompson   #280   Simon Greene        11   discovery 0.8007   ignored
r13 Steven Johnson      #278   Henry Richardson    0    discovery 0.9254   ignored
r13 Steven Johnson      #279   Henry Richardson    1    discovery 0.8600   ignored
r13 Steven Johnson      #264   Simon Greene        2    discovery 0.8148   ignored
r13 Steven Johnson      #258   Olivia Garcia       3    discovery 0.7918   ignored
r13 Steven Johnson      #221   Ethan Grayson       4    discovery 0.6453   ignored
r13 Steven Johnson      #280   Simon Greene        5    discovery 0.6310   ignored
r13 Steven Johnson      #239   Daniel Rivera       6    discovery 0.6270   ignored
r13 Steven Johnson      #257   Nathan Brooks       7    discovery 0.5987   ignored
r13 Steven Johnson      #207   Ethan Grayson       8    discovery 0.5893   ignored
r13 Steven Johnson      #262   Carlos Rodriguez    9    discovery 0.5402   ignored
r13 Steven Johnson      #269   Samuel Reynolds     10   discovery 0.2557   ignored
r13 Steven Johnson      #250   Henry Farmer        11   discovery 0.2460   ignored
r13 Victoria Greene     #209   Emily Hayes         0    network   -        ignored
r13 Victoria Greene     #192   Emily Hayes         1    network   -        ignored
r13 Victoria Greene     #169   Emily Hayes         2    network   -        ignored
r13 Victoria Greene     #146   Emily Hayes         3    network   -        ignored
r13 Victoria Greene     #123   Emily Hayes         4    network   -        ignored
r13 Victoria Greene     #274   Olivia Rodriguez    5    discovery 0.8748   ignored
r13 Victoria Greene     #271   Maxwell Armstrong   6    discovery 0.8583   ignored
r13 Victoria Greene     #265   James Miller        7    discovery 0.8568   ignored
r13 Victoria Greene     #273   Isabella Thompson   8    discovery 0.8518   ignored
r13 Victoria Greene     #269   Samuel Reynolds     9    discovery 0.8462   ignored
r13 Victoria Greene     #252   Maxwell Armstrong   10   discovery 0.7796   ignored
r13 Victoria Greene     #267   Simon Walker        11   discovery 0.8411   ignored
r13 James Thompson      #209   Emily Hayes         0    network   -        ignored
r13 James Thompson      #192   Emily Hayes         1    network   -        ignored
r13 James Thompson      #169   Emily Hayes         2    network   -        ignored
r13 James Thompson      #146   Emily Hayes         3    network   -        ignored
r13 James Thompson      #123   Emily Hayes         4    network   -        ignored
r13 James Thompson      #278   Henry Richardson    5    discovery 0.9248   ignored
r13 James Thompson      #279   Henry Richardson    6    discovery 0.8587   ignored
r13 James Thompson      #264   Simon Greene        7    discovery 0.8147   ignored
r13 James Thompson      #258   Olivia Garcia       8    discovery 0.7906   ignored
r13 James Thompson      #221   Ethan Grayson       9    discovery 0.6451   ignored
r13 James Thompson      #280   Simon Greene        10   discovery 0.6325   ignored
r13 James Thompson      #267   Simon Walker        11   discovery 0.2476   ignored
r13 Michael Thompson    #204   Emma Hayes          0    network   -        ignored
r13 Michael Thompson    #185   Emma Hayes          1    network   -        ignored
r13 Michael Thompson    #139   Emma Hayes          2    network   -        ACTED
r13 Michael Thompson    #114   Emma Hayes          3    network   -        ignored
r13 Michael Thompson    #87    Emma Hayes          4    network   -        ignored
r13 Michael Thompson    #196   James Thompson      5    fof       -        ignored
r13 Michael Thompson    #152   James Thompson      6    fof       -        ignored
r13 Michael Thompson    #129   James Thompson      7    fof       -        ignored
r13 Michael Thompson    #280   Simon Greene        8    discovery 0.8262   ignored
r13 Michael Thompson    #276   Carlos Rodriguez    9    discovery 0.7926   ignored
r13 Michael Thompson    #257   Nathan Brooks       10   discovery 0.7666   ignored
r13 Michael Thompson    #270   Oliver Wang         11   discovery 0.7269   ignored
r13 Luna Reyes          #289   Oliver Robinson     0    network   -        ignored
r13 Luna Reyes          #272   Oliver Robinson     1    network   0.6688   ignored
r13 Luna Reyes          #253   Oliver Robinson     2    network   -        ignored
r13 Luna Reyes          #147   Oliver Robinson     3    network   -        ignored
r13 Luna Reyes          #46    Oliver Robinson     4    network   -        ignored
r13 Luna Reyes          #280   Simon Greene        5    discovery 0.8568   ignored
r13 Luna Reyes          #257   Nathan Brooks       6    discovery 0.8066   ignored
r13 Luna Reyes          #279   Henry Richardson    7    discovery 0.7870   ignored
r13 Luna Reyes          #262   Carlos Rodriguez    8    discovery 0.7823   ignored
r13 Luna Reyes          #258   Olivia Garcia       9    discovery 0.7246   ignored
r13 Luna Reyes          #263   Emily Watson        10   discovery 0.6284   ignored
r13 Luna Reyes          #267   Simon Walker        11   discovery 0.6411   ignored
r13 Sophie Green        #285   Sophia Nguyen       0    network   -        ignored
r13 Sophie Green        #222   Sophia Nguyen       1    network   -        ignored
r13 Sophie Green        #168   Sophia Nguyen       2    network   -        ACTED
r13 Sophie Green        #119   Sophia Nguyen       3    network   -        ACTED
r13 Sophie Green        #94    Sophia Nguyen       4    network   -        ignored
r13 Sophie Green        #268   Henry Farmer        5    fof       0.8213   ignored
r13 Sophie Green        #250   Henry Farmer        6    fof       0.7843   ignored
r13 Sophie Green        #284   Henry Farmer        7    fof       -        ignored
r13 Sophie Green        #277   Emily Watson        8    discovery 0.8454   ignored
r13 Sophie Green        #271   Maxwell Armstrong   9    discovery 0.8384   ignored
r13 Sophie Green        #252   Maxwell Armstrong   10   discovery 0.7676   ignored
r13 Sophie Green        #237   Oliver Wang         11   discovery 0.7572   ignored
r13 Nathan Brooks       #278   Henry Richardson    0    discovery 0.9169   ignored
r13 Nathan Brooks       #279   Henry Richardson    1    discovery 0.8395   ignored
r13 Nathan Brooks       #264   Simon Greene        2    discovery 0.7984   ignored
r13 Nathan Brooks       #258   Olivia Garcia       3    discovery 0.7730   ignored
r13 Nathan Brooks       #221   Ethan Grayson       4    discovery 0.6305   ignored
r13 Nathan Brooks       #280   Simon Greene        5    discovery 0.6069   ignored
r13 Nathan Brooks       #239   Daniel Rivera       6    discovery 0.6039   ignored
r13 Nathan Brooks       #207   Ethan Grayson       7    discovery 0.5830   ignored
r13 Nathan Brooks       #262   Carlos Rodriguez    8    discovery 0.5140   ignored
r13 Nathan Brooks       #185   Emma Hayes          9    discovery 0.4806   ignored
r13 Nathan Brooks       #171   Bethany Davidson    10   discovery 0.3548   ignored
r13 Nathan Brooks       #254   Bethany Davidson    11   discovery 0.3337   ignored
r13 Emily Thompson      #196   James Thompson      0    network   0.3862   ignored
r13 Emily Thompson      #152   James Thompson      1    network   -        ignored
r13 Emily Thompson      #129   James Thompson      2    network   -        ignored
r13 Emily Thompson      #102   James Thompson      3    network   -        ignored
r13 Emily Thompson      #77    James Thompson      4    network   -        ignored
r13 Emily Thompson      #209   Emily Hayes         5    fof       -        ignored
r13 Emily Thompson      #192   Emily Hayes         6    fof       -        ignored
r13 Emily Thompson      #169   Emily Hayes         7    fof       -        ignored
r13 Emily Thompson      #279   Henry Richardson    8    discovery 0.9164   ignored
r13 Emily Thompson      #278   Henry Richardson    9    discovery 0.8797   ignored
r13 Emily Thompson      #258   Olivia Garcia       10   discovery 0.8438   ignored
r13 Emily Thompson      #221   Ethan Grayson       11   discovery 0.6825   ignored
r13 Olivia Garcia       #172   Steven Johnson      0    network   -        ignored
r13 Olivia Garcia       #150   Steven Johnson      1    network   -        ACTED
r13 Olivia Garcia       #127   Steven Johnson      2    network   -        ACTED
r13 Olivia Garcia       #22    Steven Johnson      3    network   -        ACTED
r13 Olivia Garcia       #278   Henry Richardson    4    discovery 0.9120   ACTED
r13 Olivia Garcia       #279   Henry Richardson    5    discovery 0.8373   ACTED
r13 Olivia Garcia       #264   Simon Greene        6    discovery 0.7949   ACTED
r13 Olivia Garcia       #221   Ethan Grayson       7    discovery 0.6264   ACTED
r13 Olivia Garcia       #280   Simon Greene        8    discovery 0.6022   ACTED
r13 Olivia Garcia       #239   Daniel Rivera       9    discovery 0.5988   ignored
r13 Olivia Garcia       #207   Ethan Grayson       10   discovery 0.5798   ignored
r13 Olivia Garcia       #170   Eleanor Thompson    11   discovery 0.2924   ignored
r13 Olivia Rodriguez    #257   Nathan Brooks       0    network   0.8233   ignored
r13 Olivia Rodriguez    #198   Nathan Brooks       1    network   -        ignored
r13 Olivia Rodriguez    #174   Nathan Brooks       2    network   -        ignored
r13 Olivia Rodriguez    #155   Nathan Brooks       3    network   -        ACTED
r13 Olivia Rodriguez    #131   Nathan Brooks       4    network   -        ignored
r13 Olivia Rodriguez    #280   Simon Greene        5    discovery 0.8731   ignored
r13 Olivia Rodriguez    #262   Carlos Rodriguez    6    discovery 0.8096   ignored
r13 Olivia Rodriguez    #265   James Miller        7    discovery 0.7666   ignored
r13 Olivia Rodriguez    #279   Henry Richardson    8    discovery 0.7603   ignored
r13 Olivia Rodriguez    #254   Bethany Davidson    9    discovery 0.7522   ignored
r13 Olivia Rodriguez    #273   Isabella Thompson   10   discovery 0.7270   ignored
r13 Olivia Rodriguez    #251   Oliver Wang         11   discovery 0.6874   ignored
r13 Carlos Rodriguez    #280   Simon Greene        0    network   0.7142   ignored
r13 Carlos Rodriguez    #264   Simon Greene        1    network   0.8408   ignored
r13 Carlos Rodriguez    #245   Simon Greene        2    network   -        ignored
r13 Carlos Rodriguez    #230   Simon Greene        3    network   -        ignored
r13 Carlos Rodriguez    #209   Emily Hayes         4    network   -        ignored
r13 Carlos Rodriguez    #270   Oliver Wang         5    fof       0.3212   ignored
r13 Carlos Rodriguez    #287   Oliver Wang         6    fof       -        ignored
r13 Carlos Rodriguez    #251   Oliver Wang         7    fof       -        ignored
r13 Carlos Rodriguez    #278   Henry Richardson    8    discovery 0.9025   ignored
r13 Carlos Rodriguez    #279   Henry Richardson    9    discovery 0.9010   ignored
r13 Carlos Rodriguez    #277   Emily Watson        10   discovery 0.3157   ignored
r13 Carlos Rodriguez    #254   Bethany Davidson    11   discovery 0.4386   ignored
r13 Emily Watson        #274   Olivia Rodriguez    0    discovery 0.8342   ignored
r13 Emily Watson        #272   Oliver Robinson     1    discovery 0.8302   ignored
r13 Emily Watson        #265   James Miller        2    discovery 0.8258   ignored
r13 Emily Watson        #273   Isabella Thompson   3    discovery 0.8235   ignored
r13 Emily Watson        #268   Henry Farmer        4    discovery 0.8208   ignored
r13 Emily Watson        #276   Carlos Rodriguez    5    discovery 0.8193   ignored
r13 Emily Watson        #271   Maxwell Armstrong   6    discovery 0.8138   ignored
r13 Emily Watson        #266   Jake Thompson       7    discovery 0.8087   ignored
r13 Emily Watson        #280   Simon Greene        8    discovery 0.8071   ignored
r13 Emily Watson        #270   Oliver Wang         9    discovery 0.8069   ignored
r13 Emily Watson        #269   Samuel Reynolds     10   discovery 0.7940   ignored
r13 Emily Watson        #251   Oliver Wang         11   discovery 0.7600   ignored
r13 Henry Richardson    #204   Emma Hayes          0    network   0.4118   ACTED
r13 Henry Richardson    #185   Emma Hayes          1    network   0.4748   ignored
r13 Henry Richardson    #139   Emma Hayes          2    network   -        ignored
r13 Henry Richardson    #114   Emma Hayes          3    network   -        ignored
r13 Henry Richardson    #87    Emma Hayes          4    network   -        ignored
r13 Henry Richardson    #196   James Thompson      5    fof       0.2856   ignored
r13 Henry Richardson    #152   James Thompson      6    fof       -        ignored
r13 Henry Richardson    #129   James Thompson      7    fof       -        ignored
r13 Henry Richardson    #264   Simon Greene        8    discovery 0.7886   ignored
r13 Henry Richardson    #258   Olivia Garcia       9    discovery 0.7644   ACTED
r13 Henry Richardson    #239   Daniel Rivera       10   discovery 0.5926   ignored
r13 Henry Richardson    #276   Carlos Rodriguez    11   discovery 0.2577   ignored
r13 Cassandra Johnson   #280   Simon Greene        0    network   0.7158   ACTED
r13 Cassandra Johnson   #264   Simon Greene        1    network   -        ignored
r13 Cassandra Johnson   #245   Simon Greene        2    network   0.7053   ignored
r13 Cassandra Johnson   #230   Simon Greene        3    network   -        ignored
r13 Cassandra Johnson   #181   Simon Greene        4    network   -        ignored
r13 Cassandra Johnson   #270   Oliver Wang         5    fof       0.7964   ignored
r13 Cassandra Johnson   #251   Oliver Wang         6    fof       0.7635   ignored
r13 Cassandra Johnson   #287   Oliver Wang         7    fof       -        ignored
r13 Cassandra Johnson   #274   Olivia Rodriguez    8    discovery 0.8418   ignored
r13 Cassandra Johnson   #277   Emily Watson        9    discovery 0.8328   ignored
r13 Cassandra Johnson   #248   Ryan Johnson        10   discovery 0.7648   ignored
r13 Cassandra Johnson   #260   Carlos Rodriguez    11   discovery 0.7782   ignored
r13 Simon Greene        #287   Oliver Wang         0    network   -        ignored
r13 Simon Greene        #270   Oliver Wang         1    network   0.2387   ignored
r13 Simon Greene        #251   Oliver Wang         2    network   -        ignored
r13 Simon Greene        #237   Oliver Wang         3    network   -        ignored
r13 Simon Greene        #209   Emily Hayes         4    network   -        ignored
r13 Simon Greene        #278   Henry Richardson    5    discovery 0.9144   ignored
r13 Simon Greene        #279   Henry Richardson    6    discovery 0.8342   ignored
r13 Simon Greene        #258   Olivia Garcia       7    discovery 0.7681   ignored
r13 Simon Greene        #221   Ethan Grayson       8    discovery 0.6272   ignored
r13 Simon Greene        #239   Daniel Rivera       9    discovery 0.6019   ignored
r13 Simon Greene        #277   Emily Watson        10   discovery 0.2321   ignored
r13 Simon Greene        #265   James Miller        11   discovery 0.2998   ignored
r14 James Miller        #279   Henry Richardson    0    network   0.8438   ignored
r14 James Miller        #278   Henry Richardson    1    network   0.7896   ignored
r14 James Miller        #228   Henry Richardson    2    network   -        ignored
r14 James Miller        #179   Henry Richardson    3    network   -        ignored
r14 James Miller        #136   Henry Richardson    4    network   -        ignored
r14 James Miller        #204   Emma Hayes          5    fof       0.4453   ignored
r14 James Miller        #185   Emma Hayes          6    fof       -        ignored
r14 James Miller        #139   Emma Hayes          7    fof       -        ignored
r14 James Miller        #291   Bethany Davidson    8    discovery 0.9165   ignored
r14 James Miller        #258   Olivia Garcia       9    discovery 0.7654   ignored
r14 James Miller        #286   Samuel Reynolds     10   discovery 0.4355   ignored
r14 James Miller        #221   Ethan Grayson       11   discovery 0.5846   ignored
r14 Emma Hayes          #196   James Thompson      0    network   -        ignored
r14 Emma Hayes          #152   James Thompson      1    network   -        ignored
r14 Emma Hayes          #129   James Thompson      2    network   -        ignored
r14 Emma Hayes          #102   James Thompson      3    network   -        ignored
r14 Emma Hayes          #77    James Thompson      4    network   -        ignored
r14 Emma Hayes          #209   Emily Hayes         5    fof       -        ignored
r14 Emma Hayes          #192   Emily Hayes         6    fof       -        ignored
r14 Emma Hayes          #169   Emily Hayes         7    fof       -        ignored
r14 Emma Hayes          #291   Bethany Davidson    8    discovery 0.8575   ignored
r14 Emma Hayes          #278   Henry Richardson    9    discovery 0.8501   ignored
r14 Emma Hayes          #279   Henry Richardson    10   discovery 0.7896   ignored
r14 Emma Hayes          #289   Oliver Robinson     11   discovery 0.2741   ignored
r14 Ryan Johnson        #197   Sophie Green        0    network   -        ACTED
r14 Ryan Johnson        #53    Sophie Green        1    network   -        ignored
r14 Ryan Johnson        #26    Sophie Green        2    network   -        ignored
r14 Ryan Johnson        #285   Sophia Nguyen       3    fof       0.7589   ignored
r14 Ryan Johnson        #222   Sophia Nguyen       4    fof       -        ignored
r14 Ryan Johnson        #168   Sophia Nguyen       5    fof       -        ACTED
r14 Ryan Johnson        #280   Simon Greene        6    discovery 0.7849   ignored
r14 Ryan Johnson        #281   Jake Thompson       7    discovery 0.7419   ignored
r14 Ryan Johnson        #286   Samuel Reynolds     8    discovery 0.7375   ignored
r14 Ryan Johnson        #287   Oliver Wang         9    discovery 0.7332   ignored
r14 Ryan Johnson        #293   Carlos Rodriguez    10   discovery 0.7064   ignored
r14 Ryan Johnson        #265   James Miller        11   discovery 0.7132   ignored
r14 Alexandra Whitmore  #291   Bethany Davidson    0    network   0.7119   ignored
r14 Alexandra Whitmore  #254   Bethany Davidson    1    network   0.7101   ignored
r14 Alexandra Whitmore  #171   Bethany Davidson    2    network   -        ignored
r14 Alexandra Whitmore  #101   Bethany Davidson    3    network   -        ignored
r14 Alexandra Whitmore  #76    Bethany Davidson    4    network   -        ignored
r14 Alexandra Whitmore  #143   Aria Thompson       5    fof       -        ignored
r14 Alexandra Whitmore  #92    Aria Thompson       6    fof       -        ACTED
r14 Alexandra Whitmore  #69    Aria Thompson       7    fof       -        ignored
r14 Alexandra Whitmore  #280   Simon Greene        8    discovery 0.8002   ignored
r14 Alexandra Whitmore  #288   Maxwell Armstrong   9    discovery 0.7768   ignored
r14 Alexandra Whitmore  #273   Isabella Thompson   10   discovery 0.7152   ignored
r14 Alexandra Whitmore  #286   Samuel Reynolds     11   discovery 0.7623   ignored
r14 Jake Thompson       #294   Cassandra Johnson   0    discovery 0.8222   ignored
r14 Jake Thompson       #285   Sophia Nguyen       1    discovery 0.8187   ignored
r14 Jake Thompson       #288   Maxwell Armstrong   2    discovery 0.8174   ignored
r14 Jake Thompson       #290   Daniel Rivera       3    discovery 0.8137   ignored
r14 Jake Thompson       #289   Oliver Robinson     4    discovery 0.8093   ignored
r14 Jake Thompson       #282   Emily Carter        5    discovery 0.8028   ignored
r14 Jake Thompson       #286   Samuel Reynolds     6    discovery 0.8006   ignored
r14 Jake Thompson       #283   Henry Farmer        7    discovery 0.7870   ignored
r14 Jake Thompson       #284   Henry Farmer        8    discovery 0.7831   ignored
r14 Jake Thompson       #287   Oliver Wang         9    discovery 0.7729   ignored
r14 Jake Thompson       #269   Samuel Reynolds     10   discovery 0.7355   ignored
r14 Jake Thompson       #293   Carlos Rodriguez    11   discovery 0.7722   ignored
r14 Simon Walker        #241   Emily Thompson      0    network   -        ignored
r14 Simon Walker        #224   Emily Thompson      1    network   -        ignored
r14 Simon Walker        #212   Emily Thompson      2    network   -        ignored
r14 Simon Walker        #204   Emma Hayes          3    network   -        ACTED
r14 Simon Walker        #199   Emily Thompson      4    network   -        ignored
r14 Simon Walker        #196   James Thompson      5    fof       -        ignored
r14 Simon Walker        #152   James Thompson      6    fof       -        ignored
r14 Simon Walker        #129   James Thompson      7    fof       -        ignored
r14 Simon Walker        #280   Simon Greene        8    discovery 0.8165   ignored
r14 Simon Walker        #285   Sophia Nguyen       9    discovery 0.7680   ignored
r14 Simon Walker        #276   Carlos Rodriguez    10   discovery 0.7081   ignored
r14 Simon Walker        #269   Samuel Reynolds     11   discovery 0.6917   ignored
r14 Emily Carter        #286   Samuel Reynolds     0    discovery 0.7992   ignored
r14 Emily Carter        #280   Simon Greene        1    discovery 0.7984   ignored
r14 Emily Carter        #285   Sophia Nguyen       2    discovery 0.7924   ignored
r14 Emily Carter        #288   Maxwell Armstrong   3    discovery 0.7817   ignored
r14 Emily Carter        #290   Daniel Rivera       4    discovery 0.7758   ignored
r14 Emily Carter        #294   Cassandra Johnson   5    discovery 0.7690   ignored
r14 Emily Carter        #265   James Miller        6    discovery 0.7671   ignored
r14 Emily Carter        #289   Oliver Robinson     7    discovery 0.7669   ignored
r14 Emily Carter        #281   Jake Thompson       8    discovery 0.7621   ignored
r14 Emily Carter        #284   Henry Farmer        9    discovery 0.7616   ignored
r14 Emily Carter        #275   Carlos Rodriguez    10   discovery 0.7081   ignored
r14 Emily Carter        #267   Simon Walker        11   discovery 0.7038   ignored
r14 Aria Thompson       #290   Daniel Rivera       0    network   0.4422   ignored
r14 Aria Thompson       #239   Daniel Rivera       1    network   0.6512   ignored
r14 Aria Thompson       #125   Daniel Rivera       2    network   -        ignored
r14 Aria Thompson       #99    Daniel Rivera       3    network   -        ignored
r14 Aria Thompson       #75    Daniel Rivera       4    network   -        ignored
r14 Aria Thompson       #258   Olivia Garcia       5    fof       0.7553   ignored
r14 Aria Thompson       #256   Victoria Greene     6    fof       -        ignored
r14 Aria Thompson       #173   Victoria Greene     7    fof       -        ignored
r14 Aria Thompson       #291   Bethany Davidson    8    discovery 0.9044   ignored
r14 Aria Thompson       #279   Henry Richardson    9    discovery 0.8327   ignored
r14 Aria Thompson       #286   Samuel Reynolds     10   discovery 0.4265   ignored
r14 Aria Thompson       #280   Simon Greene        11   discovery 0.7323   ignored
r14 Henry Farmer        #285   Sophia Nguyen       0    network   0.7264   ignored
r14 Henry Farmer        #222   Sophia Nguyen       1    network   -        ignored
r14 Henry Farmer        #197   Sophie Green        2    network   -        ignored
r14 Henry Farmer        #168   Sophia Nguyen       3    network   -        ignored
r14 Henry Farmer        #119   Sophia Nguyen       4    network   -        ignored
r14 Henry Farmer        #241   Emily Thompson      5    fof       -        ignored
r14 Henry Farmer        #238   Daniel Miller       6    fof       -        ignored
r14 Henry Farmer        #224   Emily Thompson      7    fof       -        ignored
r14 Henry Farmer        #280   Simon Greene        8    discovery 0.7838   ignored
r14 Henry Farmer        #289   Oliver Robinson     9    discovery 0.7304   ignored
r14 Henry Farmer        #273   Isabella Thompson   10   discovery 0.6563   ignored
r14 Henry Farmer        #254   Bethany Davidson    11   discovery 0.6716   ignored
r14 Ethan Grayson       #209   Emily Hayes         0    network   -        ignored
r14 Ethan Grayson       #192   Emily Hayes         1    network   -        ignored
r14 Ethan Grayson       #169   Emily Hayes         2    network   -        ignored
r14 Ethan Grayson       #146   Emily Hayes         3    network   -        ignored
r14 Ethan Grayson       #123   Emily Hayes         4    network   -        ignored
r14 Ethan Grayson       #291   Bethany Davidson    5    discovery 0.8831   ignored
r14 Ethan Grayson       #279   Henry Richardson    6    discovery 0.8131   ignored
r14 Ethan Grayson       #280   Simon Greene        7    discovery 0.7650   ignored
r14 Ethan Grayson       #278   Henry Richardson    8    discovery 0.7396   ignored
r14 Ethan Grayson       #258   Olivia Garcia       9    discovery 0.7375   ignored
r14 Ethan Grayson       #264   Simon Greene        10   discovery 0.7290   ignored
r14 Ethan Grayson       #287   Oliver Wang         11   discovery 0.4844   ignored
r14 Sophia Nguyen       #284   Henry Farmer        0    network   0.4811   ignored
r14 Sophia Nguyen       #283   Henry Farmer        1    network   0.4726   ignored
r14 Sophia Nguyen       #268   Henry Farmer        2    network   -        ACTED
r14 Sophia Nguyen       #250   Henry Farmer        3    network   -        ACTED
r14 Sophia Nguyen       #241   Emily Thompson      4    network   -        ACTED
r14 Sophia Nguyen       #196   James Thompson      5    fof       -        ACTED
r14 Sophia Nguyen       #152   James Thompson      6    fof       -        ignored
r14 Sophia Nguyen       #129   James Thompson      7    fof       -        ignored
r14 Sophia Nguyen       #291   Bethany Davidson    8    discovery 0.8944   ignored
r14 Sophia Nguyen       #279   Henry Richardson    9    discovery 0.8235   ignored
r14 Sophia Nguyen       #258   Olivia Garcia       10   discovery 0.7469   ignored
r14 Sophia Nguyen       #290   Daniel Rivera       11   discovery 0.5174   ignored
r14 Samuel Reynolds     #256   Victoria Greene     0    network   -        ignored
r14 Samuel Reynolds     #173   Victoria Greene     1    network   -        ignored
r14 Samuel Reynolds     #151   Victoria Greene     2    network   -        ignored
r14 Samuel Reynolds     #128   Victoria Greene     3    network   -        ignored
r14 Samuel Reynolds     #23    Victoria Greene     4    network   -        ignored
r14 Samuel Reynolds     #209   Emily Hayes         5    fof       -        ignored
r14 Samuel Reynolds     #192   Emily Hayes         6    fof       -        ignored
r14 Samuel Reynolds     #169   Emily Hayes         7    fof       -        ignored
r14 Samuel Reynolds     #282   Emily Carter        8    discovery 0.8502   ignored
r14 Samuel Reynolds     #285   Sophia Nguyen       9    discovery 0.8478   ignored
r14 Samuel Reynolds     #290   Daniel Rivera       10   discovery 0.8245   ignored
r14 Samuel Reynolds     #270   Oliver Wang         11   discovery 0.7586   ignored
r14 Oliver Wang         #209   Emily Hayes         0    network   -        ignored
r14 Oliver Wang         #192   Emily Hayes         1    network   -        ignored
r14 Oliver Wang         #169   Emily Hayes         2    network   -        ignored
r14 Oliver Wang         #146   Emily Hayes         3    network   -        ignored
r14 Oliver Wang         #123   Emily Hayes         4    network   -        ACTED
r14 Oliver Wang         #284   Henry Farmer        5    discovery 0.8319   ignored
r14 Oliver Wang         #283   Henry Farmer        6    discovery 0.8174   ignored
r14 Oliver Wang         #289   Oliver Robinson     7    discovery 0.8155   ignored
r14 Oliver Wang         #286   Samuel Reynolds     8    discovery 0.8099   ignored
r14 Oliver Wang         #285   Sophia Nguyen       9    discovery 0.8016   ignored
r14 Oliver Wang         #294   Cassandra Johnson   10   discovery 0.7675   ignored
r14 Oliver Wang         #265   James Miller        11   discovery 0.7080   ignored
r14 Maxwell Armstrong   #287   Oliver Wang         0    network   0.4436   ignored
r14 Maxwell Armstrong   #273   Isabella Thompson   1    network   0.4620   ignored
r14 Maxwell Armstrong   #270   Oliver Wang         2    network   0.4498   ignored
r14 Maxwell Armstrong   #255   Isabella Thompson   3    network   -        ignored
r14 Maxwell Armstrong   #251   Oliver Wang         4    network   -        ignored
r14 Maxwell Armstrong   #209   Emily Hayes         5    fof       -        ignored
r14 Maxwell Armstrong   #196   James Thompson      6    fof       -        ACTED
r14 Maxwell Armstrong   #192   Emily Hayes         7    fof       -        ignored
r14 Maxwell Armstrong   #291   Bethany Davidson    8    discovery 0.9031   ignored
r14 Maxwell Armstrong   #279   Henry Richardson    9    discovery 0.8315   ignored
r14 Maxwell Armstrong   #258   Olivia Garcia       10   discovery 0.7542   ignored
r14 Maxwell Armstrong   #278   Henry Richardson    11   discovery 0.7697   ignored
r14 Emily Hayes         #291   Bethany Davidson    0    discovery 0.8531   ignored
r14 Emily Hayes         #280   Simon Greene        1    discovery 0.8169   ignored
r14 Emily Hayes         #279   Henry Richardson    2    discovery 0.7855   ignored
r14 Emily Hayes         #257   Nathan Brooks       3    discovery 0.7482   ignored
r14 Emily Hayes         #258   Olivia Garcia       4    discovery 0.7125   ignored
r14 Emily Hayes         #262   Carlos Rodriguez    5    discovery 0.7092   ignored
r14 Emily Hayes         #264   Simon Greene        6    discovery 0.6932   ignored
r14 Emily Hayes         #278   Henry Richardson    7    discovery 0.6889   ignored
r14 Emily Hayes         #239   Daniel Rivera       8    discovery 0.6716   ignored
r14 Emily Hayes         #265   James Miller        9    discovery 0.6371   ignored
r14 Emily Hayes         #273   Isabella Thompson   10   discovery 0.5751   ignored
r14 Emily Hayes         #281   Jake Thompson       11   discovery 0.6067   ignored
r14 Oliver Robinson     #154   Luna Reyes          0    network   -        ignored
r14 Oliver Robinson     #104   Luna Reyes          1    network   -        ACTED
r14 Oliver Robinson     #79    Luna Reyes          2    network   -        ignored
r14 Oliver Robinson     #52    Luna Reyes          3    network   -        ACTED
r14 Oliver Robinson     #25    Luna Reyes          4    network   -        ignored
r14 Oliver Robinson     #283   Henry Farmer        5    discovery 0.8371   ignored
r14 Oliver Robinson     #286   Samuel Reynolds     6    discovery 0.8341   ignored
r14 Oliver Robinson     #284   Henry Farmer        7    discovery 0.8278   ignored
r14 Oliver Robinson     #287   Oliver Wang         8    discovery 0.8248   ignored
r14 Oliver Robinson     #285   Sophia Nguyen       9    discovery 0.8236   ignored
r14 Oliver Robinson     #281   Jake Thompson       10   discovery 0.8039   ignored
r14 Oliver Robinson     #247   James Miller        11   discovery 0.6940   ignored
r14 Daniel Miller       #204   Emma Hayes          0    network   -        ignored
r14 Daniel Miller       #185   Emma Hayes          1    network   -        ignored
r14 Daniel Miller       #139   Emma Hayes          2    network   -        ignored
r14 Daniel Miller       #114   Emma Hayes          3    network   -        ignored
r14 Daniel Miller       #87    Emma Hayes          4    network   -        ignored
r14 Daniel Miller       #196   James Thompson      5    fof       -        ACTED
r14 Daniel Miller       #152   James Thompson      6    fof       -        ignored
r14 Daniel Miller       #129   James Thompson      7    fof       -        ignored
r14 Daniel Miller       #286   Samuel Reynolds     8    discovery 0.8593   ignored
r14 Daniel Miller       #285   Sophia Nguyen       9    discovery 0.8555   ignored
r14 Daniel Miller       #292   Olivia Rodriguez    10   discovery 0.7672   ignored
r14 Daniel Miller       #275   Carlos Rodriguez    11   discovery 0.7669   ignored
r14 Daniel Rivera       #258   Olivia Garcia       0    network   -        ignored
r14 Daniel Rivera       #256   Victoria Greene     1    network   -        ignored
r14 Daniel Rivera       #173   Victoria Greene     2    network   -        ignored
r14 Daniel Rivera       #151   Victoria Greene     3    network   -        ignored
r14 Daniel Rivera       #143   Aria Thompson       4    network   -        ignored
r14 Daniel Rivera       #209   Emily Hayes         5    fof       -        ACTED
r14 Daniel Rivera       #192   Emily Hayes         6    fof       -        ignored
r14 Daniel Rivera       #172   Steven Johnson      7    fof       -        ignored
r14 Daniel Rivera       #288   Maxwell Armstrong   8    discovery 0.8738   ignored
r14 Daniel Rivera       #294   Cassandra Johnson   9    discovery 0.8510   ignored
r14 Daniel Rivera       #276   Carlos Rodriguez    10   discovery 0.7619   ignored
r14 Daniel Rivera       #274   Olivia Rodriguez    11   discovery 0.7857   ignored
r14 Eleanor Thompson    #278   Henry Richardson    0    discovery 0.8423   ignored
r14 Eleanor Thompson    #291   Bethany Davidson    1    discovery 0.8380   ignored
r14 Eleanor Thompson    #279   Henry Richardson    2    discovery 0.7715   ignored
r14 Eleanor Thompson    #264   Simon Greene        3    discovery 0.7227   ignored
r14 Eleanor Thompson    #258   Olivia Garcia       4    discovery 0.6998   ignored
r14 Eleanor Thompson    #280   Simon Greene        5    discovery 0.5579   ignored
r14 Eleanor Thompson    #221   Ethan Grayson       6    discovery 0.5419   ignored
r14 Eleanor Thompson    #239   Daniel Rivera       7    discovery 0.5350   ignored
r14 Eleanor Thompson    #257   Nathan Brooks       8    discovery 0.5189   ignored
r14 Eleanor Thompson    #207   Ethan Grayson       9    discovery 0.4791   ignored
r14 Eleanor Thompson    #171   Bethany Davidson    10   discovery 0.2289   ignored
r14 Eleanor Thompson    #288   Maxwell Armstrong   11   discovery 0.2393   ignored
r14 Bethany Davidson    #143   Aria Thompson       0    network   -        ACTED
r14 Bethany Davidson    #92    Aria Thompson       1    network   -        ignored
r14 Bethany Davidson    #69    Aria Thompson       2    network   -        ignored
r14 Bethany Davidson    #42    Aria Thompson       3    network   -        ACTED
r14 Bethany Davidson    #8     Aria Thompson       4    network   -        ignored
r14 Bethany Davidson    #239   Daniel Rivera       5    fof       0.5211   ignored
r14 Bethany Davidson    #290   Daniel Rivera       6    fof       0.2468   ignored
r14 Bethany Davidson    #125   Daniel Rivera       7    fof       -        ignored
r14 Bethany Davidson    #278   Henry Richardson    8    discovery 0.8272   ignored
r14 Bethany Davidson    #279   Henry Richardson    9    discovery 0.7581   ACTED
r14 Bethany Davidson    #185   Emma Hayes          10   discovery 0.3591   ignored
r14 Bethany Davidson    #272   Oliver Robinson     11   discovery 0.2229   ignored
r14 Isabella Thompson   #196   James Thompson      0    network   -        ignored
r14 Isabella Thompson   #152   James Thompson      1    network   -        ignored
r14 Isabella Thompson   #129   James Thompson      2    network   -        ignored
r14 Isabella Thompson   #102   James Thompson      3    network   -        ignored
r14 Isabella Thompson   #77    James Thompson      4    network   -        ignored
r14 Isabella Thompson   #209   Emily Hayes         5    fof       -        ignored
r14 Isabella Thompson   #192   Emily Hayes         6    fof       -        ignored
r14 Isabella Thompson   #169   Emily Hayes         7    fof       -        ignored
r14 Isabella Thompson   #288   Maxwell Armstrong   8    discovery 0.8564   ignored
r14 Isabella Thompson   #290   Daniel Rivera       9    discovery 0.8501   ignored
r14 Isabella Thompson   #265   James Miller        10   discovery 0.7784   ignored
r14 Isabella Thompson   #281   Jake Thompson       11   discovery 0.8172   ignored
r14 Steven Johnson      #291   Bethany Davidson    0    discovery 0.8600   ignored
r14 Steven Johnson      #278   Henry Richardson    1    discovery 0.8521   ignored
r14 Steven Johnson      #279   Henry Richardson    2    discovery 0.7918   ignored
r14 Steven Johnson      #264   Simon Greene        3    discovery 0.7391   ignored
r14 Steven Johnson      #258   Olivia Garcia       4    discovery 0.7182   ignored
r14 Steven Johnson      #280   Simon Greene        5    discovery 0.5810   ignored
r14 Steven Johnson      #239   Daniel Rivera       6    discovery 0.5572   ignored
r14 Steven Johnson      #221   Ethan Grayson       7    discovery 0.5567   ignored
r14 Steven Johnson      #257   Nathan Brooks       8    discovery 0.5431   ignored
r14 Steven Johnson      #262   Carlos Rodriguez    9    discovery 0.4900   ignored
r14 Steven Johnson      #276   Carlos Rodriguez    10   discovery 0.2629   ignored
r14 Steven Johnson      #290   Daniel Rivera       11   discovery 0.2675   ignored
r14 Victoria Greene     #209   Emily Hayes         0    network   -        ignored
r14 Victoria Greene     #192   Emily Hayes         1    network   -        ignored
r14 Victoria Greene     #169   Emily Hayes         2    network   -        ignored
r14 Victoria Greene     #146   Emily Hayes         3    network   -        ignored
r14 Victoria Greene     #123   Emily Hayes         4    network   -        ignored
r14 Victoria Greene     #286   Samuel Reynolds     5    discovery 0.8670   ignored
r14 Victoria Greene     #285   Sophia Nguyen       6    discovery 0.8565   ignored
r14 Victoria Greene     #282   Emily Carter        7    discovery 0.8546   ignored
r14 Victoria Greene     #288   Maxwell Armstrong   8    discovery 0.8495   ignored
r14 Victoria Greene     #290   Daniel Rivera       9    discovery 0.8441   ignored
r14 Victoria Greene     #270   Oliver Wang         10   discovery 0.7754   ignored
r14 Victoria Greene     #267   Simon Walker        11   discovery 0.7744   ignored
r14 James Thompson      #209   Emily Hayes         0    network   -        ignored
r14 James Thompson      #192   Emily Hayes         1    network   -        ignored
r14 James Thompson      #169   Emily Hayes         2    network   -        ignored
r14 James Thompson      #146   Emily Hayes         3    network   -        ignored
r14 James Thompson      #123   Emily Hayes         4    network   -        ignored
r14 James Thompson      #291   Bethany Davidson    5    discovery 0.8587   ignored
r14 James Thompson      #278   Henry Richardson    6    discovery 0.8515   ignored
r14 James Thompson      #279   Henry Richardson    7    discovery 0.7906   ignored
r14 James Thompson      #264   Simon Greene        8    discovery 0.7389   ignored
r14 James Thompson      #258   Olivia Garcia       9    discovery 0.7171   ignored
r14 James Thompson      #288   Maxwell Armstrong   10   discovery 0.2583   ignored
r14 James Thompson      #262   Carlos Rodriguez    11   discovery 0.4893   ignored
r14 Michael Thompson    #204   Emma Hayes          0    network   -        ignored
r14 Michael Thompson    #185   Emma Hayes          1    network   -        ignored
r14 Michael Thompson    #139   Emma Hayes          2    network   -        ACTED
r14 Michael Thompson    #114   Emma Hayes          3    network   -        ignored
r14 Michael Thompson    #87    Emma Hayes          4    network   -        ignored
r14 Michael Thompson    #196   James Thompson      5    fof       -        ignored
r14 Michael Thompson    #152   James Thompson      6    fof       -        ignored
r14 Michael Thompson    #129   James Thompson      7    fof       -        ignored
r14 Michael Thompson    #294   Cassandra Johnson   8    discovery 0.7611   ignored
r14 Michael Thompson    #280   Simon Greene        9    discovery 0.7607   ignored
r14 Michael Thompson    #272   Oliver Robinson     10   discovery 0.6938   ignored
r14 Michael Thompson    #267   Simon Walker        11   discovery 0.6760   ignored
r14 Luna Reyes          #302   Oliver Robinson     0    network   -        ignored
r14 Luna Reyes          #289   Oliver Robinson     1    network   0.6688   ignored
r14 Luna Reyes          #272   Oliver Robinson     2    network   0.6158   ignored
r14 Luna Reyes          #253   Oliver Robinson     3    network   -        ignored
r14 Luna Reyes          #147   Oliver Robinson     4    network   -        ignored
r14 Luna Reyes          #280   Simon Greene        5    discovery 0.7889   ignored
r14 Luna Reyes          #291   Bethany Davidson    6    discovery 0.7870   ignored
r14 Luna Reyes          #257   Nathan Brooks       7    discovery 0.7316   ignored
r14 Luna Reyes          #279   Henry Richardson    8    discovery 0.7246   ignored
r14 Luna Reyes          #262   Carlos Rodriguez    9    discovery 0.7095   ignored
r14 Luna Reyes          #258   Olivia Garcia       10   discovery 0.6573   ignored
r14 Luna Reyes          #271   Maxwell Armstrong   11   discovery 0.6184   ignored
r14 Sophie Green        #285   Sophia Nguyen       0    network   0.8414   ignored
r14 Sophie Green        #222   Sophia Nguyen       1    network   -        ignored
r14 Sophie Green        #168   Sophia Nguyen       2    network   -        ACTED
r14 Sophie Green        #119   Sophia Nguyen       3    network   -        ACTED
r14 Sophie Green        #94    Sophia Nguyen       4    network   -        ignored
r14 Sophie Green        #283   Henry Farmer        5    fof       0.8425   ignored
r14 Sophie Green        #284   Henry Farmer        6    fof       0.8404   ignored
r14 Sophie Green        #268   Henry Farmer        7    fof       0.7562   ignored
r14 Sophie Green        #287   Oliver Wang         8    discovery 0.8794   ignored
r14 Sophie Green        #289   Oliver Robinson     9    discovery 0.8381   ignored
r14 Sophie Green        #248   Ryan Johnson        10   discovery 0.7129   ignored
r14 Sophie Green        #273   Isabella Thompson   11   discovery 0.7582   ignored
r14 Nathan Brooks       #278   Henry Richardson    0    discovery 0.8442   ignored
r14 Nathan Brooks       #291   Bethany Davidson    1    discovery 0.8395   ignored
r14 Nathan Brooks       #279   Henry Richardson    2    discovery 0.7730   ignored
r14 Nathan Brooks       #264   Simon Greene        3    discovery 0.7242   ignored
r14 Nathan Brooks       #258   Olivia Garcia       4    discovery 0.7011   ignored
r14 Nathan Brooks       #280   Simon Greene        5    discovery 0.5588   ignored
r14 Nathan Brooks       #221   Ethan Grayson       6    discovery 0.5440   ignored
r14 Nathan Brooks       #239   Daniel Rivera       7    discovery 0.5366   ignored
r14 Nathan Brooks       #207   Ethan Grayson       8    discovery 0.4805   ignored
r14 Nathan Brooks       #262   Carlos Rodriguez    9    discovery 0.4663   ignored
r14 Nathan Brooks       #254   Bethany Davidson    10   discovery 0.3026   ignored
r14 Nathan Brooks       #185   Emma Hayes          11   discovery 0.3662   ignored
r14 Emily Thompson      #196   James Thompson      0    network   -        ignored
r14 Emily Thompson      #152   James Thompson      1    network   -        ignored
r14 Emily Thompson      #129   James Thompson      2    network   -        ignored
r14 Emily Thompson      #102   James Thompson      3    network   -        ignored
r14 Emily Thompson      #77    James Thompson      4    network   -        ignored
r14 Emily Thompson      #209   Emily Hayes         5    fof       -        ignored
r14 Emily Thompson      #192   Emily Hayes         6    fof       -        ignored
r14 Emily Thompson      #169   Emily Hayes         7    fof       -        ignored
r14 Emily Thompson      #291   Bethany Davidson    8    discovery 0.9164   ignored
r14 Emily Thompson      #279   Henry Richardson    9    discovery 0.8438   ignored
r14 Emily Thompson      #194   Eleanor Thompson    10   discovery 0.3687   ignored
r14 Emily Thompson      #265   James Miller        11   discovery 0.4423   ignored
r14 Olivia Garcia       #172   Steven Johnson      0    network   -        ignored
r14 Olivia Garcia       #150   Steven Johnson      1    network   -        ACTED
r14 Olivia Garcia       #127   Steven Johnson      2    network   -        ACTED
r14 Olivia Garcia       #22    Steven Johnson      3    network   -        ACTED
r14 Olivia Garcia       #278   Henry Richardson    4    discovery 0.8397   ACTED
r14 Olivia Garcia       #291   Bethany Davidson    5    discovery 0.8373   ACTED
r14 Olivia Garcia       #279   Henry Richardson    6    discovery 0.7709   ACTED
r14 Olivia Garcia       #264   Simon Greene        7    discovery 0.7210   ACTED
r14 Olivia Garcia       #280   Simon Greene        8    discovery 0.5545   ACTED
r14 Olivia Garcia       #221   Ethan Grayson       9    discovery 0.5405   ACTED
r14 Olivia Garcia       #257   Nathan Brooks       10   discovery 0.5172   ignored
r14 Olivia Garcia       #262   Carlos Rodriguez    11   discovery 0.4624   ACTED
r14 Olivia Rodriguez    #257   Nathan Brooks       0    network   -        ignored
r14 Olivia Rodriguez    #198   Nathan Brooks       1    network   -        ignored
r14 Olivia Rodriguez    #174   Nathan Brooks       2    network   -        ignored
r14 Olivia Rodriguez    #155   Nathan Brooks       3    network   -        ACTED
r14 Olivia Rodriguez    #131   Nathan Brooks       4    network   -        ignored
r14 Olivia Rodriguez    #289   Oliver Robinson     5    discovery 0.8381   ignored
r14 Olivia Rodriguez    #286   Samuel Reynolds     6    discovery 0.8160   ignored
r14 Olivia Rodriguez    #284   Henry Farmer        7    discovery 0.8149   ignored
r14 Olivia Rodriguez    #283   Henry Farmer        8    discovery 0.8113   ignored
r14 Olivia Rodriguez    #282   Emily Carter        9    discovery 0.8106   ignored
r14 Olivia Rodriguez    #255   Isabella Thompson   10   discovery 0.6835   ignored
r14 Olivia Rodriguez    #288   Maxwell Armstrong   11   discovery 0.7890   ignored
r14 Carlos Rodriguez    #280   Simon Greene        0    network   -        ignored
r14 Carlos Rodriguez    #264   Simon Greene        1    network   -        ignored
r14 Carlos Rodriguez    #245   Simon Greene        2    network   -        ignored
r14 Carlos Rodriguez    #230   Simon Greene        3    network   -        ignored
r14 Carlos Rodriguez    #209   Emily Hayes         4    network   -        ignored
r14 Carlos Rodriguez    #287   Oliver Wang         5    fof       0.7974   ignored
r14 Carlos Rodriguez    #270   Oliver Wang         6    fof       0.6946   ignored
r14 Carlos Rodriguez    #251   Oliver Wang         7    fof       0.6599   ignored
r14 Carlos Rodriguez    #289   Oliver Robinson     8    discovery 0.7906   ignored
r14 Carlos Rodriguez    #286   Samuel Reynolds     9    discovery 0.7858   ignored
r14 Carlos Rodriguez    #283   Henry Farmer        10   discovery 0.7854   ignored
r14 Carlos Rodriguez    #273   Isabella Thompson   11   discovery 0.7128   ignored
r14 Emily Watson        #301   Oliver Wang         0    network   -        ignored
r14 Emily Watson        #287   Oliver Wang         1    network   0.7862   ignored
r14 Emily Watson        #270   Oliver Wang         2    network   0.7430   ignored
r14 Emily Watson        #251   Oliver Wang         3    network   0.6894   ignored
r14 Emily Watson        #237   Oliver Wang         4    network   -        ignored
r14 Emily Watson        #284   Henry Farmer        5    fof       0.8024   ignored
r14 Emily Watson        #283   Henry Farmer        6    fof       0.7971   ignored
r14 Emily Watson        #268   Henry Farmer        7    fof       0.7558   ignored
r14 Emily Watson        #289   Oliver Robinson     8    discovery 0.8302   ignored
r14 Emily Watson        #285   Sophia Nguyen       9    discovery 0.8281   ignored
r14 Emily Watson        #275   Carlos Rodriguez    10   discovery 0.7274   ignored
r14 Emily Watson        #255   Isabella Thompson   11   discovery 0.6894   ignored
r14 Henry Richardson    #204   Emma Hayes          0    network   0.3395   ACTED
r14 Henry Richardson    #185   Emma Hayes          1    network   0.3617   ignored
r14 Henry Richardson    #139   Emma Hayes          2    network   -        ignored
r14 Henry Richardson    #114   Emma Hayes          3    network   -        ignored
r14 Henry Richardson    #87    Emma Hayes          4    network   -        ignored
r14 Henry Richardson    #196   James Thompson      5    fof       -        ignored
r14 Henry Richardson    #152   James Thompson      6    fof       -        ignored
r14 Henry Richardson    #129   James Thompson      7    fof       -        ignored
r14 Henry Richardson    #291   Bethany Davidson    8    discovery 0.8302   ignored
r14 Henry Richardson    #264   Simon Greene        9    discovery 0.7153   ignored
r14 Henry Richardson    #286   Samuel Reynolds     10   discovery 0.2212   ignored
r14 Henry Richardson    #194   Eleanor Thompson    11   discovery 0.3298   ignored
r14 Cassandra Johnson   #280   Simon Greene        0    network   0.7518   ACTED
r14 Cassandra Johnson   #264   Simon Greene        1    network   0.7344   ignored
r14 Cassandra Johnson   #245   Simon Greene        2    network   -        ignored
r14 Cassandra Johnson   #230   Simon Greene        3    network   -        ignored
r14 Cassandra Johnson   #181   Simon Greene        4    network   -        ignored
r14 Cassandra Johnson   #287   Oliver Wang         5    fof       0.4686   ignored
r14 Cassandra Johnson   #270   Oliver Wang         6    fof       0.4656   ignored
r14 Cassandra Johnson   #301   Oliver Wang         7    fof       -        ignored
r14 Cassandra Johnson   #291   Bethany Davidson    8    discovery 0.8872   ignored
r14 Cassandra Johnson   #279   Henry Richardson    9    discovery 0.8168   ignored
r14 Cassandra Johnson   #289   Oliver Robinson     10   discovery 0.5110   ignored
r14 Cassandra Johnson   #282   Emily Carter        11   discovery 0.4808   ignored
r14 Simon Greene        #301   Oliver Wang         0    network   -        ignored
r14 Simon Greene        #287   Oliver Wang         1    network   -        ignored
r14 Simon Greene        #270   Oliver Wang         2    network   -        ignored
r14 Simon Greene        #251   Oliver Wang         3    network   -        ignored
r14 Simon Greene        #237   Oliver Wang         4    network   -        ignored
r14 Simon Greene        #299   Henry Farmer        5    fof       -        ignored
r14 Simon Greene        #284   Henry Farmer        6    fof       -        ignored
r14 Simon Greene        #283   Henry Farmer        7    fof       -        ignored
r14 Simon Greene        #278   Henry Richardson    8    discovery 0.8419   ignored
r14 Simon Greene        #291   Bethany Davidson    9    discovery 0.8342   ignored
r14 Simon Greene        #276   Carlos Rodriguez    10   discovery 0.2473   ignored
r14 Simon Greene        #265   James Miller        11   discovery 0.2760   ignored