post_uid,post_key,post_set_seed,topic,subreddit,slot,author_model,oasis_post_id,post_type,subject,poster_voice,title,body,words,generation_seconds,generation_attempts,dislike_by_gemma4:e2b_users,like_by_gemma4:e2b_users,dislike_by_llama3.1:8b_users,like_by_llama3.1:8b_users,nothing_by_llama3.1:8b_users,dislike_by_mistral:7b_users,like_by_mistral:7b_users,nothing_by_mistral:7b_users,nothing_by_gemma4:e2b_users,FAILED_by_mistral:7b_users
s40|r0|personal_finance|llama3.1:8b,r0|personal_finance|llama3.1:8b,40,personal_finance,r/personalfinance,1,llama3.1:8b,1,venting about something frustrating,splitting finances with a partner,a 41-year-old farmer,Frustrated farmer here...,"Just had to have a long talk with my partner about splitting our finances. We've been together for over 10 years and I'm getting tired of feeling like I'm the one doing all the behind-the-scenes work around here. The farm is in both our names, but somehow she thinks her ' contributions' should be measured solely by how much she spends on groceries and gas to get to town for errands. Meanwhile, I'm out in the fields every day from dawn till dusk, dealing with unpredictable weather, equipment breakdowns, and endless paperwork. Anyone else have a situation like this? Feeling taken advantage of is not exactly what I signed up for when we started this life together...",117,6.58,1,15,34,9,27,14,0,44,6,1,0
s40|r0|cars|llama3.1:8b,r0|cars|llama3.1:8b,40,cars,r/cars,1,llama3.1:8b,16,venting about something frustrating,a mechanic who ripped someone off,a 27-year-old who moved to a new city,Just had to share my rant about a shady mechanic...,"So I just moved to this new city and was trying to get familiar with the local mechanics for any future car issues. Yesterday, I met up with a guy who got taken advantage of by one of them. He brought in his '02 Mustang that was making a weird noise and wanted it looked at. The mechanic quoted him $200 for some repairs... sounds reasonable, right? Wrong. They ended up charging him almost $1000 after 'finding' more problems with the car. When he tried to call them out on it, they basically told him it was his fault for not knowing what he had. That's just disgusting. Has anyone else ever dealt with a mechanic like this?",118,6.41,1,9,41,6,31,13,2,48,0,0,0
s40|r0|farming|llama3.1:8b,r0|farming|llama3.1:8b,40,farming,r/farming,1,llama3.1:8b,31,celebrating a small win,a bad hay year and feed costs,a 61-year-old close to retirement,Celebrating a Small Win in Tough Times...,"Just had to share this little victory with all you farmers out there. I've been raising cattle for 40 years, and this has been one of the toughest hay seasons I can remember. Dry spells, weeds instead of grass... it's been a struggle. And to make matters worse, feed costs have been through the roof. But we just got our first load of decent hay in, and the cattle are actually eating like they should for once. My son-in-law helped me haul it home and I was so proud to see him pitching in alongside the old man (that's me!). It's not a big win, but it's something to hold onto when things seem as bleak as they have lately.",120,6.51,1,0,45,1,36,13,0,50,0,5,0
s40|r0|cooking|llama3.1:8b,r0|cooking|llama3.1:8b,40,cooking,r/cooking,1,llama3.1:8b,46,giving an opinion that some people will disagree with,cooking for a picky kid,a 33-year-old software tester,I'm guilty of coddling my kid's palate...,"As a software tester, I'm used to dealing with strict requirements and deadlines. But when it comes to cooking for my 7-year-old, I think I've taken things too far. His parents and I have essentially created a 'kid menu' that's separate from our own meals, just so he'll eat something. Don't get me wrong, the kid has some legit texture issues (think: slimy or crunchy), but it feels like we're coddling him by offering an entire different set of options. Shouldn't he be learning to adapt and deal with a little variety? Am I being unreasonable?",96,6.07,1,22,23,4,22,24,2,35,13,5,0
s40|r0|tech|llama3.1:8b,r0|tech|llama3.1:8b,40,tech,r/technology,1,llama3.1:8b,61,venting about something frustrating,wireless earbuds that keep breaking,a 27-year-old who moved to a new city,Wireless earbuds that are a waste of money!,"I'm so frustrated with my new wireless earbuds. I've had them for like 3 months and they're already on their 4th replacement. The first one stopped working after a week, then the second one started skipping tracks randomly... and now this fourth pair has a crack in the charging case. I swear, these things are designed to be disposable or something. I've been using them for short commutes and light workouts, not even extreme conditions. Has anyone else had issues with their wireless earbuds? Why do they always seem to break after such a short time?",96,5.81,1,30,20,11,29,10,22,24,4,0,0
s40|r1|personal_finance|llama3.1:8b,r1|personal_finance|llama3.1:8b,40,personal_finance,r/personalfinance,2,llama3.1:8b,4,asking for a recommendation,starting to invest with a small amount,a 24-year-old in their first full-time job,Starting to invest on a shoestring budget,"Hey fellow Redditors, I'm 24 and just landed my first full-time job. I've been hearing about investing for years, but I've never had the means or motivation to do so until now. The problem is that I don't have much money to start with - I'll be lucky if I can scrounge up $100 a month for investments. Does anyone have any recommendations on how to get started? Should I go with index funds, ETFs, or something else entirely? Are there any low-cost investment platforms that cater specifically to beginners like me? Any advice would be greatly appreciated!",98,5.81,1,0,48,3,36,11,0,50,0,2,0
s40|r1|cars|llama3.1:8b,r1|cars|llama3.1:8b,40,cars,r/cars,2,llama3.1:8b,19,celebrating a small win,first road trip in a new car,a 19-year-old college student,Just got back from my first road trip in my new ride!,"I finally picked up my brand new Civic EX-L a week ago and I took it on its maiden voyage to visit some friends at the beach. Had a blast cruising down the highway with all the bells and whistles. The car handled like a dream, and I even managed to squeeze out 32mpg on the way home! Not too shabby for a newbie like me. Anyone else have any first road trip stories in a new set of wheels?",80,4.82,1,6,19,1,22,27,0,43,7,25,0
s40|r1|farming|llama3.1:8b,r1|farming|llama3.1:8b,40,farming,r/farming,2,llama3.1:8b,34,sharing a practical tip that worked,land prices near the city,a 45-year-old small-town mechanic,Practical Tip on Land Prices Near the City,"I was talkin' to a farmer friend of mine the other day who's been lookin' to buy some land near the city. He was gettin' frustrated with the prices, but I told him somethin' that worked for me when I was buyin' my own property out in the sticks. See, most folks around here are thinkin' like a city person - they're lookin' at the price per acre and thinkin', 'That's too high!' But what they need to be doin' is lookin' at the price per foot of road frontage. That's where you can find some deals. I bought my property for $25,000 an acre, but it was right on a main road with 500 feet of frontage. If I'd been thinkin' like everyone else, I would've paid way too much for that land. Just somethin' to keep in mind if you're lookin' to buy some land near the city.",150,8.99,1,18,31,3,35,12,0,50,0,1,0
s40|r1|cooking|llama3.1:8b,r1|cooking|llama3.1:8b,40,cooking,r/cooking,2,llama3.1:8b,49,venting about something frustrating,cast iron care,a 27-year-old who moved to a new city,Cast Iron Care Conundrum in a New City,"Ugh, I'm so frustrated! I just moved to a new city and I'm trying to get settled into cooking in my tiny kitchen. Problem is, my cast iron skillet has been a total pain to care for here. I use Bar Keepers Friend to clean it, but apparently the water here is harder or something because it's leaving these nasty white streaks everywhere. And don't even get me started on seasoning - I thought I had it down, but now my pan looks all uneven and weird. Has anyone else experienced this? Help!",93,5.44,1,1,48,1,39,10,0,45,5,1,0
s40|r1|tech|llama3.1:8b,r1|tech|llama3.1:8b,40,tech,r/technology,2,llama3.1:8b,64,sharing a personal story or experience,a cheap gadget that is surprisingly good,a 38-year-old parent of two,My $20 portable power bank has been a lifesaver on road trips!,"I was skeptical when I bought this cheap power bank off Amazon for my wife's phone, but it's actually been really reliable. We've taken it on two long road trips so far and it's easily charged up our phones and tablets multiple times without breaking the bank (literally). The battery percentage indicator is a bit wonky sometimes, but overall I'm impressed with its performance considering the price. Anyone else have any experience with this model or similar budget-friendly power banks?",80,4.97,1,6,36,3,28,19,0,49,1,8,0
s40|r2|personal_finance|llama3.1:8b,r2|personal_finance|llama3.1:8b,40,personal_finance,r/personalfinance,3,llama3.1:8b,7,giving an opinion that some people will disagree with,student loan repayment strategy,a 45-year-old small-town mechanic,"Debt snowball vs debt avalanche - I'm a mechanic, not a financial guru!","I've been reading about all these fancy repayment strategies online, and I gotta say, some of 'em just don't make sense to me. I've helped my daughter pay off her student loans over the years, and what worked for us was focusing on getting rid of the smallest balance first. We called it the 'easy win' method - tackle that one loan with the lowest amount owed, then move on to the next. Don't get me wrong, paying 10% interest on a $20k loan is still expensive, but if you can knock out that smaller loan quick, it's a mental boost and gives you momentum. Some folks might say I'm not optimizing my payments or taking advantage of low-interest refinancing options, but honestly? It's about getting that debt monkey off your back as soon as possible. Your mileage may vary, but for us, it worked like a charm.",148,8.5,1,0,50,0,41,9,0,50,0,0,0
s40|r2|cars|llama3.1:8b,r2|cars|llama3.1:8b,40,cars,r/cars,3,llama3.1:8b,22,giving an opinion that some people will disagree with,"winter tires, worth it or not",a 27-year-old who moved to a new city,Winter Tires: Worth It?,"Hey fellow car enthusiasts, I've recently moved to a city that gets hit with some pretty harsh winters. As someone who's always been on the fence about winter tires, I've decided to finally bite the bullet and install them on my daily driver. But after doing some research and crunching numbers, I'm not convinced they're worth it for most people. Don't get me wrong, they're definitely safer and can provide better traction in extreme conditions. However, for someone who only drives a short distance during the winter months, I think the cost is just too high. In my area, a good set of winter tires can cost upwards of $500-$600, which seems like a hefty price tag to me. Plus, you have to factor in the hassle and expense of switching out your tires seasonally. Has anyone else had a similar experience or do I just need to suck it up and pay for the peace of mind? Let me know your thoughts!",163,8.53,1,30,19,5,28,17,2,40,7,1,1
s40|r2|farming|llama3.1:8b,r2|farming|llama3.1:8b,40,farming,r/farming,3,llama3.1:8b,37,sharing a personal story or experience,drought and well water,a 52-year-old who just got divorced,Drought has me rethinking my future...,"Just going through a tough time here on the farm. Been married to my wife for 29 years, but we just divorced and I'm trying to stay focused on the land. This drought is really taking its toll though. My well water levels are dropping faster than I expected and I'm getting worried about having enough for my livestock and gardens. Anyone else been through a similar situation? Any tips on how to conserve or switch to a different water source would be greatly appreciated.",85,4.76,1,0,40,3,34,13,0,48,2,10,0
s40|r2|cooking|llama3.1:8b,r2|cooking|llama3.1:8b,40,cooking,r/cooking,3,llama3.1:8b,52,giving an opinion that some people will disagree with,learning to cook rice properly,a 35-year-old single dad,"Don't overcomplicate cooking rice, kids!","I've been reading through these threads on perfecting various dishes, but I gotta say, some of you are making a big deal out of something that's just not worth it: cooking rice. I've got a 6-year-old at home who can make a pot of decent rice with minimal supervision, and that's all the skill most adults need to be able to cook for themselves or their families. I mean, come on, it's just rice! You can't mess it up that badly unless you're trying. And honestly, if you are that invested in getting every grain perfectly cooked, maybe it's time to look into Instant Pot recipes or something...",108,6.3,1,29,21,4,34,12,0,41,9,0,0
s40|r2|tech|llama3.1:8b,r2|tech|llama3.1:8b,40,tech,r/technology,3,llama3.1:8b,67,sharing a practical tip that worked,a smart home setup that failed,a 33-year-old software tester,Smart Home Setup That Failed (And How I Fixed It),"I've been playing around with smart home devices for a while now, but my latest setup was a mess. I tried to integrate a bunch of different brands and devices into one system, but it ended up being a nightmare. Lights weren't turning on, thermostat wasn't adjusting... the whole nine yards. But after some trial and error (and a few late nights), I finally figured out what was going wrong: my router was in a weird spot, causing signal interference with all the smart devices. Moved it to a more central location and BAM - everything started working smoothly. Moral of the story: don't overcomplicate your setup and make sure you've got a solid foundation (i.e., good Wi-Fi coverage).",119,6.86,1,0,50,3,31,16,0,49,1,0,0
s40|r3|personal_finance|llama3.1:8b,r3|personal_finance|llama3.1:8b,40,personal_finance,r/personalfinance,4,llama3.1:8b,10,giving an opinion that some people will disagree with,saving on groceries without coupons,a 30-year-old nurse working night shifts,Saving on groceries without coupons,"I've been working night shifts for years now, and I've found that couponing just isn't my thing. Don't get me wrong, I love a good deal as much as the next person, but it's just too time-consuming. Instead, I focus on buying in bulk when things are on sale and stockpiling non-perishables in my pantry. It may not be glamorous, but it works for me. I've also started looking at my weekly grocery list and identifying the items that we can realistically cut back on or substitute with cheaper alternatives. For example, instead of buying expensive organic produce, we're sticking to whatever's on sale and in season. We've also switched from name-brand coffee to store brand - it's honestly no different! I know some people swear by couponing as a way to save money, but for me, it's just not worth the hassle. Has anyone else had success with this approach?",151,8.43,1,1,49,1,34,15,0,50,0,0,0
s40|r3|cars|llama3.1:8b,r3|cars|llama3.1:8b,40,cars,r/cars,4,llama3.1:8b,25,asking the community for advice,the most reliable car ever owned,a 61-year-old close to retirement,Seeking input from experienced owners...,"I've been driving for 40+ years and have owned my fair share of cars. I'm looking to retire in a few years, but still need something reliable for daily use. I'm not interested in any high-performance or luxury vehicles. My current car is a Honda Accord (2007), which has been good to me, but I think it's time for a change. Has anyone out there owned a car that they would consider the most reliable of their lives? I'm looking for something simple, low maintenance, and won't leave me stranded on the side of the road. Any advice or suggestions from experienced owners would be greatly appreciated.",107,6.05,1,3,33,2,31,17,0,47,3,14,0
s40|r3|farming|llama3.1:8b,r3|farming|llama3.1:8b,40,farming,r/farming,4,llama3.1:8b,40,celebrating a small win,getting young people into farming,a 52-year-old who just got divorced,New program at our local farm to get young folks involved in agriculture!,"Just had a great meeting with some like-minded folks from our community and we've decided to launch an initiative to get more young people interested in farming. We're starting small, just 5 acres on the outskirts of town, but we've got big dreams. It'll be a hands-on learning experience for kids aged 12-18, teaching them everything from crop rotation to livestock management. My ex-wife was skeptical at first (she's always been more of a 'city person'), but even she's coming around now that I'm in charge of the farm myself. First session starts next Saturday and I couldn't be more stoked!",101,6.2,1,0,36,2,31,17,0,39,11,14,0
s40|r3|cooking|llama3.1:8b,r3|cooking|llama3.1:8b,40,cooking,r/cooking,4,llama3.1:8b,55,asking for a recommendation,using up leftovers,a 52-year-old who just got divorced,New to Solo Cooking - Help with Leftover Ideas!,Just got out of a long marriage and finding myself back in the kitchen alone for the first time in decades. I'm not exactly sure how to use up leftovers without making the same old things over and over again. Does anyone have some creative ideas for turning last night's roast chicken into something exciting? Or maybe some tips on how to freeze cooked veggies without them getting soggy? Help a single guy out!,74,4.32,1,0,44,0,35,15,0,50,0,6,0
s40|r3|tech|llama3.1:8b,r3|tech|llama3.1:8b,40,tech,r/technology,4,llama3.1:8b,70,celebrating a small win,repairing instead of replacing a device,a 45-year-old small-town mechanic,Scored a minor victory today,"Just fixed a friend's old tablet for 'em instead of telling 'em to buy a new one. Swapped out the charging port and gave it a good cleaning. Worked like a charm. Reminded me why I started doin' this job in the first place - people don't need to throw away working devices just 'cause they get a little beat up. Simple stuff, but feels good to keep some waste out of the landfill.",74,4.52,1,0,50,4,34,12,0,50,0,0,0
s40|r4|personal_finance|llama3.1:8b,r4|personal_finance|llama3.1:8b,40,personal_finance,r/personalfinance,5,llama3.1:8b,13,sharing a personal story or experience,cancelling subscriptions and what it saved,a 52-year-old who just got divorced,Just cancelled 12 months worth of subscriptions after divorce,"I'm still trying to wrap my head around this whole 'being single again' thing. My wife and I recently finalized our divorce after a long and costly process. One thing that's struck me as odd is how much money we were throwing away on subscriptions. Between the two of us, we had 12 different services - streaming platforms, gym memberships, software subscriptions... you name it. It all felt like 'necessary' at the time, but now I'm left wondering if any of it was really worth the monthly fee. After taking a hard look at our finances and doing some ruthless pruning, I managed to cancel 11 out of those 12 subscriptions. The one that stayed? Our Netflix subscription, which we'll keep for movie nights with the grandkids. Total savings so far: $450 per month. Not life-changing on its own, but it's a start. Has anyone else gone through something similar? How did you adjust your spending habits after a big change in your life?",164,8.95,1,0,50,2,33,15,0,50,0,0,0
s40|r4|cars|llama3.1:8b,r4|cars|llama3.1:8b,40,cars,r/cars,5,llama3.1:8b,28,sharing a personal story or experience,manual transmissions dying out,a 52-year-old who just got divorced,Manual Transmissions Dying Out - Personal Perspective,"Just got divorced after 25 years of marriage and I'm feeling a little lost. One thing that's been on my mind lately is my old truck, which I've had since I was in my early twenties. It's a manual transmission 4x4 and it's been a faithful companion for all those years. As I've been thinking about selling it or storing it away, I realized how much I'm going to miss the connection I felt when driving it. The sound of the engine, the feel of the clutch pedal under my foot... it was more than just getting from point A to B, you know? It was a part of me. And now, with all these new cars coming out with automatics and CVTs, I'm worried that future generations are going to lose out on that experience. What's your take on this? Am I just being nostalgic or is there something more to it?",153,8.27,1,0,47,2,28,20,0,49,0,3,1
s40|r4|farming|llama3.1:8b,r4|farming|llama3.1:8b,40,farming,r/farming,5,llama3.1:8b,43,asking the community for advice,fixing an old tractor instead of buying new,a 30-year-old nurse working night shifts,Tired nurse seeking advice on old tractor repairs,"Hey fellow farmers and mechanics! I'm reaching out from a very non-farming background. By day, I work as a nurse at the local hospital (night shifts are my specialty), but by weekend, I try to help out on my family's small farm. We've got an old tractor that's been in the family for years, and while it still gets the job done, it's starting to show its age. The problem is, we're not exactly swimming in cash right now, and buying a new one isn't an option at this point. I was wondering if anyone has any experience with repairing old tractors? Specifically, I'm looking for advice on where to start (literally - the thing's been sitting in a field for years) and what sort of parts I'll need to get it running smoothly again. Any tips or horror stories would be greatly appreciated!",144,8.05,1,0,18,1,38,11,0,49,1,32,0
s40|r4|cooking|llama3.1:8b,r4|cooking|llama3.1:8b,40,cooking,r/cooking,5,llama3.1:8b,58,sharing a practical tip that worked,the best cheap kitchen tool,a 35-year-old single dad,The Best Cheap Kitchen Tool I've Found,"I don't know if anyone else is as bad at meal prep as I am, but I've recently found a game-changer in my kitchen. A microplane grater that cost me like $5 at the dollar store has completely changed how I handle certain tasks. I use it for everything from grating ginger and cheese to zesting citrus fruits. It's saved me time and made cooking way more efficient. The key is to get one with super fine teeth - trust me, it makes all the difference.",86,5.03,1,19,30,0,38,12,0,50,0,1,0
s40|r4|tech|llama3.1:8b,r4|tech|llama3.1:8b,40,tech,r/technology,5,llama3.1:8b,73,asking the community for advice,an old computer given a second life,a 19-year-old college student,Giving my old laptop new life?,"Hey guys, I'm in a bit of a pinch here. My family just got rid of this old Dell Inspiron from 2012 and it's been sitting in the garage for ages. It still has all its parts, but I'm not sure if it's worth upgrading or getting rid of altogether. Problem is, my roommate's laptop died recently and we're both using our phones as makeshift computers which isn't exactly efficient. Anyone have any experience with reviving an old laptop? Worth the hassle, or should I just stick to a cheap new one?",92,5.44,1,0,40,4,33,13,0,45,5,10,0
s40|r0|personal_finance|gemma4:e2b,r0|personal_finance|gemma4:e2b,40,personal_finance,r/personalfinance,1,gemma4:e2b,2,venting about something frustrating,splitting finances with a partner,a 41-year-old farmer,Trying to figure out the joint account thing with my partner is driving me nuts.,"Man, I'm just trying to keep things running smoothly on the farm, you know? But trying to split everything with my partner has turned into this constant headache. We've been trying to figure out how to manage the bills, the groceries, the farm expenses, and saving for the future, and it just feels like a never-ending negotiation. One minute we're talking about where the money is going, the next we're arguing about how much each of us 'deserves' to spend. It's not just about the numbers; it's about the feeling of control, and right now, I feel like I'm constantly walking on eggshells trying to make sure we're both okay with the financial decisions. It's frustrating when you're trying to work together, but it feels more like a battle over dollars. Anyone else dealing with this kind of friction in a relationship? I'm just trying to get past the stress and make it work without turning everything into a fight.",160,3.28,1,9,21,2,28,20,1,44,5,20,0
s40|r0|cars|gemma4:e2b,r0|cars|gemma4:e2b,40,cars,r/cars,1,gemma4:e2b,17,venting about something frustrating,a mechanic who ripped someone off,a 27-year-old who moved to a new city,Seriously pissed off by a mechanic in my new city,"Ugh, I just got back from a nightmare experience with a mechanic trying to get my car looked at. I finally settled on a place, thought I was being smart by doing a little research, but they totally ripped me off. First, they gave me this quote that seemed reasonable enough, and then when I got there, the actual work they were doing was way more expensive than they quoted. It felt like total bait and switch. I'm already stressed trying to figure out what to do next, and now I'm dealing with this headache on top of moving. Anyone else dealt with shady mechanics in this area recently? Trying to figure out if I should just bite the bullet and find someone else, or if this is just how things go in this city. Feeling completely ripped off and frustrated right now.",143,2.61,1,15,35,3,27,20,4,45,1,0,0
s40|r0|farming|gemma4:e2b,r0|farming|gemma4:e2b,40,farming,r/farming,1,gemma4:e2b,32,celebrating a small win,a bad hay year and feed costs,a 61-year-old close to retirement,Surviving the hay drought and feed price hike - a small victory!,"Well, folks, just wanted to share a little something. This year has been a real gut punch. The hay yield was way down this spring, and on top of that, feed costs have just kept climbing. It feels like we're constantly juggling a few more things than we used to. We're making do, stretching every bit of every dollar. Still, there are moments, you know? Moments where you look at the work you've put in, and you just feel a little bit of pride, even when the numbers aren't looking great. We're still getting the animals fed, we're still keeping things running, and that, in this line of work, is something. Just trying to keep the lights on and the critters happy through this rough patch. Hope everyone else is finding ways to weather the storm. Cheers to getting through it another season.",143,2.84,1,0,38,0,32,18,0,49,1,12,0
s40|r0|cooking|gemma4:e2b,r0|cooking|gemma4:e2b,40,cooking,r/cooking,1,gemma4:e2b,47,giving an opinion that some people will disagree with,cooking for a picky kid,a 33-year-old software tester,The 'Picky Eater' Dilemma: Is Extreme Customization Actually Helpful or Just Making Things Worse?,"Hey everyone, I'm a 33-year-old software tester, and I've spent a lot of time in the kitchen, though my expertise is more in debugging code than developing palates! I wanted to jump into a topic that I think sparks a lot of debate: cooking for a really picky kid. 

I've seen the constant advice: 'Just offer a variety of foods,' or 'Make sure they eat vegetables.' And I get it, the goal is nutrition, right? But I'm starting to wonder if the hyper-focus on catering to a picky eater is sometimes counterproductive. 

My take is that sometimes, instead of forcing a wide variety, it's better to focus on making *one or two* foods truly excellent and highly palatable for them. If you can nail a few meals that they genuinely love—even if it's just a slightly modified version of what they usually eat—it reduces mealtime stress significantly. 

The disagreement I anticipate is from people who believe in 'broad exposure' at all costs. They'll argue that if you don't introduce them to new things now, they'll never like them later. But I worry that overwhelming them with too many options just leads to refusal, and then the meal becomes a battle, which ruins the whole experience for everyone. 

What are your experiences? Have you found that focusing on high-quality, accepted foods works better than trying to force the issue with new things? Curious to hear the counterarguments!",236,5.0,1,1,48,6,33,11,0,50,0,1,0
s40|r0|tech|gemma4:e2b,r0|tech|gemma4:e2b,40,tech,r/technology,1,gemma4:e2b,62,venting about something frustrating,wireless earbuds that keep breaking,a 27-year-old who moved to a new city,Seriously fed up with these wireless earbuds breaking constantly,"Ugh, I just moved to a new city and I'm already dealing with the absolute nightmare that is wireless earbuds. I splurged on a decent pair, and after maybe a couple of weeks of regular use, one of them completely stopped charging, and the other started cutting out mid-song. It's like they have a lifespan of exactly three days. I'm constantly fiddling with the case, trying to figure out if it's a faulty connection or just pure junk. It's so annoying when you're trying to just enjoy some music or a podcast, and you have to stop everything to deal with another piece of broken tech. Anyone else experiencing this level of constant failure with these gadgets? Any tips for surviving the garbage quality out there, or is it just a case of terrible manufacturing?",135,2.81,1,11,39,5,30,15,7,42,1,0,0
s40|r1|personal_finance|gemma4:e2b,r1|personal_finance|gemma4:e2b,40,personal_finance,r/personalfinance,2,gemma4:e2b,5,asking for a recommendation,starting to invest with a small amount,a 24-year-old in their first full-time job,Starting to invest with a small amount - where should I begin?,"Hey everyone, I'm 24 and just started my first full-time job. I'm finally starting to think seriously about investing instead of just letting my money sit in a savings account, but I feel totally overwhelmed by all the options out there. I don't have a huge amount to start with, maybe a few hundred bucks to play around. 

I've done a little reading, but I'm drawing a blank on where the best first steps are. Should I be looking at index funds right away? Are there specific brokerages that are super beginner-friendly? I'm looking for something relatively low-cost and easy to manage, but I don't want to get into something super complicated right off the bat. 

Any advice from people who are just starting out, or anyone who has navigated this first step, would be super appreciated! Thanks in advance!",140,2.98,1,0,50,2,37,11,0,50,0,0,0
s40|r1|cars|gemma4:e2b,r1|cars|gemma4:e2b,40,cars,r/cars,2,gemma4:e2b,20,celebrating a small win,first road trip in a new car,a 19-year-old college student,Finally did it! First road trip in the new ride! 🎉,"Dude, I can't believe we actually did it. Took the new whip out for the first real road trip this weekend, and honestly, it was epic. We drove way out of our usual zone, saw some killer scenery, and the car just *feels* amazing. I was a little nervous at first, you know? Like, is it gonna be smooth? But once we got rolling, man, it just felt right. Definitely worth the planning. Already planning the next one! Anyone else got a new car and any epic first trips under their belt?",92,2.08,1,0,20,6,23,21,0,44,6,30,0
s40|r1|farming|gemma4:e2b,r1|farming|gemma4:e2b,40,farming,r/farming,2,gemma4:e2b,35,sharing a practical tip that worked,land prices near the city,a 45-year-old small-town mechanic,Thinking about land prices near the city - a mechanic's perspective,"Hey folks, been around the shop for a while now, see a lot of folks talking about land prices lately, especially out where the city's creeping in. I've got some boots-on-the-ground experience, not just reading reports. For those of you looking at acreage near the urban sprawl, here's something I've noticed that actually made sense for me when I was looking at some properties a few years back. Don't just look at the sticker price. Look at the infrastructure costs. Getting a good septic/sewer line run, dealing with property line disputes, and the actual cost of getting utilities set up—that eats up a chunk of the profit. I found that the land that looked cheap on paper but had a headache waiting for city permits or extensive utility extensions was actually costing more in the long run. Always dig into the zoning and the potential development costs before you get too excited by the initial listing price. Just a thought from someone who deals with property lines and infrastructure every day.",171,3.34,1,0,50,2,36,12,0,50,0,0,0
s40|r1|cooking|gemma4:e2b,r1|cooking|gemma4:e2b,40,cooking,r/cooking,2,gemma4:e2b,50,venting about something frustrating,cast iron care,a 27-year-old who moved to a new city,Seriously struggling with cast iron care in this new city 😩,"Okay, so I've been trying to get into the habit of using my cast iron, but it's just been a total nightmare. I bought some nice pans, but every time I try to season them properly or clean them, something goes wrong. I'm trying to figure out the right method for seasoning, but I keep getting weird patchy results, and then I just get overwhelmed trying to figure out the best way to clean it without ruining the finish. It feels like everyone online knows the secret, but in real life, it's just a frustrating cycle of scrubbing, re-seasoning, and worrying about chipping the finish. Anyone else dealing with this struggle? Send help and seasoned wisdom! 😫",117,2.53,1,3,41,0,33,17,0,49,1,6,0
s40|r1|tech|gemma4:e2b,r1|tech|gemma4:e2b,40,tech,r/technology,2,gemma4:e2b,65,sharing a personal story or experience,a cheap gadget that is surprisingly good,a 38-year-old parent of two,Still obsessed with the $15 Bluetooth speaker I bought,"Okay, so I'm 38 and a parent to two, so I'm not exactly into chasing the absolute bleeding edge of tech, but I do like finding things that offer genuine value without breaking the bank. I recently picked up one of those super cheap, no-name Bluetooth speakers online—you know the kind, you see them everywhere. I bought one for way less than I expected, just to fill a gap for background music while I'm doing chores or cooking, or just chilling in the living room. I honestly expected it to sound tinny and awful, the usual experience with budget audio. But man, I was pleasantly surprised. The bass is surprisingly punchy for the price point, and the sound clarity is actually quite decent. It's not going to blow out the speakers at a concert, but for just setting a mood while the kids are playing or I’m trying to decompress after a long day, it’s more than enough. It’s a perfect example of how sometimes the most expensive gadgets aren't the best investment; sometimes, a simple, well-made piece of tech that does one thing really well is the winner. Anyone else found a hidden gem like this recently?",198,3.75,1,7,41,0,28,22,0,50,0,2,0
s40|r2|personal_finance|gemma4:e2b,r2|personal_finance|gemma4:e2b,40,personal_finance,r/personalfinance,3,gemma4:e2b,8,giving an opinion that some people will disagree with,student loan repayment strategy,a 45-year-old small-town mechanic,"Student Loans: Stop Chasing the Lowest Rate, Start Chasing the Freedom","Alright folks, I've been around the shop for a while now, fixing engines and dealing with the real side of money. I see a lot of folks talking about student loans, and honestly, I've got a perspective that might sound a little stubborn, but I want to lay it out.

Listen, chasing the absolute lowest interest rate, no matter what, is like trying to perfectly align a carburetor when the whole engine is vibrating. You spend years chasing a 0.1% difference, maybe refinancing every six months, just to save a few bucks in interest over 20 or 30 years. That's not smart money management; that's just busywork.

My strategy, and this is where I think a lot of people will push back, is to focus on aggressive repayment, using whatever cash flow I can manage right now. Why? Because the real cost of those loans isn't just the interest rate; it's the sheer drag on your future earning potential and your ability to build actual wealth.

If you can afford to throw extra cash at the principal—even if the rate isn't the absolute lowest on paper—you are cutting down the total repayment time significantly. Think about it: paying off that debt faster frees up cash flow immediately. That freed-up cash can then be invested, or used for emergencies, or just actually enjoying life instead of stressing about monthly payments.

Sure, there are times when refinancing makes sense, maybe if you have a really great job offer lined up, but for the average person stuck paying these things down the line, I think the priority should be velocity. Get rid of the debt as fast as humanly possible. Don't let the interest rate argument paralyze you into endless, low-yield refinancing cycles. Focus on the exit strategy, not just the entry point. What do you guys think? I'm curious to hear the pushback.",311,5.96,1,3,47,5,39,6,0,50,0,0,0
s40|r2|cars|gemma4:e2b,r2|cars|gemma4:e2b,40,cars,r/cars,3,gemma4:e2b,23,giving an opinion that some people will disagree with,"winter tires, worth it or not",a 27-year-old who moved to a new city,Winter Tires: Worth the Hype or Just Another Wallet Drain?,"Hey everyone, I just moved to this new city and I'm trying to figure out the local driving culture, which leads me to a hot topic: winter tires. I've seen all the ads and heard the warnings, and I'm starting to get conflicted. 

On one hand, the safety argument is undeniable. I'm not exactly planning on deep snow every day, but I drive here, and I'm thinking about the unpredictable weather shifts. I've looked at the actual performance reviews, and the grip difference in icy or slushy conditions is night and day compared to all-season rubber. It just feels like a massive peace of mind boost, especially when you're unfamiliar with the specific road conditions of a new place.

On the other hand, the cost is insane. I'm already stretching my budget trying to get settled, and putting $500+ on a set of tires feels like a huge upfront hit. Are we really paying a premium for something we might only use for three months of the year? Some people argue that modern all-season tires are perfectly adequate for most climates, and that the extra money could be better spent somewhere else. 

So, I'm genuinely torn. For me, the safety factor seems to tip the scales, but I know there are plenty of folks who think it's overkill. What's everyone else's take? Are you guys running them year-round, or are you sticking to the cheaper option? Curious to hear the real-world experiences from folks who've actually made the switch!",249,4.89,1,0,45,12,25,13,0,50,0,5,0
s40|r2|farming|gemma4:e2b,r2|farming|gemma4:e2b,40,farming,r/farming,3,gemma4:e2b,38,sharing a personal story or experience,drought and well water,a 52-year-old who just got divorced,Struggling with the well water after the drought...,"Hey everyone, I've been trying to figure out how to manage things around here, and I wanted to share what's been going on. We've been through a pretty rough stretch with this drought, and it's really hit the water situation hard. My well hasn't been as reliable as it used to be, and the water levels are way down. I'm trying to figure out the best way to ration what we have and make sure we're not running into trouble before the next big dry spell. Has anyone else dealt with this specific issue? Any tips on water management or dealing with low well yields? Trying to figure out how to keep things running smoothly for the next season.",119,2.44,1,0,34,1,33,16,0,49,1,16,0
s40|r2|cooking|gemma4:e2b,r2|cooking|gemma4:e2b,40,cooking,r/cooking,3,gemma4:e2b,53,giving an opinion that some people will disagree with,learning to cook rice properly,a 35-year-old single dad,"Seriously, stop just throwing rice into the pot and calling it done. Let's talk about proper rice.","Man, I've been wrestling with this for ages, and I feel like there's a massive disconnect in how people approach cooking rice. I'm not saying everyone is a disaster, but honestly, a lot of people treat rice like just another grain to be boiled, and that just leads to mush, or weird texture, or just plain bad flavor.

For me, it's all about the water ratio and the heat management. You need to know *exactly* how much water you need for the specific type of rice you're using—Basmati is way different than Jasmine, for example. And the absorption process is key. If you just dump the water in and let it sit, you get uneven cooking. I find that a good technique involves a specific initial absorption period, a controlled simmer, and then letting it rest, not just staring at it until it's 'tender'.

I know some people just throw it in and wait ten minutes. It works sometimes, but it's inconsistent. I'm just saying, if you want actual fluffy, separate grains that hold up well in any dish—whether it's for stir-fry, biryani, or just plain side dish—you have to respect the process. It's not rocket science, but it *is* science. Anyone else feel like rice cooking is way more nuanced than just 'boil water and add rice'?",218,4.56,1,0,50,3,41,6,0,50,0,0,0
s40|r2|tech|gemma4:e2b,r2|tech|gemma4:e2b,40,tech,r/technology,3,gemma4:e2b,68,sharing a practical tip that worked,a smart home setup that failed,a 33-year-old software tester,My Smart Home Setup Nightmare: Why I Switched Back to the Basics,"Hey everyone, been in the trenches of smart home tech for a while now, mostly setting things up for work, but I just hit a wall with my latest setup. I went all-in on a hub-based system, trying to connect everything—lights, plugs, thermostats—all through one central controller. Promised myself seamless automation and voice control, right? Spoiler alert: it was a disaster.

I spent three weekends wrestling with compatibility issues, firmware updates that seemed to do more harm than good, and constant frustrating re-pairing attempts. The result? Things were either randomly failing to respond or just lagging way too long to execute a simple command. It felt less like a convenience and more like a constant source of low-grade technical debt.

Eventually, I had to backtrack. I stripped it all down and started using a mix of simpler, more robust protocols. I ended up with a few reliable, dedicated devices that communicate directly or through very simple, established bridges. It's slower, maybe, but it's reliable. No more staring at a blinking light wondering if the system is actually working or just ignoring me. Anyone else experienced this kind of setup frustration? What were your initial pitfalls?",195,3.85,1,0,50,2,35,13,0,49,1,0,0
s40|r3|personal_finance|gemma4:e2b,r3|personal_finance|gemma4:e2b,40,personal_finance,r/personalfinance,4,gemma4:e2b,11,giving an opinion that some people will disagree with,saving on groceries without coupons,a 30-year-old nurse working night shifts,Unpopular Opinion: Why I Don't Rely on Grocery Coupons (Even Though I Save Money),"Hey everyone, I know we all talk about saving money, and I try to follow the general advice, but I wanted to throw out something that I know might get some pushback. I'm 30, work night shifts as a nurse, and I'm trying to be super intentional about my spending. 

My stance is that I actively avoid relying on grocery store coupons or apps for my main shopping trips. I know, I know, the theory is that you save money by stacking those deals. But honestly, the reality is often a headache. 

It takes way too much time to hunt down the best deals, compare expiration dates, figure out if a coupon applies to the bulk item I actually need, and then try to figure out the logistics of getting those items. For me, the time and mental energy spent chasing a few dollars off a $100 grocery bill just doesn't feel worth the effort, especially when I'm already working those grueling night shifts and need to maximize my rest time. 

I prefer a more straightforward system: planning meals based on what I actually need, sticking to a solid list, and focusing on buying things when they are on a good sale anyway. I find that the money I save by being more mindful of my overall budget is more sustainable than the small savings from coupon hunting. 

I'm curious to hear what you all think. Are you people coupon hoarders, or do you agree that the time investment isn't always worth the small savings? Curious about your experiences!",259,4.93,1,3,47,6,32,12,0,50,0,0,0
s40|r3|cars|gemma4:e2b,r3|cars|gemma4:e2b,40,cars,r/cars,4,gemma4:e2b,26,asking the community for advice,the most reliable car ever owned,a 61-year-old close to retirement,What's the most reliably built car you've ever owned?,"Hey everyone, been driving for a while and getting closer to hanging up the keys, so I've been doing some thinking lately. I'm trying to figure out what the absolute 'most reliable' car is, not just based on how much I love it, but how consistently it just *works* without fuss, regardless of where you live or how often you drive it. I'm not looking for the fastest or the fanciest, just the one that keeps running, handles maintenance reasonably well, and just doesn't throw you a curveball unexpectedly. Any legendary cars or everyday vehicles that have just proven themselves to be the bedrock of reliability for decades? I'm open to anything, old or new, just looking for some shared wisdom from the community. Thanks in advance for any stories or recommendations you can share!",135,2.74,1,2,42,3,33,14,0,50,0,6,0
s40|r3|farming|gemma4:e2b,r3|farming|gemma4:e2b,40,farming,r/farming,4,gemma4:e2b,41,celebrating a small win,getting young people into farming,a 52-year-old who just got divorced,A Little Hope in the Field Today,"Well, I've got some news, and I figured I should share it here. Things have been a bit rough lately with the divorce, you know how it is. But out here, surrounded by the land, there are still things that make you feel useful. I spent some time this week talking with a few of the younger folks around here—the college grads, the ones who’ve been looking at the farm life for a while now. And honestly, there’s a spark in some of them that I haven't seen in a while. I managed to have a real conversation with a couple of them about getting involved, about seeing what farming is really like, not just the romanticized version. It wasn't a huge commitment, just a few chats over coffee, but seeing that curiosity, that willingness to listen, it felt like a small victory. It’s not about replacing what I lost, but it’s good to see that there’s still a seed of interest in this way of life. Hope we can keep that little flame going for the next generation.",179,3.37,1,0,35,0,33,17,0,50,0,15,0
s40|r3|cooking|gemma4:e2b,r3|cooking|gemma4:e2b,40,cooking,r/cooking,4,gemma4:e2b,56,asking for a recommendation,using up leftovers,a 52-year-old who just got divorced,Help! How do I tackle a mountain of leftovers without making a huge mess?,"Hey everyone, hope you're all having a decent week. So, I've got a fridge situation that needs immediate attention. I made way too much lasagna last night, and now I have a big pile of leftover sauce, some slightly sad-looking meatballs, and some leftover roasted vegetables that are starting to wilt. I'm trying to avoid throwing any of it away, but I'm staring at this pile and I'm not sure what to do with it all before it goes bad. I'm trying to be resourceful, but I'm running out of ideas for something creative. Any genius ideas for using up a mix of cooked pasta sauce, meatballs, and roasted veggies? Anything easy and tasty that doesn't involve a whole new recipe from scratch? I'm open to anything! Thanks in advance for any suggestions. Cheers.",134,2.86,1,0,42,1,35,14,0,50,0,8,0
s40|r3|tech|gemma4:e2b,r3|tech|gemma4:e2b,40,tech,r/technology,4,gemma4:e2b,71,celebrating a small win,repairing instead of replacing a device,a 45-year-old small-town mechanic,Saved some cash today fixing a busted screen,"Well, I spent the morning wrestling with this old tablet I picked up at the junk yard. Screen was totally shot, looked like it was going to be a whole new purchase, you know? But I managed to find the right part online, ordered it, and put it in. Took a few hours, but the thing is now working again. Ain't the same as throwing away something just because it's cracked. Feels good to know you can fix things instead of just buying new junk. Always better to put some elbow grease into something than just toss it. Gotta love that old-school repair work.",104,2.13,1,0,50,2,31,17,0,49,1,0,0
s40|r4|personal_finance|gemma4:e2b,r4|personal_finance|gemma4:e2b,40,personal_finance,r/personalfinance,5,gemma4:e2b,14,sharing a personal story or experience,cancelling subscriptions and what it saved,a 52-year-old who just got divorced,Finally tackling those subscription creepers after the divorce...,"Hey everyone, I've been wrestling with some financial stuff lately, and I wanted to share a little win. Things have been a bit of a whirlwind since the divorce, and while I'm trying to get a handle on things, I realized I was paying for a ton of subscriptions I barely used anymore. It felt like a small thing, but I started going through everything and canceling services. I was paying for streaming services I rarely watched, a gym membership I wasn't using enough, and a few other little monthly charges I just forgot about. It sounds small, but after cutting a few things, I actually managed to free up a decent chunk of cash each month. It's definitely helped me feel a little more in control financially right now. Anyone else done a big purge like this recently? Curious to hear what you all have done.",147,2.73,1,0,50,1,36,13,0,50,0,0,0
s40|r4|cars|gemma4:e2b,r4|cars|gemma4:e2b,40,cars,r/cars,5,gemma4:e2b,29,sharing a personal story or experience,manual transmissions dying out,a 52-year-old who just got divorced,My Manual Transmission is Officially on Life Support (and I'm Not Happy About It),"So, I'm 52 now, and life has thrown me a few curveballs lately. The biggest one, honestly, is the fact that I just got divorced. It’s been a rough patch, and I’ve been trying to figure out how to just… reset things. 

But speaking of things breaking down, I’ve noticed something really irritating lately with my older manual transmission. It’s not just the usual grinding or slipping; it’s like it’s actively trying to give up the ghost. Every time I shift, there’s this hesitation, this feeling that the gears are fighting me, and eventually, it just seizes up completely, especially when I need it most. It’s not a major failure, but it's incredibly frustrating. I've been doing the basic maintenance, checking the fluid, but it just seems to be degrading faster than I can keep up with. 

It makes driving, which I used to genuinely enjoy, feel like a constant gamble. I’m trying to decide whether it’s just age and wear and tear, or if there’s something specific I’m missing in the upkeep for these older transmissions. Has anyone else dealt with this specific kind of gradual failure in older manuals? Any tricks or experiences with keeping them happy, or should I just start looking into an automatic? 

Just looking for some commiseration and maybe some practical advice from people who actually understand these things.",225,4.56,1,2,32,2,28,20,0,49,1,16,0
s40|r4|farming|gemma4:e2b,r4|farming|gemma4:e2b,40,farming,r/farming,5,gemma4:e2b,44,asking the community for advice,fixing an old tractor instead of buying new,a 30-year-old nurse working night shifts,Help! Trying to save an old tractor instead of buying new - any wisdom?,"Hey everyone, I'm a 30-year-old nurse working night shifts, and I'm in a bit of a dilemma here. I've got an older tractor that I've been using for a while now, and honestly, it's starting to really struggle. I'm trying to figure out if it's more cost-effective to sink some time and money into fixing it up and getting it running reliably, or if it's just time to bite the bullet and buy something new. 

I'm not a mechanic, so I'm really hoping to tap into the collective knowledge here. Has anyone done a similar thing? What are the common pitfalls when trying to resurrect an older piece of equipment? Are there specific parts or issues I should be looking out for that might be more trouble than they're worth? 

I'm looking for advice from folks who have hands-on experience with older machinery. Any tips on budgeting for repairs, sourcing parts, or just general troubleshooting would be hugely appreciated. Thanks in advance for any help you can offer!",168,3.51,1,0,41,1,35,14,0,50,0,9,0
s40|r4|cooking|gemma4:e2b,r4|cooking|gemma4:e2b,40,cooking,r/cooking,5,gemma4:e2b,59,sharing a practical tip that worked,the best cheap kitchen tool,a 35-year-old single dad,The best cheap kitchen tool I actually use: The Vegetable Peeler,"Hey everyone, been in the kitchen for a while now, mostly just trying to make dinner easy and not spend a ton of money. I wanted to share a tip that's seriously saved me time and frustration. Forget those fancy gadgets for a second. The absolute best, cheapest tool I own is a simple, good quality vegetable peeler. Seriously. I was using a dull, cheap one and it was just tearing up the delicate skins on carrots and zucchini, which was annoying. But when I got one that felt decent—not the super cheap plastic junk, but something with a bit more bite—it made peeling produce so much faster and cleaner. It's a game-changer for prepping veggies for weeknight meals. It’s cheap, it works really well, and it just makes the whole process less of a chore. Anyone else swear by a simple tool like this? What's your go-to budget essential?",150,2.99,1,0,50,0,40,10,0,50,0,0,0
s40|r4|tech|gemma4:e2b,r4|tech|gemma4:e2b,40,tech,r/technology,5,gemma4:e2b,74,asking the community for advice,an old computer given a second life,a 19-year-old college student,Help! Got an ancient desktop and I want to make it useful again. Any ideas?,"Hey everyone, I'm a college student and I just inherited an old desktop computer from a relative. It's super old—I'm talking like 10+ years old, probably an older Intel i5 or something. It powers up, but honestly, it's a total brick when I try to run anything modern. I'm not looking to just throw it out, though, I'd rather give it a second life. I was thinking maybe using it as a dedicated media server, a retro gaming machine, or maybe even a simple home automation hub. I've looked up some old DIY projects, but I'm completely lost on where to even start. Has anyone successfully repurposed an old, aging PC? Any specific hardware upgrades you recommend, or software/project ideas that are doable for a beginner? Any advice would be hugely appreciated!",132,2.86,1,0,44,4,31,15,0,50,0,6,0
s40|r0|personal_finance|mistral:7b,r0|personal_finance|mistral:7b,40,personal_finance,r/personalfinance,1,mistral:7b,3,venting about something frustrating,splitting finances with a partner,a 41-year-old farmer,Venting about Splitting Finances with a Partner,"Hey everyone, I'm finding myself in a situation that I've never encountered before and I could use some advice. I'm a 41-year-old farmer who recently started living with my partner. We both agreed to pool our resources when it comes to household expenses but the way we approach money is causing tension. He wants a detailed budget and weekly reports while I prefer a more laid back, 'we'll figure it out as we go along' style. I get his concerns about accountability, but this constant scrutiny feels suffocating. Has anyone else gone through something similar? How did you manage to find common ground?",103,4.44,1,0,18,7,24,19,0,43,7,32,0
s40|r0|cars|mistral:7b,r0|cars|mistral:7b,40,cars,r/cars,1,mistral:7b,18,venting about something frustrating,a mechanic who ripped someone off,a 27-year-old who moved to a new city,Frustrated newcomer's warning about a dishonest mechanic in town,"Hey fellow car enthusiasts, I hope everyone is doing well. Moved here to this city a few months back and have been exploring the local car scene. Lately, I had an unpleasant experience with a mechanic that I feel compelled to share. The shop's name is XYZ Auto Repair on Main Street. I took my vehicle there for some routine maintenance, but instead of being honest about the required repairs, they inflated the costs and performed unnecessary work without my consent. When I confronted them about it, they tried to justify their actions by claiming that additional issues were discovered during the inspection. Needless to say, I was furious and demanded a refund, but they were reluctant to give me one. So, I urge everyone who reads this post to be cautious when dealing with XYZ Auto Repair. It's unfortunate that we have dishonest mechanics in our midst, but sharing these experiences can help protect others from falling victim to similar situations.",162,6.48,1,8,41,4,33,13,1,49,0,1,0
s40|r0|farming|mistral:7b,r0|farming|mistral:7b,40,farming,r/farming,1,mistral:7b,33,celebrating a small win,a bad hay year and feed costs,a 61-year-old close to retirement,A Silver Lining in a Difficult Hay Season,"Fellow farmers, I thought I'd share a small victory that's come out of what's been a rather challenging hay season for many of us. After years of farming and weathering the ups and downs, it feels good to find some bright spots in even the toughest times. This year, our family farm has managed to secure a steady supply of high-quality hay at surprisingly reasonable prices. I've been working closely with local farmers and cooperatives to pool resources and negotiate bulk rates. We were able to purchase a considerable amount of hay that we can store for the upcoming winter, helping us save significantly on feed costs. It may seem like a small win in the grand scheme of things, but it's these little victories that remind me why I love farming - the resilience, the resourcefulness, and the community support that helps us all get through the hard times. Here's to hoping for better weather next year, and to the farmers who make a difference every day!",168,6.69,1,0,48,0,36,14,0,50,0,2,0
s40|r0|cooking|mistral:7b,r0|cooking|mistral:7b,40,cooking,r/cooking,1,mistral:7b,48,giving an opinion that some people will disagree with,cooking for a picky kid,a 33-year-old software tester,A different approach to cooking for a picky kid,"Hi fellow food enthusiasts! As a 33-year-old software tester and a parent, I've had my fair share of dealing with a picky eater at home. Instead of constantly trying to cater to their preferences, I'd like to suggest a different approach that may help broaden their palate. Here it goes: rather than serving separate meals for the whole family, let's encourage our children to try new foods by exposing them repeatedly to unfamiliar dishes. This might not work magic overnight but can gradually help develop an appreciation for diverse flavors and textures. What are your thoughts on this approach? Have any of you successfully implemented it in your households?",109,4.83,1,0,47,2,20,28,0,50,0,3,0
s40|r0|tech|mistral:7b,r0|tech|mistral:7b,40,tech,r/technology,1,mistral:7b,63,venting about something frustrating,wireless earbuds that keep breaking,a 27-year-old who moved to a new city,Frustrated with constantly breaking wireless earbuds in my new city,"Hey r/technology community, I've recently moved to a new city and I'm finding myself incredibly frustrated with the constant malfunctions of my wireless earbuds. It seems like every other week I'm either losing one or they're just stopping working altogether. I've gone through three pairs in the past few months! I'm trying to find a reliable brand, but it's getting tough. Has anyone else experienced this issue and found a solution? Any recommendations would be greatly appreciated!",77,3.97,1,9,25,9,29,12,0,42,8,16,0
s40|r1|personal_finance|mistral:7b,r1|personal_finance|mistral:7b,40,personal_finance,r/personalfinance,2,mistral:7b,6,asking for a recommendation,starting to invest with a small amount,a 24-year-old in their first full-time job,Recommendations for starting to invest with a small amount,"Hey everyone, I'm a 24-year-old in my first full-time job and have been saving up some money that I'd like to start investing. The problem is, I don't have much to start with - probably less than $1000. Are there any recommendations for investment platforms or strategies that would be suitable for someone in my position? Thanks in advance for your help!",62,3.38,1,0,28,0,37,13,0,50,0,22,0
s40|r1|cars|mistral:7b,r1|cars|mistral:7b,40,cars,r/cars,2,mistral:7b,21,celebrating a small win,first road trip in a new car,a 19-year-old college student,First road trip in my new baby! 🚗🎉,"Hey r/cars community! I just got back from my first road trip with my new car, and I couldn't be happier with how it performed. The drive was smooth as butter, and the sound system was a total game-changer on those long stretches of highway. I even had some friends join me for the adventure, and they all agreed that this car is a real head-turner. It might not be a high-end luxury model yet, but I'm proud to say it's mine! 🚗💨 Thanks for being such an awesome community, and I can't wait to share more adventures with you all!",101,4.97,1,8,10,3,22,25,0,37,13,32,0
s40|r1|farming|mistral:7b,r1|farming|mistral:7b,40,farming,r/farming,2,mistral:7b,36,sharing a practical tip that worked,land prices near the city,a 45-year-old small-town mechanic,A savvy move for young farmers: Invest in land on the city's outskirts,"Fellow farmers and rural folks, I've seen a lot of young folks struggling to find affordable farmland these days. With real estate prices skyrocketing, it can be tough to make a living. But there's one strategy that's been working wonders for some of my friends: investing in land on the city's outskirts. Here's why: 
1. Proximity to markets: City expansion is inevitable, and as the city grows, so does the demand for fresh produce. By being just a stone's throw away from the city, you can tap into a vast market without having to deal with high transportation costs. 
2. Lower land prices: Land on the outskirts of the city is generally cheaper than in more rural areas. This makes it easier for young farmers to get started and build their businesses. 
3. Urban farming opportunities: As cities continue to grow, there's a growing interest in urban agriculture. If you're close enough to the city, you can explore opportunities like rooftop gardens, community gardens, or even selling your produce directly to restaurants or grocery stores. 
4. Room for expansion: As your farm grows, you'll have more room to expand than if you were in a more crowded rural area. This means you can scale up production and eventually turn a bigger profit. 
Of course, there are challenges too - traffic, noise, and potential encroachment from the city being some of them. But for those willing to take the risk, I've seen this strategy really pay off. Hope this helps someone out there!",252,10.6,1,15,24,2,31,17,0,49,1,11,0
s40|r1|cooking|mistral:7b,r1|cooking|mistral:7b,40,cooking,r/cooking,2,mistral:7b,51,venting about something frustrating,cast iron care,a 27-year-old who moved to a new city,Newbie struggle: Cast Iron Care in a New City,"Hey r/Cooking friends! I recently moved to this new city and it's been quite an adventure. One thing that has me stumped though is how to care for my cast iron pans in the absence of a self-cleaning oven. My previous apartment had one, which made maintaining these beauties a breeze. Now, I'm trying all sorts of methods - boiling vinegar, salt scrubs - but nothing seems quite right. Any tips on keeping my cast iron pans seasoned and clean without a self-cleaning oven? Thanks in advance for your help!",90,4.27,1,0,45,0,37,13,0,50,0,5,0
s40|r1|tech|mistral:7b,r1|tech|mistral:7b,40,tech,r/technology,2,mistral:7b,66,sharing a personal story or experience,a cheap gadget that is surprisingly good,a 38-year-old parent of two,Discovering the Affordable Magic of Anker's Soundcore Life Q30 Headphones,"Hi fellow tech enthusiasts! As a busy parent of two, I've come to appreciate the value of affordable yet high-quality gadgets. Recently, I stumbled upon Anker's Soundcore Life Q30 headphones and I simply had to share my experience. These earbuds have been a game changer for me! At such an affordable price point, they offer noise cancellation that rivals many more expensive brands. The sound quality is exceptional, and the battery life is impressive, lasting up to 8 hours on a single charge. They also come with a charging case that extends the total playtime to about 40 hours, which is perfect for my long workdays. I've been using them daily for everything from taking calls to streaming music during my workouts, and they never disappoint. If you're looking for a budget-friendly upgrade to your audio gear, I highly recommend giving the Soundcore Life Q30 headphones a try!",148,6.7,1,5,44,1,27,22,0,50,0,1,0
s40|r2|personal_finance|mistral:7b,r2|personal_finance|mistral:7b,40,personal_finance,r/personalfinance,3,mistral:7b,9,giving an opinion that some people will disagree with,student loan repayment strategy,a 45-year-old small-town mechanic,Alternative Student Loan Repayment Strategy: Prioritize Other Debts First,"Hey fellow Redditors, I've seen a lot of discussions about student loan repayments and it got me thinking. As a 45-year-old small-town mechanic who's been there, I wanted to share my perspective on a strategy that may not be as popular but has served me well over the years. Some people might disagree with me, but here goes: don't rush to pay off your student loans immediately, especially if you have other high-interest debts like credit cards. Instead, prioritize paying off those high-interest debts first. Here's why: a lower interest rate on your student loan doesn't matter much if you're also making payments on debt with a higher interest rate. By focusing on the debt with the highest interest first, you can save more money in the long run and ultimately pay off your student loans faster once you've cleared out other debts. I know this goes against conventional wisdom, but it has helped me manage my finances effectively despite not having a high income. Just food for thought!",169,7.45,1,1,49,4,37,9,0,50,0,0,0
s40|r2|cars|mistral:7b,r2|cars|mistral:7b,40,cars,r/cars,3,mistral:7b,24,giving an opinion that some people will disagree with,"winter tires, worth it or not",a 27-year-old who moved to a new city,Opinion: Skipping Winter Tires in My New City Might Not Be Such a Bad Idea,"Hey fellow car enthusiasts! I recently moved to this lovely city and one of the first things I've been contemplating is whether or not to invest in winter tires. After much thought, I decided to share my perspective, which might ruffle some feathers but hey, that's life! 

I understand the importance of winter tires during harsh winters, providing better traction and control. However, I've noticed that this city seems to have less snowfall compared to other parts of the country, and with modern-day all-season tires being quite advanced, I'm considering giving them a go this winter. 

Now, I know what you're thinking - 'But what about black ice?' Fair point! But let me ask you this: when was the last time you experienced black ice here? If it's not a common occurrence, then maybe all-season tires can handle it. 

Don't get me wrong, I'm all for safety and preparedness, but I believe it's important to weigh our decisions based on local conditions. Maybe swapping out tires twice a year isn't the best use of resources in this case. But hey, that's just my two cents. 

What are your thoughts? Are you still sticking with those winter tires or considering giving all-season tires a try?",204,9.3,1,13,17,16,19,15,0,47,3,20,0
s40|r2|farming|mistral:7b,r2|farming|mistral:7b,40,farming,r/farming,3,mistral:7b,39,sharing a personal story or experience,drought and well water,a 52-year-old who just got divorced,Facing Challenges: Drought and Well Water in a Time of Change,"Greetings to all fellow farmers and rural dwellers on this vibrant community! I hope you're all doing well. Lately, I find myself navigating through uncharted waters - quite literally as I've been grappling with the impact of drought on my farm's well water. As many of you know, farming is not just a job or a career for us, but a passion deeply ingrained in our lives. So, today I wanted to share my personal experience and perhaps find some solace or advice from this wonderful community. After 30 years of marriage, I find myself standing alone on the farm that was once shared with my wife. The challenges have been numerous, but one that stands out is the drought we've faced these past few years. Our well, which has always been our lifeline, is now struggling to keep up with the demands of the land and the livestock. I've had to make tough decisions - cutting back on acreage, selling some animals, and investing in more efficient irrigation systems. While it's been a difficult journey, I am constantly reminded of the resilience that farming demands from us. I'm reaching out to you all today because I believe there's strength in shared experiences. If any of you have faced similar challenges and found solutions, I would be eternally grateful for your insights. Let's support each other as we continue to cultivate our lands and nourish our communities. Wishing everyone a productive season ahead!",243,9.64,1,0,45,0,31,19,0,50,0,5,0
s40|r2|cooking|mistral:7b,r2|cooking|mistral:7b,40,cooking,r/cooking,3,mistral:7b,54,giving an opinion that some people will disagree with,learning to cook rice properly,a 35-year-old single dad,A case for ignoring 'perfect' rice cooking methods,"Hi fellow food enthusiasts! As a single dad who's been juggling cooking and parenting duties, I've come to appreciate the simplicity of rice as a staple in our meals. Lately, I've noticed discussions about the 'correct' way to cook rice, which often leads to perfectionism that can be overwhelming for many, including myself. While I understand the importance of understanding the fundamentals, I also believe it's okay to take shortcuts and adapt recipes to suit our individual lifestyles. For instance, I personally prefer a bit of leeway in my rice texture and sometimes use a rice cooker or even the microwave for convenience. Let's remember that cooking is about nourishment, enjoyment, and bonding - not just about adhering to strict guidelines. What are your thoughts? Do you also have personal adaptations when it comes to cooking rice?",137,5.99,1,0,50,0,41,9,0,50,0,0,0
s40|r2|tech|mistral:7b,r2|tech|mistral:7b,40,tech,r/technology,3,mistral:7b,69,sharing a practical tip that worked,a smart home setup that failed,a 33-year-old software tester,A Lesson Learned: My Failed Smart Home Setup Experience,"Greetings tech enthusiasts! I've been a software tester for over a decade now, and today I wanted to share a practical tip from a personal experience that might help some of you. Recently, I decided to dive into the world of smart home technology, hoping to automate several aspects of my life. I bought a variety of devices - smart lights, thermostats, security cameras, and more. However, my initial setup was a disaster. Here's what went wrong: 

1. Lack of Planning: I didn't spend enough time planning the layout of devices and their interconnectivity. As a result, some devices couldn't communicate effectively with each other, leading to inconsistent automation. 

2. Incompatible Devices: Some devices were not compatible out of the box, requiring additional hardware or software to integrate them into my system. This added complexity and potential points of failure. 

3. Security Concerns: As I connected more devices to the internet, I realized how vulnerable these systems can be if not properly secured. It's crucial to set up strong passwords, enable two-factor authentication, and keep firmware updated. 

After a few weeks of trial and error, I managed to get my smart home setup running smoothly. I learned valuable lessons that I believe will help anyone looking to automate their homes: 

1. Plan Ahead: Take the time to map out your devices and their interactions before purchasing anything. This will ensure smooth communication between devices. 

2. Compatibility is Key: Research compatibility between devices before making a purchase. If necessary, be prepared to invest in additional hardware or software to make everything work together seamlessly. 

3. Prioritize Security: Never underestimate the importance of security in a smart home setup. Always keep your devices updated and secure them with strong passwords and two-factor authentication. 

I hope my experience helps some of you avoid the pitfalls I encountered. Happy automating!",306,12.46,1,1,48,4,29,17,0,50,0,1,0
s40|r3|personal_finance|mistral:7b,r3|personal_finance|mistral:7b,40,personal_finance,r/personalfinance,4,mistral:7b,12,giving an opinion that some people will disagree with,saving on groceries without coupons,a 30-year-old nurse working night shifts,A different approach to saving on groceries - no coupons needed,"Hello fellow money-savvy folks! I've been a night shift nurse for about 7 years now, and I've learned a thing or two about making ends meet. Today, I want to share with you a unique strategy that has helped me save on groceries without relying on coupons. Some may disagree, but hear me out! 

I've found that planning my meals around the sales at local grocery stores can be incredibly effective. By paying attention to weekly ads and adjusting my menu accordingly, I can stock up on items that are discounted, thus saving a significant amount of money in the long run. 

Additionally, shopping at multiple stores instead of relying on one can also lead to substantial savings. Some stores may have better deals on produce, while others might be more competitive with meat or dairy products. By dividing my grocery list between several stores, I ensure I'm always getting the best price for each item. 

Lastly, I try to cook in bulk and freeze meals for later. This strategy not only helps me save time during busy weeks but also allows me to take advantage of sales on ingredients that can be used for multiple meals. 

Now, I understand that this approach might not work for everyone due to varying schedules, dietary needs, or transportation limitations. However, if you're open to giving it a try, I believe it could help you save money on your grocery bill without the hassle of coupon clipping. 

Happy saving, and let me know how this works out for you!",256,10.04,1,18,25,2,31,17,0,50,0,7,0
s40|r3|cars|mistral:7b,r3|cars|mistral:7b,40,cars,r/cars,4,mistral:7b,27,asking the community for advice,the most reliable car ever owned,a 61-year-old close to retirement,What has been your most reliable car ever owned? (61-year-old seeking advice),"Hello fellow car enthusiasts, I'm a 61-year-old individual who is close to retirement and I've had my fair share of cars over the years. I'm currently in the market for a reliable vehicle that I can count on for many more miles before I fully hang up the keys. Given your collective experience, I was hoping you could share with me the most reliable car you've ever owned? What made it so dependable and why would you recommend it to someone like me? Any insight would be greatly appreciated! Thank you in advance.",93,4.17,1,1,21,5,32,13,0,49,1,28,0
s40|r3|farming|mistral:7b,r3|farming|mistral:7b,40,farming,r/farming,4,mistral:7b,42,celebrating a small win,getting young people into farming,a 52-year-old who just got divorced,Exciting News: A Small Victory in Bringing Young Talent to Agriculture,"Greetings fellow farmers and rural life enthusiasts, I hope this post finds you all well. I've recently found myself on a new journey and I am excited to share some positive developments from my farm that I believe will be of interest to our community. 

I'm delighted to announce that after months of planning and negotiations, we have successfully brought on a young, passionate individual to join our team here at the farm. This isn't just any new hire though - it's an opportunity to bring fresh energy and innovative thinking into agriculture. 

Our new team member is eager to learn about all aspects of farming and is excited to contribute their skills in areas such as digital marketing, data analysis, and sustainability practices. I truly believe that this infusion of youthful enthusiasm will not only benefit our farm but also help inspire other young people to consider agriculture as a career path. 

I'd love to hear your thoughts on this initiative and any similar experiences you might have had in bringing younger generations into farming. Let's continue working together to build a bright future for our industry!",188,7.36,1,1,33,5,32,13,0,50,0,16,0
s40|r3|cooking|mistral:7b,r3|cooking|mistral:7b,40,cooking,r/cooking,4,mistral:7b,57,asking for a recommendation,using up leftovers,a 52-year-old who just got divorced,Looking for some creative ideas to use up my leftovers after a tough week!,"Hey there cooking enthusiasts! I'm new here, but I've always found this community to be incredibly helpful and inspiring. I find myself with quite a bit of leftovers lately due to various reasons, and I'd love some fresh ideas on how to creatively utilize them in new dishes. For instance, I have half a roast chicken, some cooked pasta, a few veggies, and a can of black beans. Any suggestions on how to transform these into a delicious meal? Thanks in advance for your kindness and creativity!",87,4.12,1,0,40,0,35,15,0,50,0,10,0
s40|r3|tech|mistral:7b,r3|tech|mistral:7b,40,tech,r/technology,4,mistral:7b,72,celebrating a small win,repairing instead of replacing a device,a 45-year-old small-town mechanic,Small-town mechanic here! Just saved myself a pretty penny on my smartphone repair,"Hey folks over at r/technology, just wanted to share a quick victory I had this week. Been using the same phone for the past few years and it's been a trusty companion during those long hours tinkering in my garage. Lately though, it started acting up - slowing down and random freezes here and there. It was getting to the point where I was considering a new device. But before I took the plunge, I thought I'd give it a shot and see if I could fix it myself. After a little research online, I managed to diagnose that the issue was with the phone's RAM. With a quick replacement of the faulty chip, my phone is now running smoother than ever! Not only did I save myself several hundred dollars, but I also learned something new about my beloved tech gadget. Feels good to be part of this community where we can all share our knowledge and love for technology. Hopefully my story inspires some of you out there to give repairs a shot before resorting to a new purchase.",181,7.09,1,9,39,4,29,17,0,50,0,2,0
s40|r4|personal_finance|mistral:7b,r4|personal_finance|mistral:7b,40,personal_finance,r/personalfinance,5,mistral:7b,15,sharing a personal story or experience,cancelling subscriptions and what it saved,a 52-year-old who just got divorced,Cancelling Subscriptions After Divorce: A Personal Story,"Hello r/personalfinance community, I hope everyone is doing well. I've been a silent reader for quite some time, but today I decided to share my personal experience in the hopes that it might help others in similar situations. So here goes: After 25 years of marriage, I recently found myself going through a divorce at the age of 52. Needless to say, this was a difficult and emotionally draining period for me. However, as I've had some time to gather my thoughts and get my affairs in order, I realized that there were numerous subscriptions and recurring expenses in our household that were no longer necessary or beneficial for me. From cable TV packages, magazine subscriptions, gym memberships, to streaming services - it was a long list! After cancelling all these subscriptions, I've managed to save over $300 per month. I understand that everyone's situation is unique and different, but I wanted to share this as a reminder to take stock of your monthly expenses, especially during life-changing events like divorce or job loss. It's important to review and prioritize your expenditures, and don't be afraid to cut the cord on subscriptions you no longer need or use. I hope my story helps someone out there!",206,8.24,1,0,49,1,34,15,0,50,0,1,0
s40|r4|cars|mistral:7b,r4|cars|mistral:7b,40,cars,r/cars,5,mistral:7b,30,sharing a personal story or experience,manual transmissions dying out,a 52-year-old who just got divorced,Reflections on Manual Transmissions - A Nostalgic Perspective,"Hello fellow car enthusiasts, I've been a member of this community for quite some time now and it's always great to see so many passionate individuals sharing their love for cars. Today, I'd like to share a personal story that's close to my heart - the story of manual transmissions. I'm a 52-year-old who recently found himself single after a long marriage. With this new chapter in life, I decided it was time for a fresh start, and what better way than with a car that holds memories of my youth? I walked into the dealership, heart pounding, and there she was - a classic 1970s Ford Mustang, manual transmission. I could hear the echoes of my younger self, dreaming about the day I'd be able to afford such a beauty. After years of driving automatics for practicality, this felt like a reunion with an old friend. The clutch, the gear shift, the raw connection between man and machine - it's a feeling that's hard to describe but once experienced, never forgotten. I believe manual transmissions are a dying art in today's world of push-button driving. But for those who appreciate the finer things in automotive engineering, they will always hold a special place. It's my hope that this tradition continues and future generations get to experience the thrill of rowing their own gears. Here's to manual transmissions - a bond that spans decades, a connection that transcends time.",239,9.54,1,1,32,3,25,22,0,50,0,17,0
s40|r4|farming|mistral:7b,r4|farming|mistral:7b,40,farming,r/farming,5,mistral:7b,45,asking the community for advice,fixing an old tractor instead of buying new,a 30-year-old nurse working night shifts,Seeking advice on restoring an old tractor instead of buying new,"Hello fellow farmers! I'm a 30-year-old nurse working nights, and in my free time, I enjoy tending to our small family farm. Lately, our trusty old tractor has been giving us some trouble and I've been considering replacing it with a newer model. However, I was wondering if anyone here could offer some advice on whether it would be feasible to restore the old one instead? I'm not exactly an expert when it comes to mechanics, but I'd love to learn more about fixing up our tractor myself. Any tips or resources you could recommend would be greatly appreciated! Thanks in advance for your help!",105,4.73,1,0,39,2,35,13,0,41,9,11,0
s40|r4|cooking|mistral:7b,r4|cooking|mistral:7b,40,cooking,r/cooking,5,mistral:7b,60,sharing a practical tip that worked,the best cheap kitchen tool,a 35-year-old single dad,The Best Cheap Kitchen Tool I've Ever Invested In,"Hi everyone! As a busy single dad, I'm always looking for ways to make cooking more efficient and cost-effective. One tool that has been a game-changer for me is the silicone baking mat. These mats are reusable, non-stick, and eliminate the need for parchment paper or cooking spray. Not only does this save money in the long run, but it also helps reduce waste which is important to me. Highly recommend adding one to your kitchen arsenal!",77,3.68,1,4,45,0,37,13,0,50,0,1,0
s40|r4|tech|mistral:7b,r4|tech|mistral:7b,40,tech,r/technology,5,mistral:7b,75,asking the community for advice,an old computer given a second life,a 19-year-old college student,Breathed new life into an old laptop! Need help optimizing it for daily use.,"Hey fellow tech enthusiasts, hope everyone's doing well! So, I recently found an old Dell Inspiron 1545 that was gathering dust in the attic. After giving it a deep clean and swapping out some parts (thanks to my dad's garage for those), it's now actually running like a charm! However, being a college student on a budget, I want to make sure I've got this laptop as optimized as possible for daily use. Any tips or suggestions? Which operating system would you recommend? What about lightweight but efficient apps and browser extensions that can help improve performance? Thanks in advance for your advice!",103,4.67,1,2,36,8,30,12,0,50,0,12,0
s41|r0|personal_finance|llama3.1:8b,r0|personal_finance|llama3.1:8b,41,personal_finance,r/personalfinance,1,llama3.1:8b,1,giving an opinion that some people will disagree with,helping aging parents with money,a 70-year-old retired teacher,My take on helping aging parents with money.,"As a retired teacher, I've been fortunate enough to have done well financially, but my situation is different from many of you. My parents are in their 90s and need help managing their finances. Now, I know some of you might think it's admirable that they've managed on their own all these years, and they certainly have earned the right to keep control over their money. But as their child, I see the stress and worry in my parent's eyes every time we talk about bills and expenses. They're struggling to make ends meet because of rising healthcare costs, and it's heartbreaking to see them sacrifice things they love just to stay afloat. My solution? Set aside any sense of pride or control, and take over their finances. It's not about taking away their autonomy; it's about giving them the peace of mind that comes with knowing someone has got this. I know some people will disagree - 'let them make their own decisions!' or 'it's an invasion of privacy!' - but for me, it's about preserving my parents' dignity and quality of life. They don't have to worry about money no more, and we can focus on enjoying the time we have left together.",205,9.78,1,34,16,4,32,14,0,50,0,0,0
s41|r0|cars|llama3.1:8b,r0|cars|llama3.1:8b,41,cars,r/cars,1,llama3.1:8b,16,asking for a recommendation,EV versus hybrid for a long commute,a 38-year-old parent of two,Help Needed: EV vs Hybrid for Daily Commute,"I'm looking to upgrade my daily driver soon and I'm torn between a hybrid and an electric vehicle. My commute is about 45 miles each way, so it's not super short but not excessively long either. I've been doing some research on both types of vehicles, but I'd love to hear from people with more real-world experience. Has anyone out there made the switch to an EV or hybrid for their daily drive? What were your thoughts on the transition and how has it affected your daily life? Any recommendations would be super helpful!",94,5.01,1,0,33,8,24,18,0,50,0,17,0
s41|r0|farming|llama3.1:8b,r0|farming|llama3.1:8b,41,farming,r/farming,1,llama3.1:8b,31,venting about something frustrating,raising backyard chickens,a 24-year-old in their first full-time job,Chickens are driving me insane,"Ugh, I'm at my wit's end with these backyard chickens. I've had them for a few months now and they're still getting into everything. They love to dig up the garden, scratch up the lawn, and leave their poop everywhere. And don't even get me started on the noise. I thought it would be cool to wake up to their chirping every morning, but after a while, it just gets annoying. I've tried all sorts of solutions - raised beds for the garden, netting over the lawn, and a coop with predator-proofing - but they still manage to get into trouble. Has anyone else out there dealt with this? Any tips or advice would be greatly appreciated!",117,6.13,1,22,26,2,24,24,0,36,14,2,0
s41|r0|cooking|llama3.1:8b,r0|cooking|llama3.1:8b,41,cooking,r/cooking,1,llama3.1:8b,46,celebrating a small win,bread that will not rise,a 30-year-old nurse working night shifts,Bread Win! (Finally!) After Months of Trial and Error!,"Hey fellow cooks, just had to share my excitement - after what feels like an eternity of experimenting with different yeast types, temperatures, and humidity levels, I finally managed to get a decent loaf of bread out of the oven. It's not perfect, but it rises! The family is enjoying fresh homemade bread again (and so am I). Anyone else have a recent kitchen triumph they'd like to share? Night shift nurse over here, still on my caffeine high",79,4.62,1,0,41,0,36,14,0,50,0,9,0
s41|r0|tech|llama3.1:8b,r0|tech|llama3.1:8b,41,tech,r/technology,1,llama3.1:8b,61,venting about something frustrating,wireless earbuds that keep breaking,a 45-year-old small-town mechanic,Wireless earbuds that just can't hold up!,"I'm at my wit's end with these new-fangled wireless earbuds. I got a pair about 6 months ago, thinking it'd be convenient to listen to podcasts while workin' on cars. But nope! The first one died after 2 weeks, then the next one lasted maybe a month. Now they're both shot, just won't turn on or anything. Sent 'em back for repair, got 'em fixed, and now one of 'em's cracklin' with static like an old radio with a busted dial. I swear, these things are more trouble than they're worth. What's the deal with that? Can anyone else relate?",100,6.16,1,17,33,14,22,14,19,27,4,0,0
s41|r1|personal_finance|llama3.1:8b,r1|personal_finance|llama3.1:8b,41,personal_finance,r/personalfinance,2,llama3.1:8b,4,giving an opinion that some people will disagree with,getting a raise and avoiding lifestyle creep,a 41-year-old farmer,The Hard Truth About Raises and Lifestyle Creep,"I've been a farmer for over 20 years now, and I've seen my fair share of raises. But the truth is, most folks don't use their increased income wisely. They inflate their expenses to match their new salary, whether it's buying a bigger house or upgrading to fancier cars. Don't get me wrong, there's nothing wrong with wanting to improve your circumstances, but when you raise your standards of living in direct proportion to your raises, you're just spinning your wheels. I've managed to avoid this trap by keeping my expenses steady and reinvesting most of my increases into the farm or paying off debt. It's not always easy, but it's a habit that's served me well over the years. I think more people should be honest with themselves about what they can really afford, rather than trying to keep up appearances.",142,7.51,1,0,50,9,32,9,0,49,1,0,0
s41|r1|cars|llama3.1:8b,r1|cars|llama3.1:8b,41,cars,r/cars,2,llama3.1:8b,19,asking for a recommendation,buying a used truck with high mileage,a 19-year-old college student,Buying a used truck with high mileage - looking for some advice!,"Hey guys, I'm in a bit of a pickle. I just graduated from high school and my old ride finally gave up on me. I need something reliable to get around campus, but I'm on a tight budget. A friend recommended I look into buying a used truck with around 150k-200k miles on it. The problem is, I've never owned a truck before and don't know much about them. Has anyone out there had experience with high-mileage trucks? Should I be worried about costly repairs or are they generally pretty reliable? Looking for some input from people who have been in my shoes.",103,5.84,1,5,14,3,28,19,0,37,13,31,0
s41|r1|farming|llama3.1:8b,r1|farming|llama3.1:8b,41,farming,r/farming,2,llama3.1:8b,34,sharing a practical tip that worked,a good harvest after a rough spring,a 27-year-old who moved to a new city,Rough Spring but Good Harvest - Compost Tea to the Rescue!,"Hey fellow farmers! I know some of you might be going through a tough time after that rough spring. We had non-stop rain and cold temperatures, and I was worried my garden would be a washout. But then I remembered using compost tea on our poor soil last year and how it turned things around. So, this season I brewed up another batch using some leftover worm castings and molasses in water. I applied it to the affected areas and waited. And guess what? My yields are actually higher than ever! It's like a mini-green revolution out there. If anyone else has had issues with poor soil health after last spring, give compost tea a shot. Works wonders.",118,6.37,1,0,48,2,34,14,0,50,0,2,0
s41|r1|cooking|llama3.1:8b,r1|cooking|llama3.1:8b,41,cooking,r/cooking,2,llama3.1:8b,49,celebrating a small win,grilling a steak right,a 61-year-old close to retirement,Finally nailed that perfect grill!,"Just had to share my excitement - after years of struggling to get a good sear on a steak, I finally did it! Tonight's dinner was a beautiful 1.5 inch ribeye, seasoned with salt, pepper, and garlic powder, then thrown on the grill at medium-high heat for exactly 4 minutes per side. The result? A perfect crust, nice char, and a juicy interior. My wife said it was the best steak I've ever grilled (and she's been known to be brutally honest). Feels good to have finally mastered this technique - now if only I can get my tomato sauce just right...",102,5.63,1,0,49,0,37,13,0,50,0,1,0
s41|r1|tech|llama3.1:8b,r1|tech|llama3.1:8b,41,tech,r/technology,2,llama3.1:8b,64,giving an opinion that some people will disagree with,an old computer given a second life,a 33-year-old software tester,I think I'm done with 'upcycling' my old computer...,"I've been playing around with getting an old laptop from 2009 back into working order. It was originally running Windows Vista, and after some digging and tweaking, I managed to get it up and running with a modern distro of Linux. It's surprisingly speedy for its age, but the keyboard is starting to fall apart and the screen has that sweet 'vintage' glow to it now. Some folks might say I'm wasting my time, but I think there's value in breathing new life into old tech - at least until it becomes too much of a hassle to keep going.",100,5.71,1,0,48,2,33,15,0,48,2,2,0
s41|r2|personal_finance|llama3.1:8b,r2|personal_finance|llama3.1:8b,41,personal_finance,r/personalfinance,3,llama3.1:8b,7,venting about something frustrating,what to do with a tax refund,a 27-year-old who moved to a new city,"Ugh, tax season is always a nightmare...","So I just got my W-2 from my new job in the city I moved to last month and it's time to file taxes. No big deal, right? Well, I'm still trying to get settled here and it feels like every bill I thought was paid is actually still due... And now I've gotta figure out what to do with my tax refund. Part of me wants to use it to pay off some credit card debt that's been hanging over my head since college, but another part of me thinks I should put it towards a down payment on an apartment here (rent is CRAZY). Or maybe I should just invest it or something? I'm so confused and overwhelmed. Has anyone else ever dealt with this kind of decision?",130,6.76,1,0,35,3,26,21,0,44,6,15,0
s41|r2|cars|llama3.1:8b,r2|cars|llama3.1:8b,41,cars,r/cars,3,llama3.1:8b,22,asking the community for advice,dealer markups and add-ons,a 52-year-old who just got divorced,New Car Buyer Looking for Guidance,"Hey fellow Redditors, I'm reaching out in a bit of a vulnerable state. Just got divorced after 25 years and I've decided to treat myself with a new car (not that my ex-wife would approve). Problem is, I know squat about the car buying process and I don't want to get taken for a ride. Specifically, I'm concerned about dealer markups and add-ons. Should I be prepared to haggle on the price or is it just better to walk away? And what's with all these extra 'packages' they try to sell you - are they worth it? Help an old man out!",102,5.83,1,10,30,3,32,15,0,49,1,10,0
s41|r2|farming|llama3.1:8b,r2|farming|llama3.1:8b,41,farming,r/farming,3,llama3.1:8b,37,sharing a practical tip that worked,fixing an old tractor instead of buying new,a 61-year-old close to retirement,Fixing an Old Tractor Instead of Buying New,"I'm 61 now and getting close to retirement, but I've still got a small farm to tend to. My old tractor, which I bought back in '87, was starting to show its age - the hydraulic system was on the fritz and I needed something to fix it. Rather than shelling out for a new one, I decided to take a page from my dad's book and give the old girl some TLC instead. I spent a few weeks scouring YouTube tutorials, farm forums, and whatnot until I found someone who'd tackled a similar problem on their own Fords. Long story short, it ended up being just a bad seal in one of the hydraulic lines that was causing all the trouble - replaced it and the thing's been running like new ever since. Saved me about $15k compared to buying a new tractor, and I've got the satisfaction of fixing something with my own two hands. If you're on the same boat as me, might be worth taking a closer look at your old equipment before writing it off - you'd be surprised what a little bit of effort can accomplish!",192,9.51,1,0,50,0,37,13,0,50,0,0,0
s41|r2|cooking|llama3.1:8b,r2|cooking|llama3.1:8b,41,cooking,r/cooking,3,llama3.1:8b,52,asking for a recommendation,learning to cook rice properly,a 30-year-old nurse working night shifts,Help me master cooking perfect rice!,"Hey fellow cooks! I'm a night shift nurse who's been surviving on instant noodles for far too long. As part of my self-care, I've decided to start learning how to cook real meals. My problem is, every time I try to cook rice, it ends up being mushy or overcooked. I've tried following recipes online, but somehow it just doesn't turn out right. Can anyone share their tips and tricks for cooking perfect rice? Do I need a special pot? A certain type of rice? Any help would be greatly appreciated!",91,5.15,1,2,36,1,40,9,0,50,0,12,0
s41|r2|tech|llama3.1:8b,r2|tech|llama3.1:8b,41,tech,r/technology,3,llama3.1:8b,67,celebrating a small win,streaming service fatigue,a 45-year-old small-town mechanic,Finally ditched all those streaming services!,"Just wanted to share my small victory with the group. I've been feelin' overwhelmed by all the subscription fees lately, so I decided to cancel 'em all and just use what I already have - a decent internet connection and a DVD player for movies. Don't get me wrong, I love binge-watching as much as the next guy, but there's only so much my wallet can take. Now I've got some extra cash in my pocket and I'm thinkin' about puttin' it towards a new set of tools for my shop. Anyway, just thought I'd share - anyone else out there feelin' like they're gettin' drained by all these services?",110,6.2,1,17,33,4,28,18,0,47,3,0,0
s41|r3|personal_finance|llama3.1:8b,r3|personal_finance|llama3.1:8b,41,personal_finance,r/personalfinance,4,llama3.1:8b,10,sharing a personal story or experience,starting to invest with a small amount,a 24-year-old in their first full-time job,Starting to Invest with a Small Amount,"Hey fellow Redditors, I just wanted to share my experience of starting to invest with a small amount. I've been in my first full-time job for about 6 months now and have finally started saving up some money. After researching different investment options, I decided to go with a Roth IRA through a low-cost brokerage account. The initial investment was only $500, but it's been slowly growing over the past few months. What I've learned so far is that even small amounts can add up over time if you're consistent and patient. My goal is to contribute around 10% of my income each month, which is roughly $200. It might not seem like a lot, but I'm hoping it'll give me a head start on saving for retirement and other long-term goals. Has anyone else had similar experiences with investing small amounts? Any advice or tips would be greatly appreciated!",150,7.77,1,0,50,1,33,16,0,50,0,0,0
s41|r3|cars|llama3.1:8b,r3|cars|llama3.1:8b,41,cars,r/cars,4,llama3.1:8b,25,asking for a recommendation,a mechanic who ripped someone off,a 70-year-old retired teacher,Looking for an honest mechanic in [City Name] after reading a terrible story...,"Folks, I'm reaching out to see if you can help me. My neighbor just got taken for a ride by a local mechanic who charged him triple the cost of parts and labor for repairs on his old pickup truck. He's been driving it around with all sorts of problems, thinking he needed a new engine, but this 'honest' mechanic ripped him off big time. I'm not looking to start a complaint thread or anything, just wondering if any of you know of a good, honest mechanic in the area who actually cares about doing right by their customers. Anyone have some recommendations?",103,5.81,1,6,35,2,31,17,0,45,5,9,0
s41|r3|farming|llama3.1:8b,r3|farming|llama3.1:8b,41,farming,r/farming,4,llama3.1:8b,40,celebrating a small win,crop insurance paperwork,a 52-year-old who just got divorced,Finally getting some paperwork done!,"Just spent all morning wrestling with crop insurance forms... and I'm proud to say I got 'em all filed on time! Small victory, but feels like a weight off my shoulders. Been going through a tough time lately, but getting this farm's admin sorted is helping me get back on track. Anyone else out there have to deal with the joys of crop insurance paperwork?",65,3.67,1,0,47,2,36,12,0,50,0,3,0
s41|r3|cooking|llama3.1:8b,r3|cooking|llama3.1:8b,41,cooking,r/cooking,4,llama3.1:8b,55,sharing a personal story or experience,a family recipe finally recreated,a 70-year-old retired teacher,A Family Recipe Finally Recreated!,"I'm still grinning from ear to ear as I write this. My late husband's grandmother used to make the most scrumptious meat pie when we were young, but the recipe was lost with her passing many years ago. We'd try to recreate it, but something just wasn't right. Well, last weekend my daughter spent hours poring over an old family cookbook and finally found the original recipe tucked away between some fabric patterns! It's a good thing too - we made the pie for our Sunday dinner gathering and it was just like Grandma used to make. The combination of flaky crust, tender beef, and that special seasoning blend has my taste buds singing. I'm so grateful to have that piece of family history back in our lives. Does anyone else out there have a similar story about recreating a treasured family recipe?",143,7.32,1,0,50,0,35,15,0,50,0,0,0
s41|r3|tech|llama3.1:8b,r3|tech|llama3.1:8b,41,tech,r/technology,4,llama3.1:8b,70,sharing a practical tip that worked,whether a new laptop is worth it,a 30-year-old nurse working night shifts,Laptop upgrade on a tight budget?,"I'm a night shift nurse and I've been using my old laptop for reporting and charting for years. It's been holding up, but lately, the battery life has been terrible. I finally caved in and bought a new one - an Acer Aspire with 16GB of RAM and a 512GB SSD. The price was around $600, which is still on the higher side for me, but I think it was worth it. What's helped me justify the cost is that my old laptop was already 5 years old and I've been doing a lot more video recording for patient reviews and training videos. My new laptop boots up in like 10 seconds, and I can get at least 8 hours of battery life with moderate use. If you're on the fence about upgrading, consider how much time you spend on your laptop every day - if it's significantly affecting your workflow or productivity, it might be worth splurging a bit to save yourself some stress in the long run.",169,8.66,1,0,49,3,33,14,0,50,0,1,0
s41|r4|personal_finance|llama3.1:8b,r4|personal_finance|llama3.1:8b,41,personal_finance,r/personalfinance,5,llama3.1:8b,13,asking for a recommendation,a monthly budget that finally worked,a 38-year-old parent of two,A monthly budget that finally worked - recommendations needed!,"Hey fellow PF enthusiasts! I've been struggling to get our family's finances in order for years, but after trying a few different approaches, we've finally found something that's working. We're a family of four (2 kids aged 8 and 10) living on one income ($60k/year). Our expenses are pretty standard - mortgage, utilities, groceries, transportation, etc. The big change we made was implementing a zero-based budget where every dollar is accounted for from the start. It's been about 6 months now, and our savings rate has gone up significantly (we're saving around 30% of our take-home pay). What I'd love to know is if anyone else has had success with this approach? Do you have any specific recommendations or tweaks that might help us improve further? Specifically, we struggle with discretionary spending - we've cut back on dining out and entertainment, but there's still room for improvement. Any ideas would be super helpful!",153,8.43,1,0,50,3,37,10,0,50,0,0,0
s41|r4|cars|llama3.1:8b,r4|cars|llama3.1:8b,41,cars,r/cars,5,llama3.1:8b,28,giving an opinion that some people will disagree with,"winter tires, worth it or not",a 27-year-old who moved to a new city,Winter Tires: Worth It?,"I've been driving in this new city for a few months now and I'm still getting used to the snow. One thing that's always bugged me is everyone's obsession with winter tires. I mean, don't get me wrong, they're definitely safer than regular tires on ice and snow... but are they really worth it? In my opinion, no. The cost of a good set of winter tires is ridiculous - like an extra $200-$300 per tire just for the season! And let's be real, most people only live in cities where the winters aren't that bad. I've been driving around with regular tires and haven't had any issues... yet. Maybe I'm just lucky? But seriously, has anyone else considered ditching the winter tire hype and sticking with regulars?",128,7.03,1,38,12,11,19,20,17,12,21,0,0
s41|r4|farming|llama3.1:8b,r4|farming|llama3.1:8b,41,farming,r/farming,5,llama3.1:8b,43,sharing a personal story or experience,fencing a new pasture,a 61-year-old close to retirement,Fencing a New Pasture - The Old-Fashioned Way!,"I've been farming for 40 years now, and I'm getting close to hanging up my boots. But one of the last projects I wanted to tackle before retirement was fencing in that new pasture we acquired last spring. It's not easy work at my age, but there's something satisfying about doing it myself. The boys helped me out for a day or two, but after that, it was just me and my trusty fence stretcher. We're talking old-school here - no mechanized post-hole diggers or electric fencing. Just a lot of sweat, hard work, and good ol' fashioned elbow grease. It took us three weeks to finish, but we finally got the job done. And let me tell you, it's a beautiful sight seeing those cattle grazing in their new home. It's funny how sometimes the hardest jobs are also the most rewarding. What about y'all? Ever tackle a big fencing project on your own?",155,8.42,1,1,42,1,33,16,0,43,7,7,0
s41|r4|cooking|llama3.1:8b,r4|cooking|llama3.1:8b,41,cooking,r/cooking,5,llama3.1:8b,58,venting about something frustrating,cast iron care,a 35-year-old single dad,Frustrated with Cast Iron Care!,"Ugh, I'm at my wit's end! I just got done seasoning my new cast iron skillet and I'm already dealing with rust. I've read all the books, followed every tip online... and yet it still happened. I swear, I must have applied too much oil or something because now there are these nasty brown spots everywhere. I've tried scrubbing them off, but they just won't budge. Anyone else ever deal with this? How do you guys keep your cast irons from turning into a rusty mess?",86,5.1,1,23,23,3,29,18,0,41,9,4,0
s41|r4|tech|llama3.1:8b,r4|tech|llama3.1:8b,41,tech,r/technology,5,llama3.1:8b,73,sharing a personal story or experience,a smart home setup that failed,a 33-year-old software tester,Smart Home Setup That Failed Miserably,"I've been working on getting a smart home setup for my new place, but I have to say it's been a total nightmare. I thought it would be cool to have voice control and automation, but so far it's just added more stress to my life. The main issue is that the different devices don't seem to play nice with each other - my thermostat keeps overriding the temperature set by the hub, and the lights keep flickering on and off randomly. I've tried adjusting settings and resetting everything, but nothing seems to work for long. Has anyone else had a similar experience? Am I just doing something wrong or is this normal?",113,5.89,1,22,24,6,27,17,6,41,3,4,0
s41|r0|personal_finance|gemma4:e2b,r0|personal_finance|gemma4:e2b,41,personal_finance,r/personalfinance,1,gemma4:e2b,2,giving an opinion that some people will disagree with,helping aging parents with money,a 70-year-old retired teacher,The 'Helping' Trap: Why Direct Financial Help Can Backfire with Aging Parents,"Well now, I've spent a good many years teaching history, and I've seen a lot of human nature over the decades. I want to talk about helping our aging parents with their money, because I think there's a lot of noise out there about whether we *should* step in. I'm not saying you shouldn't help; family is family, and love is in the air. But I worry that when we jump in too quickly, we end up doing more harm than good. 

There's this idea that we should just hand over the keys and let them manage things, but that ignores the reality. Many parents, even those who seem perfectly capable, are just overwhelmed, scared, or have poor instincts when it comes to managing complex finances, medical bills, or dealing with scams. 

My experience tells me that the most common mistake is to become the sole financial manager. When you become the manager, you stop being the loving child and start being an auditor, a lawyer, and a decision-maker. This creates tension, resentment, and often leads to disagreements that chip away at the family relationship. 

Instead of taking over, I think we need to focus on setting up a really solid, objective framework first. This means establishing clear legal documents, setting up trusts, and ensuring they have access to trusted advisors—a good accountant, maybe an elder law attorney—who act as the objective referees. 

The real help isn't giving money; it's giving the *security* and the *structure* so they can maintain their dignity and autonomy. If you insist on helping financially, make sure it’s done in a way that respects their wishes, not just your immediate sense of what is easiest for you. Otherwise, you risk becoming the source of conflict, not comfort. Just something to chew on.",297,5.39,1,1,49,0,40,10,0,50,0,0,0
s41|r0|cars|gemma4:e2b,r0|cars|gemma4:e2b,41,cars,r/cars,1,gemma4:e2b,17,asking for a recommendation,EV versus hybrid for a long commute,a 38-year-old parent of two,EV vs Hybrid for a long daily commute - need some advice!,"Hey everyone, I'm trying to figure out what to go for as I plan for a long daily commute. I'm currently looking at switching from my current vehicle, and I'm really torn between going full EV or sticking with a hybrid setup. I have a pretty long drive every day, and I'm trying to balance the upfront cost, the running costs, and the daily driving experience for my family. Has anyone who has done a long commute with either an EV or a hybrid for a similar distance? I'm especially interested in real-world range anxiety and the refueling/recharging experience. Any recent experiences or specific models you'd recommend would be super helpful. Thanks in advance for any insights!",117,2.44,1,0,38,13,27,10,0,50,0,12,0
s41|r0|farming|gemma4:e2b,r0|farming|gemma4:e2b,41,farming,r/farming,1,gemma4:e2b,32,venting about something frustrating,raising backyard chickens,a 24-year-old in their first full-time job,Seriously questioning the whole backyard chicken thing...,"Okay, I'm just starting this whole backyard chicken thing, and I'm already so fed up. I bought the coop, I bought the feeders, I even got the fancy chicken feed... and now I'm dealing with constant issues. Yesterday, one of them got into a massive territorial fight with the other one, and it was just pure chaos. I tried to intervene, but it just escalated. Then there's the mess. They are just... messy. And the smell is getting intense, especially when it rains. I thought it was going to be this peaceful, wholesome experience, but right now it just feels like a constant battle against nature and my own patience. Anyone else feeling completely overwhelmed by the sheer management headache? I feel like I should just stick to growing tomatoes or something less... chaotic.",134,2.55,1,32,18,8,30,12,5,35,10,0,0
s41|r0|cooking|gemma4:e2b,r0|cooking|gemma4:e2b,41,cooking,r/cooking,1,gemma4:e2b,47,celebrating a small win,bread that will not rise,a 30-year-old nurse working night shifts,My bread is a brick. Send help (and maybe sourdough starter advice?),"Okay, so I spent way too much time trying to coax some life into a loaf this morning. I followed the recipe to the letter, used the exact water temperature, even let the dough rest for the recommended time... and the result? A dense, flat, utterly un-risen brick. Seriously, it looks like a paving stone. I’m pretty sure I’ve created a culinary failure. I’m exhausted from my night shifts, and the last thing I need is to be staring at flat dough. Has anyone else experienced this kind of total failure? Any tricks for when the yeast just refuses to cooperate? I’m willing to try anything to get a decent rise before I have to face the next shift! 😩",120,2.47,1,11,34,0,36,14,0,50,0,5,0
s41|r0|tech|gemma4:e2b,r0|tech|gemma4:e2b,41,tech,r/technology,1,gemma4:e2b,62,venting about something frustrating,wireless earbuds that keep breaking,a 45-year-old small-town mechanic,"These damn wireless earbuds are a joke, seriously.","Man, I'm just trying to get some decent sound for my calls or some tunes while I'm working on the car, and these little wireless earbuds are a real pain in the neck. I bought a set a few months back, and they were fine enough at first. Now? It's like they have a built-in expiration date. One day they sound great, the next day one just stops working, or they start cutting out completely. I've got to keep fiddling with the case, trying to charge them right, or whatever, and it's never a solid experience. It feels like I'm paying good money for something that's supposed to be simple. Makes you wonder what's wrong with the whole wireless thing, ain't it? Just want something that actually *lasts* a while.",130,2.63,1,26,24,12,26,12,13,35,2,0,0
s41|r1|personal_finance|gemma4:e2b,r1|personal_finance|gemma4:e2b,41,personal_finance,r/personalfinance,2,gemma4:e2b,5,giving an opinion that some people will disagree with,getting a raise and avoiding lifestyle creep,a 41-year-old farmer,The Myth of the 'Big Raise' and the Reality of Keeping What You Earn,"Been working the land for a while now, and I’ve seen a few folks talk about getting a big raise, jumping on every opportunity to get more money, and then suddenly finding themselves living a life way beyond what they can actually manage. It sounds smart on paper, right? More cash, more freedom.

But I gotta tell you, from where I'm standing, it feels like a trap. When you start earning more, even if it’s a nice bump, the temptation to immediately upgrade everything—the newer truck, the bigger house, the fancier stuff—is overwhelming. You start thinking, 'Well, I can afford this now, so I should keep going.'

My philosophy, and this is probably where I’m going to sound stubborn, is that the real win isn't the size of the paycheck; it's the control you maintain over your spending. A raise is great, it's a bonus, but if you don't actively fight the urge to inflate your lifestyle to match it, you just end up with a bigger boat full of the same old worries. I’d rather be comfortable and steady, managing what I have, than chasing a phantom lifestyle that always seems to require more and more chasing. It’s about discipline, plain and simple. Some folks just seem to think more money equals more happiness, but I’ve learned that's just a recipe for stress down the line.",227,4.3,1,0,50,9,34,7,0,50,0,0,0
s41|r1|cars|gemma4:e2b,r1|cars|gemma4:e2b,41,cars,r/cars,2,gemma4:e2b,20,asking for a recommendation,buying a used truck with high mileage,a 19-year-old college student,"Help! First time buying a used truck, nervous about high mileage. Any recommendations?","Hey everyone, I'm a college student and I'm finally looking to buy my first used truck. I've been looking at a few options, and honestly, I'm a bit overwhelmed. I'm not super experienced with buying vehicles, and I'm seeing some trucks with pretty high mileage, which is fine for the price, but I'm really worried about reliability and long-term costs. 

I'm not planning on towing anything massive right away, just daily driving and maybe some light hauling around campus. What kind of truck do you guys recommend for a beginner? Are there any specific models or brands you've found that are known to be decent value, even with some miles on them? 

Any tips on what to look out for in a used truck, or maybe a specific truck you've personally had good luck with, would be super helpful. Thanks in advance!",142,3.0,1,2,23,6,29,15,0,50,0,25,0
s41|r1|farming|gemma4:e2b,r1|farming|gemma4:e2b,41,farming,r/farming,2,gemma4:e2b,35,sharing a practical tip that worked,a good harvest after a rough spring,a 27-year-old who moved to a new city,"Survived a rough spring, here's what got me through to a decent harvest.","Hey everyone. Just wanted to share a little something that actually worked for me this year after what felt like a real struggle in the spring. We had some unpredictable weather, and the early growth was way off. I ended up focusing heavily on soil health remediation right at the start, even when things felt bleak.

Instead of immediately pushing heavy fertilizer or amendments when the soil wasn't quite ready, I spent a good chunk of time working in-furrowing and incorporating a ton of compost and aged manure, focusing on really breaking up the old, compacted layers. I used a different approach to the cover crops, planting some deeper-rooted mixes that helped break up the soil structure naturally before the main cash crops really started pushing for growth.

It took a bit longer than I might have initially planned, but seeing the results in the fall was worth the effort. The soil felt much more receptive, and the plants seemed to pull up nutrients better once they got going. Definitely worth the extra time spent on the groundwork, even when the weather throws curveballs. Anyone else found success with focusing on soil prep early on?",195,3.45,1,0,50,1,35,14,0,50,0,0,0
s41|r1|cooking|gemma4:e2b,r1|cooking|gemma4:e2b,41,cooking,r/cooking,2,gemma4:e2b,50,celebrating a small win,grilling a steak right,a 61-year-old close to retirement,Finally nailed a decent steak on the grill!,"Well, I've been wrestling with this thing for a while, and today I finally got a steak that wasn't a charcoal briquette wrapped in ash. It was a bit of a learning curve, for sure. One minute it was smoking like a bonfire, the next it was just... burnt on the outside. But after a few adjustments—a little more space, a slow sear on the cooler side, and paying attention to the smoke—I actually managed to get a nice, deep brown crust and a juicy interior. It tastes so much better when you finally get it right, you know? It feels like a small victory in this whole retirement thing. Glad I finally figured out the right temperature and timing for a proper sear. Anyone else have grilling secrets I'm missing?",131,2.49,1,0,48,0,38,12,0,50,0,2,0
s41|r1|tech|gemma4:e2b,r1|tech|gemma4:e2b,41,tech,r/technology,2,gemma4:e2b,65,giving an opinion that some people will disagree with,an old computer given a second life,a 33-year-old software tester,Is there anything truly magical about resurrecting old hardware?,"So, I was just tinkering with this ancient desktop I dug out of the attic—it's like a relic, running some really slow but perfectly functional operating system. And I keep thinking about the whole cycle of tech. We throw away perfectly good hardware because the next shiny thing is out, but there's this undeniable satisfaction in taking something that's been 'retired' and giving it a completely new purpose. 

I know some people will just say, 'It's just junk, why bother?' But for me, it feels like a form of digital archaeology. You get to look at the physical manifestation of how things used to work, and you get to figure out how to make them useful *now*. It’s not about pushing the boundaries of what a new chip can do; it’s about stretching the longevity of the physical stuff we own. 

It feels like a much more sustainable approach than just constantly buying the newest box. What do you guys think? Is there a real value in this kind of low-tech resurrection, or is it just nostalgia dressed up as sustainability?",181,3.32,1,1,48,4,33,13,0,50,0,1,0
s41|r2|personal_finance|gemma4:e2b,r2|personal_finance|gemma4:e2b,41,personal_finance,r/personalfinance,3,gemma4:e2b,8,venting about something frustrating,what to do with a tax refund,a 27-year-old who moved to a new city,Help. What do I even DO with this tax refund now that I moved?,"Ugh, I'm seriously over this. I just moved to a new city, unpacked boxes, and now I have this tax refund sitting there. It feels like a cruel joke. I've been staring at it for three days, and all I can think about is what to do with it. Do I just let it sit there, effectively earning me nothing? Should I use it for immediate necessities, or is it better to just let it sit and forget about it? I was hoping to use it for some big life upgrade, but now I feel paralyzed by the sheer uncertainty of where to put it. Any advice on what the best move is? I feel like I'm wasting a chunk of money just figuring out the logistics of it.",129,2.48,1,0,16,8,28,14,0,45,5,34,0
s41|r2|cars|gemma4:e2b,r2|cars|gemma4:e2b,41,cars,r/cars,3,gemma4:e2b,23,asking the community for advice,dealer markups and add-ons,a 52-year-old who just got divorced,Dealer markups and add-ons - Seeking advice post-divorce reflection,"Hey everyone, I'm in a bit of a tough spot and hoping to get some real-world advice from this community. I recently went through a divorce, and while I'm trying to focus on moving forward, I've found myself thinking about the car market, specifically the sticker shock involved with dealers, markups, and those extra add-ons. 

I'm looking at buying a vehicle soon, and I'm trying to figure out how much of what I'm paying is actual vehicle cost versus dealer profit margins and unnecessary extras. Has anyone else navigated this? I'm trying to get a realistic sense of what's a fair price, what add-ons are worth the money, and how to avoid getting ripped off by the dealership. 

Any war stories or tips on negotiating these things would be hugely appreciated. Thanks in advance for any insight you can offer. :)",141,2.92,1,1,33,0,27,23,0,50,0,16,0
s41|r2|farming|gemma4:e2b,r2|farming|gemma4:e2b,41,farming,r/farming,3,gemma4:e2b,38,sharing a practical tip that worked,fixing an old tractor instead of buying new,a 61-year-old close to retirement,"Don't buy new, fix the old beast – my tractor story","Been thinking a lot lately about what to do with the old Massey Ferguson I've been running for twenty years. I was staring at the prospect of buying something new, and honestly, the cost just wasn't there. So, I decided to tackle the old one instead. It’s a bit of a project, no doubt. I spent a good chunk of time just diagnosing the issues—a sticking carburetor, some worn-out linkages, and a few dodgy electrical connections. I didn't hire a full-time mechanic; I dove into the manuals and watched a ton of YouTube videos, mostly focusing on the mechanical side. The biggest win was finding that one specific part online that was almost impossible to source new, which saved me a fortune. It took me a few weekends, but now it runs smoother than it has in years, and I feel like I've got a real sense of accomplishment. If you're thinking about replacing something, seriously look at what you already have. There’s a lot of knowledge out there to help you get those old machines running again. Happy wrenching!",180,3.33,1,0,50,1,36,13,0,50,0,0,0
s41|r2|cooking|gemma4:e2b,r2|cooking|gemma4:e2b,41,cooking,r/cooking,3,gemma4:e2b,53,asking for a recommendation,learning to cook rice properly,a 30-year-old nurse working night shifts,Help! Trying to master rice cooking - any secrets?,"Hey everyone, I'm trying to get better at cooking rice, and I'm really struggling! I work night shifts as a nurse, so I often find myself making meals when things are quiet, but my rice game is pretty rough. It's either mushy, too sticky, or just not fluffy enough. I've tried the standard method a few times, but I'm not getting the perfect texture. 

Has anyone got a go-to method or any specific tips for getting perfectly cooked, fluffy, and separate grains? I'm open to anything – soaking, specific water ratios, pot types, or maybe a specific technique? Any wisdom would be greatly appreciated! Thanks in advance!",107,2.34,1,0,38,0,34,16,0,50,0,12,0
s41|r2|tech|gemma4:e2b,r2|tech|gemma4:e2b,41,tech,r/technology,3,gemma4:e2b,68,celebrating a small win,streaming service fatigue,a 45-year-old small-town mechanic,Finally managed to get the smart TV setup working right...,"Well, I've been wrestling with this streaming service nonsense for weeks now. Trying to get the new setup running on the big screen is a real headache. Spent an afternoon just trying to figure out the passwords, the app updates, and why the remote keeps acting up. Finally got it all lined up, the picture looks crisp, and I can actually watch somethin' without it freezing up every five minutes. Feels good to have something that just *works*, you know? A little peace of mind when all you want is to settle in and watch the game or some old movie. Anyone else finding the setup process more annoying than the actual watching?",113,2.18,1,3,43,10,28,12,0,41,9,4,0
s41|r3|personal_finance|gemma4:e2b,r3|personal_finance|gemma4:e2b,41,personal_finance,r/personalfinance,4,gemma4:e2b,11,sharing a personal story or experience,starting to invest with a small amount,a 24-year-old in their first full-time job,Just started investing with what I have (and feeling kinda nervous!),"Hey everyone, I'm 24 and just started my first full-time job. I've been trying to get into investing for a while now, but I've been putting it off because I feel like I don't have much money to start with. I finally decided to start putting some cash into a brokerage account, and I'm only putting in small amounts right now—like maybe $100-$200 a month. 

Honestly, the learning curve is pretty steep. I spend hours reading articles about index funds versus individual stocks, and I feel like I'm constantly second-guessing myself. I'm trying to focus on setting up automatic transfers and just sticking to the plan, but the market swings are definitely making me nervous. 

Has anyone else been in this boat? What were your first steps? Did you start with a specific type of fund? Any tips for someone just starting out with a small nest egg? I'm trying to avoid getting overwhelmed and just build some good habits. Thanks for any advice!",164,3.34,1,0,46,1,32,17,0,50,0,4,0
s41|r3|cars|gemma4:e2b,r3|cars|gemma4:e2b,41,cars,r/cars,4,gemma4:e2b,26,asking for a recommendation,a mechanic who ripped someone off,a 70-year-old retired teacher,Need a recommendation for a trustworthy mechanic - someone who doesn't rip you off.,"Well, I've been driving these machines for a good while now, and I've learned that finding honest work is half the battle. I recently had a terrible experience with a mechanic who completely overcharged me for a simple repair, and it really soured my view of where to go for service. I'm looking for a recommendation from folks who have had good, honest experiences with a mechanic in the area. I don't need a huge shop, just someone trustworthy who gives you a straight talk about what needs fixing and what it will cost. Any suggestions for reputable guys around here? I'd really appreciate any advice you can offer. Thanks in advance!",112,2.31,1,3,44,0,29,21,0,48,2,3,0
s41|r3|farming|gemma4:e2b,r3|farming|gemma4:e2b,41,farming,r/farming,4,gemma4:e2b,41,celebrating a small win,crop insurance paperwork,a 52-year-old who just got divorced,Finally got the crop insurance paperwork sorted out - small victory today,"Well, I finally wrestled those insurance papers into submission this morning. Took me three calls, two frustrating website navigations, and a solid hour staring blankly at a screen before I finally got it right. It feels like such a small thing, honestly, but after the whole divorce mess, getting these administrative things squared away feels like a huge win. At least one more thing off the to-do list. Time to go check on the corn. Feeling a little bit lighter already.",81,1.84,1,0,47,1,32,17,0,48,2,3,0
s41|r3|cooking|gemma4:e2b,r3|cooking|gemma4:e2b,41,cooking,r/cooking,4,gemma4:e2b,56,sharing a personal story or experience,a family recipe finally recreated,a 70-year-old retired teacher,Finally nailed Grandma's sourdough starter recipe after years of frustration!,"Well, I've finally done it. After trying to recreate my grandmother's sourdough bread for years, I thought I'd never get the texture right. It felt like a lost art, you know? I’ve been messing with hydration levels and feeding schedules for ages, and honestly, I was starting to lose faith. 

But this time, I followed those very specific instructions she wrote down in her old, slightly stained recipe card. I started with a much slower, more patient approach than I used before, just letting things breathe. The starter finally started behaving, bubbling up nicely, and the dough, when it finally proofed, had that perfect, chewy crumb I remember from childhood. 

It wasn't just about the flour and water; it was about the patience and the feel for the dough. It reminded me that sometimes the oldest recipes aren't just about the ingredients—they're about the story and the care put into making them. It turned out to be wonderful, and the smell alone brought back so many memories. Anyone else have a family recipe they've struggled with for a long time but finally conquered?",183,3.46,1,0,48,0,37,13,0,50,0,2,0
s41|r3|tech|gemma4:e2b,r3|tech|gemma4:e2b,41,tech,r/technology,4,gemma4:e2b,71,sharing a practical tip that worked,whether a new laptop is worth it,a 30-year-old nurse working night shifts,Thinking about a new laptop - is it actually worth the upgrade for someone like me?,"Hey everyone, been on the fence for a while now about whether I should bite the bullet and get a new laptop. I'm 30, work as a nurse, and I'm constantly on my feet and need something reliable for charting, reading, and just general life stuff. I'm currently using something that's starting to feel pretty sluggish, especially when I'm juggling multiple windows for patient notes and reference materials during those long night shifts.

I was looking at the big upgrades, but I wanted to see if anyone has experience with the transition. My practical tip is this: don't just chase the absolute bleeding edge specs if you don't need them. For my workflow, the most important thing is solid battery life and good keyboard/trackpad comfort for long typing sessions. I found that focusing on a mid-range machine with decent RAM (16GB is a sweet spot for me) and a reliable processor is way more impactful than chasing the very latest graphics card if I'm just doing office work and medical documentation. The cost savings and the sheer daily usability boost made it worth it for me. Has anyone else found that prioritizing usability over pure benchmark chasing pays off in the end?",202,3.72,1,0,50,7,32,11,0,50,0,0,0
s41|r4|personal_finance|gemma4:e2b,r4|personal_finance|gemma4:e2b,41,personal_finance,r/personalfinance,5,gemma4:e2b,14,asking for a recommendation,a monthly budget that finally worked,a 38-year-old parent of two,Finally found a monthly budget that sticks (38yo parent of two here!),"Hey everyone, been wrestling with budgeting for ages, and I'm finally in a spot where the numbers actually make sense and I'm not constantly stressing about where the money went. I'm 38, have two kids, and managing a household budget feels like a full-time job sometimes. I've been experimenting with different methods—zero-based, 50/30/20, envelope system—and I'm trying to figure out what combination works best for a family of four with our current income and expenses. I'm not looking for a magical all-in-one system, but I'm hoping someone here can share what their actual, real-world monthly budget looks like, or what tools/methods you swear by. Specifically, I'm curious about how you handle variable expenses like school supplies, extracurriculars, and unexpected doctor visits. Any recommendations for templates, apps, or just the philosophy behind the budget that helped you finally stay on track would be hugely appreciated! Thanks in advance for any insights!",150,3.19,1,0,37,1,35,14,0,50,0,13,0
s41|r4|cars|gemma4:e2b,r4|cars|gemma4:e2b,41,cars,r/cars,5,gemma4:e2b,29,giving an opinion that some people will disagree with,"winter tires, worth it or not",a 27-year-old who moved to a new city,Winter Tires: Worth the Hype or Just a Winter Headache?,"Hey everyone, just moved to the city and I'm starting to think about the winter gear situation. I've been reading all the noise about winter tires—the tread depth, the cost, the tread life, everything. I'm not a winter driver by trade, and I'm not planning on living somewhere where I'll actually hit deep snow every winter, but I'm seeing so much push for them. 

My initial take is that for a city environment, with maybe just occasional light snow or ice, the switch to dedicated winter tires might be overkill for the money, especially if I'm just going to be driving on dry pavement most of the time. I'm leaning towards sticking with good quality all-season tires and maybe just buying a set of decent snow chains for emergencies if the city decides to throw a real blizzard at us. 

However, I'm open to hearing the counter-argument. Some people argue that you just can't beat the safety factor, and if you *are* going to drive in an area that experiences harsh winters, you should be prepared. I’m curious what the experienced drivers out there think. Are people just being overly cautious, or is there a genuine, undeniable safety advantage to having dedicated winter rubber on, even in milder climates? I want to hear the dissenting opinions!",216,3.98,1,7,34,5,31,14,0,48,2,9,0
s41|r4|farming|gemma4:e2b,r4|farming|gemma4:e2b,41,farming,r/farming,5,gemma4:e2b,44,sharing a personal story or experience,fencing a new pasture,a 61-year-old close to retirement,Fencing a New Pasture - A Little Bit of Wisdom from an Old Hand,"Well, I finally got around to fencing off that new pasture I was dreaming about. It's been a slow, methodical process, and I'm realizing how much the work really is, even when you think you know what you're doing. I’ve been doing this for decades, and there's a difference between reading a book and actually putting the fence in the dirt yourself. 

We started with the materials, which is always a headache—trying to find good wire that won't rust in this climate, and posts that are solid. Then there's the planning. You have to think about the animals, the wind, the water runoff, and how you'll maintain it ten years from now. I ended up using some pressure-treated wood for the main rails, which felt solid, even if it took longer to install than I initially planned. 

The hardest part, honestly, was the setting. Getting the posts sunk deep enough without damaging the root systems, and making sure the wire tension is right so it doesn't sag or shift. There were a few times I almost took a break, just wanting to quit when the work got tedious. But seeing that first clean line, knowing that the animals have a real, secure space to roam... that felt pretty good. 

It’s not just about the fence itself; it’s about the responsibility of creating that boundary. It’s a tangible piece of the land you're working. Hope it holds up for a long time for the next generation.",245,4.62,1,0,47,0,35,15,0,50,0,3,0
s41|r4|cooking|gemma4:e2b,r4|cooking|gemma4:e2b,41,cooking,r/cooking,5,gemma4:e2b,59,venting about something frustrating,cast iron care,a 35-year-old single dad,"Seriously, the cast iron drama is exhausting.","Ugh, I need to vent about my cast iron situation because I'm at my breaking point. I bought this beautiful piece years ago, and I treat it like it's made of glass. But every time I try to use it, something goes wrong. I mean, I wipe it down, I put it on the stove, and then... poof. A weird residue, a spot that just won't come clean, or worse, I see that beautiful seasoning start to flake off prematurely. It's such a pain. I swear, the instructions are fine, but the reality of maintaining that perfect surface while actually cooking is a constant battle. It feels like I need a PhD just to keep a skillet from turning into a rusty mess. Anyone else dealing with this frustrating cycle of hopeful seasoning followed by inevitable disappointment? Help a dad out here!",142,2.68,1,16,33,2,29,19,0,48,2,1,0
s41|r4|tech|gemma4:e2b,r4|tech|gemma4:e2b,41,tech,r/technology,5,gemma4:e2b,74,sharing a personal story or experience,a smart home setup that failed,a 33-year-old software tester,My Smart Home Dream Turned into a Headache: A Cautionary Tale,"Hey everyone, been in the testing trenches for a while now, and I finally decided to go all-in on a full smart home setup. I was really excited about the automation potential, the energy saving, the convenience... I went for a mix of Zigbee hubs, a few smart thermostats, and a bunch of voice-controlled plugs. The initial setup felt smooth enough, like a perfect QA run. 

But things quickly devolved into pure chaos. Everything started fighting with everything else. I ended up with three different apps just to manage lighting, another one for the locks, and the voice commands were either completely ignored or triggered things in the wrong order. I spent an entire weekend just trying to figure out why the hallway light wouldn't turn off when I left the room, even though the motion sensor was fine. It turned out to be a ridiculously complex chain of dependencies and poor communication protocols between the different brands. 

It felt less like a seamless home and more like debugging a massive, undocumented system. I ended up just reverting to using the physical switches and timers for the critical stuff. Lesson learned: don't underestimate the complexity of integrating disparate systems. If you're going to build something, treat it like the most complex piece of software you've ever written—assume there's going to be bugs, and be prepared to write the patch yourself. Anyone else had a spectacularly failed smart home project? I want to hear your disaster stories!",246,4.3,1,3,47,6,29,15,0,50,0,0,0
s41|r0|personal_finance|mistral:7b,r0|personal_finance|mistral:7b,41,personal_finance,r/personalfinance,1,mistral:7b,3,giving an opinion that some people will disagree with,helping aging parents with money,a 70-year-old retired teacher,A Cautious Approach to Helping Aging Parents With Money,"Hello fellow community members of r/personalfinance! I am a 70-year-old retired teacher and today I'd like to share my thoughts on helping aging parents with money. I've noticed that many of us find ourselves in the position of wanting to assist our elderly loved ones, but I believe it is crucial to approach this sensitive subject with caution and thoughtfulness. Here's why: 

Firstly, lending or giving large sums of money can potentially lead to dependency, which may not be beneficial for either party in the long run. Instead, consider other forms of support such as emotional, practical help, or even professional advice on matters like estate planning and healthcare decisions.

Secondly, it's essential to ensure that your financial well-being is secure before offering assistance. As we all know, unexpected events can occur, and you don't want to jeopardize your own future by taking on unnecessary debt or depleting savings. Before making any commitments, make sure you have a solid understanding of both your finances and the potential implications.

Lastly, I urge everyone to approach these conversations with empathy and patience. Aging can bring about difficult changes, and our loved ones may struggle to accept help or admit their financial challenges. Be understanding, supportive, and open-minded when discussing the topic.

In conclusion, while it's natural to want to support our aging parents, it is essential that we do so responsibly and with a clear understanding of our own financial situation. Let's remember that sometimes the most valuable gifts we can give are our time, patience, and love.",256,10.61,1,0,45,1,37,12,0,50,0,5,0
s41|r0|cars|mistral:7b,r0|cars|mistral:7b,41,cars,r/cars,1,mistral:7b,18,asking for a recommendation,EV versus hybrid for a long commute,a 38-year-old parent of two,EV vs Hybrid for Long Commute - Seeking Advice from Fellow Car Enthusiasts,"Hi fellow car enthusiasts! I'm a 38-year-old parent of two, and I've been considering upgrading my daily driver due to a significant increase in my commute. I'm currently weighing the options between an EV (Electric Vehicle) and a hybrid vehicle. I was hoping to tap into your collective wisdom and experience to help me make this decision. Here are some details about my situation: 

1. Commute Length: My daily commute is approximately 60-70 miles round trip, with occasional longer trips on weekends for family outings. 

2. Budget: I'm comfortable spending up to $45,000 on a new vehicle. However, I'd prefer not to max out my budget if there are solid options available below that price point. 

3. Charging Infrastructure: Ideally, I'd like a vehicle with good range and easy access to charging stations along my commute. I understand that this can vary greatly depending on location, so any insight you could provide would be much appreciated! 

4. Fuel Efficiency: Naturally, I'm interested in the long-term fuel costs and overall environmental impact of both options. I don't mind a higher upfront cost if it means significant savings down the road. 

5. Reliability: As a busy parent, I can't afford unexpected breakdowns or maintenance issues. I'm curious about how EVs and hybrids compare in terms of reliability and maintenance costs over time. 

I'd love to hear your thoughts on this, especially if you have personal experience with both EVs and hybrids for long commutes. Thank you in advance for your help!",249,11.37,1,0,25,7,27,16,0,50,0,25,0
s41|r0|farming|mistral:7b,r0|farming|mistral:7b,41,farming,r/farming,1,mistral:7b,33,venting about something frustrating,raising backyard chickens,a 24-year-old in their first full-time job,Frustrations with raising backyard chickens - seeking advice from fellow farmers,"Hey everyone! I'm a newbie here, just started my first full-time job on a farm. I've always had a soft spot for animals and decided to take up raising some backyard chickens as a hobby. It's been three months now and while it's been a rewarding experience overall, I'm currently dealing with an issue that's driving me a bit nuts! My hens are constantly pecking each other and it's resulting in bloody feathers everywhere. I've read up on various causes like bullying, stress, or even nutritional deficiencies, but I can't seem to pinpoint the problem. Any suggestions from fellow farmers would be greatly appreciated! 😄",105,5.25,1,1,26,2,29,19,0,50,0,23,0
s41|r0|cooking|mistral:7b,r0|cooking|mistral:7b,41,cooking,r/cooking,1,mistral:7b,48,celebrating a small win,bread that will not rise,a 30-year-old nurse working night shifts,Celebrating a Small Win: Conquering Flat Bread!,"Hey r/Cooking community! After months of struggling with bread recipes that just wouldn't rise, I finally cracked the code! Work has been exhausting, but coming home to a delicious loaf of homemade bread feels like a small victory. I wanted to share my experience in case it helps anyone else battling with stubborn dough.  Here's what worked for me: - Ensuring the right temperature for proofing (around 75°F/24°C) - Using fresh active dry yeast - Adjusting the flour to water ratio slightly - Kneading the dough gently but thoroughly - Giving the bread enough time to rise, sometimes up to 3 hours or more! It's not just about the end result for me, it's also about the process and the camaraderie in sharing our culinary triumphs. Hope this helps someone out there! Happy baking!",134,6.11,1,0,48,0,40,10,0,50,0,2,0
s41|r0|tech|mistral:7b,r0|tech|mistral:7b,41,tech,r/technology,1,mistral:7b,63,venting about something frustrating,wireless earbuds that keep breaking,a 45-year-old small-town mechanic,Tired of these darn wireless earbuds!,"Hey tech enthusiasts, I've been trying to join the 'wireless revolution' but it seems like my luck isn't on my side. I'm a small-town mechanic and I've been using wired headphones for years, but I figured it was time for an upgrade. So, I bit the bullet and bought a pair of those popular wireless earbuds, you know, the ones everyone raves about. Boy, have they been a disappointment! After just three weeks, one of the earbuds stopped working properly and the other seems to be following suit. I've tried everything to fix them but nothing works. I can't help but feel frustrated that I spent good money on something so unreliable. Anyone else out there had similar experiences? Any recommendations for a durable pair would be greatly appreciated!",129,5.49,1,34,16,6,28,16,3,46,1,0,0
s41|r1|personal_finance|mistral:7b,r1|personal_finance|mistral:7b,41,personal_finance,r/personalfinance,2,mistral:7b,6,giving an opinion that some people will disagree with,getting a raise and avoiding lifestyle creep,a 41-year-old farmer,Thoughts on Raises and Avoiding Lifestyle Creep,"Greetings fellow finance enthusiasts! I'm a 41-year-old farmer, and I've had my fair share of experiences when it comes to finances. Today, I'd like to discuss a topic that's near and dear to my heart: raises and the potential for lifestyle creep. 

I've seen many people, myself included, receive a raise at work and immediately notice an increase in expenses. New cars, vacations, or dinners out become more frequent as the income rises. While these indulgences can bring temporary happiness, they often lead to financial stress down the road. 

My advice? Resist the urge to let lifestyle creep take hold when you receive a raise. Instead, consider increasing your savings rate, paying off debts faster, or even investing more aggressively. This approach allows you to build wealth over time and maintain financial stability in the long run. 

Of course, I understand that everyone's circumstances are different, and there may be instances where a little lifestyle adjustment is warranted. But as a general rule of thumb, remember that your income should primarily serve to improve your future rather than your present moment. 

Best of luck managing your finances wisely!",188,8.03,1,3,47,10,26,14,0,50,0,0,0
s41|r1|cars|mistral:7b,r1|cars|mistral:7b,41,cars,r/cars,2,mistral:7b,21,asking for a recommendation,buying a used truck with high mileage,a 19-year-old college student,Looking for advice on buying a used high-mileage truck as a college student,"Hey r/cars! I'm a 19-year-old college student and I've been saving up for a while to buy my first truck. I've found a couple of options locally, but they all have high mileage (around 150k+). I'm wondering if it's worth going for one of these trucks or if I should wait for something with lower miles. Any advice on what I should look out for when considering a high-mileage truck? Thanks in advance!",73,3.91,1,3,11,11,25,14,0,38,12,36,0
s41|r1|farming|mistral:7b,r1|farming|mistral:7b,41,farming,r/farming,2,mistral:7b,36,sharing a practical tip that worked,a good harvest after a rough spring,a 27-year-old who moved to a new city,A bountiful harvest after a challenging spring - some tips that worked for me,"Greetings fellow farmers and rural enthusiasts! I'm a newcomer to this beautiful community, having recently relocated from the plains of Kansas to the vibrant cityscape. Despite the unusual transition, I've found solace in continuing my passion for farming here in urban settings. This year, after an especially challenging spring with unexpected frosts and heavy rains, I was delighted to reap a bountiful harvest thanks to some practical strategies that I'd like to share. 

1. **Diversify your crops**: Variety is key when it comes to surviving the unpredictable weather. By planting different types of crops, each with their own growing conditions and maturation periods, you can ensure that at least some of your produce will thrive no matter what Mother Nature throws at us. 

2. **Raise chickens**: Chickens are not only great companions but also excellent composters. By incorporating their manure into the soil, I found a significant improvement in the fertility and health of my plants. Plus, fresh eggs never hurt anyone! 

3. **Mulch heavily**: Mulching around your plants is an essential step to preserve moisture and prevent weeds from taking over. This year, I discovered that using straw as mulch helped retain water better during our heavy rain periods. 

4. **Patience**: As farmers, we often have to be patient, especially when faced with adverse conditions. This spring was no exception, but I found that staying positive and persistent paid off in the end. My patience was rewarded with a harvest that surpassed my expectations. 

I hope these tips will prove helpful for all of you out there who might be facing similar challenges this season. Good luck with your harvests, and remember to take time to appreciate the beauty and bounty of nature around us!",286,11.78,1,2,40,4,32,14,0,50,0,8,0
s41|r1|cooking|mistral:7b,r1|cooking|mistral:7b,41,cooking,r/cooking,2,mistral:7b,51,celebrating a small win,grilling a steak right,a 61-year-old close to retirement,"Grilled the perfect steak today, sharing my secret!","Hey fellow foodies! I hope everyone's cooking is going well. Today, I thought I'd share a small victory that made me very happy - finally grilling a steak to perfection! It's been a lifelong pursuit and I think I've cracked the code. Here's what worked for me: 

1. Start with a quality cut of meat, like a New York strip or ribeye. Let it rest at room temperature for about 30 minutes before grilling. 
2. Season generously with kosher salt and freshly ground black pepper, just before placing on the grill. 
3. Preheat the grill to high heat (about 500-550°F). Oil the grates lightly to prevent sticking. 
4. Cook for about 4 minutes per side for medium-rare, adjusting time depending on your preferred doneness. Use a meat thermometer to ensure accuracy. 
5. Let it rest for 10 minutes before serving. This allows the juices to redistribute throughout the steak. 

I hope this helps some of you out there who've been searching for the perfect grilled steak! Cheers to good food and great times!",173,8.11,1,0,50,0,35,15,0,50,0,0,0
s41|r1|tech|mistral:7b,r1|tech|mistral:7b,41,tech,r/technology,2,mistral:7b,66,giving an opinion that some people will disagree with,an old computer given a second life,a 33-year-old software tester,A Nostalgic Look at Giving Old Computers a Second Life,"Hey tech enthusiasts! As a 33-year-old software tester, I find myself reminiscing about the old computers that shaped my youth. In today's era of sleek, high-performance devices, it's easy to forget the charm and lessons hidden within these antique machines. I firmly believe in giving these old computers a second life, not just for nostalgic purposes but also for educational and environmental reasons. 

Now, I understand that some might argue that retro hardware is slow, outdated, and practically useless compared to today's powerful processors. However, the joy of tinkering with an old machine, learning its quirks, and even breathing new life into it can be incredibly rewarding. 

Moreover, teaching kids about the history of technology through these relics is invaluable. They can learn about how technology evolved, appreciate the progress made, and understand the foundational principles that still hold true today. 

Lastly, let's not overlook the environmental benefits. Recycling or repurposing old computers can significantly reduce e-waste, which is a growing concern in our industry. 

So, next time you come across an old computer gathering dust in your attic, consider giving it a second chance. It might just spark a newfound appreciation for the tech of yesteryears!",197,8.83,1,1,47,1,31,18,0,50,0,2,0
s41|r2|personal_finance|mistral:7b,r2|personal_finance|mistral:7b,41,personal_finance,r/personalfinance,3,mistral:7b,9,venting about something frustrating,what to do with a tax refund,a 27-year-old who moved to a new city,Feeling lost on what to do with my tax refund in a new city,"Hey fellow redditors, I'm a 27-year-old who recently moved to a new city for a job change. This is the first time I've received a significant tax refund and I'm struggling with what to do with it. I'm not familiar with this city's cost of living yet, so I'm having a hard time deciding whether to save it all, invest it, or splurge a bit on something nice for myself to celebrate this new chapter in my life. Any advice or suggestions would be greatly appreciated!",86,4.18,1,0,15,2,33,15,0,50,0,35,0
s41|r2|cars|mistral:7b,r2|cars|mistral:7b,41,cars,r/cars,3,mistral:7b,24,asking the community for advice,dealer markups and add-ons,a 52-year-old who just got divorced,Newly divorced and trying to navigate dealership markups and add-ons - Advice please!,"Hi r/cars community, I'm a 52-year-old going through some changes and finding myself in the market for a new car. I don't know much about cars but I've always loved them, so I'm excited to finally have the means to purchase one that fits my needs. However, I'm a bit overwhelmed by the dealership process, specifically markups and add-ons. Can someone please explain these terms in simple terms and offer advice on how to navigate through them? Any tips for a newcomer would be greatly appreciated! Thanks in advance!",89,4.43,1,3,20,10,35,5,0,48,2,27,0
s41|r2|farming|mistral:7b,r2|farming|mistral:7b,41,farming,r/farming,3,mistral:7b,39,sharing a practical tip that worked,fixing an old tractor instead of buying new,a 61-year-old close to retirement,A Frugal Farmer's Tale: Restoring an Old Tractor Instead of Buying New,"Greetings fellow farmers! I hope this message finds you all well. As a seasoned farmer, nearing the twilight of my career, I wanted to share a little tale that I believe will resonate with many of you. It's about the value of perseverance and resourcefulness, traits that are as essential in farming as they are in life. Recently, I found myself in a predicament - my reliable old workhorse, a tractor that had seen me through thick and thin for decades, finally started to show its age. The engine was running rough, and the thought of parting ways with it was as disheartening as it was costly. However, I decided to take on the challenge and breathe new life into my old friend. After all, why buy a new one when a good restoration could save me a pretty penny? Here's what I did: 1. Research: I spent countless hours poring over manuals, forums, and YouTube videos to understand the intricacies of my tractor's engine and mechanical components. 2. Parts: After identifying the faulty parts, I scoured local salvage yards and online marketplaces for affordable replacements. 3. Patience: Restoring a tractor isn't a quick fix; it took time and patience. But the satisfaction of seeing my old companion humming back to life was worth every minute spent under the hood. 4. Community: I couldn't have done it without the help of fellow farmers who shared their expertise and encouragement along the way. So, my dear friends, if you find yourself facing a similar predicament, don't be too hasty to buy new. Consider giving your old tractor a second chance; not only will you save some money, but you might also build a deeper bond with the trusty companion that's been by your side for years. Wishing everyone a prosperous growing season ahead!",302,12.27,1,1,47,1,33,16,0,50,0,2,0
s41|r2|cooking|mistral:7b,r2|cooking|mistral:7b,41,cooking,r/cooking,3,mistral:7b,54,asking for a recommendation,learning to cook rice properly,a 30-year-old nurse working night shifts,Night Shift Nurses' Quest for Perfectly Cooked Rice,"Hello fellow food enthusiasts! I'm a 30-year-old nurse working the night shift, and unfortunately, my culinary skills leave much to be desired. One dish that has always eluded me is cooking rice properly. I usually end up with either mush or overcooked grains. Can anyone recommend a foolproof method for perfect rice every time? I'd really appreciate your help in expanding my cooking repertoire! Thank you all!",67,3.52,1,1,36,0,38,12,0,50,0,13,0
s41|r2|tech|mistral:7b,r2|tech|mistral:7b,41,tech,r/technology,3,mistral:7b,69,celebrating a small win,streaming service fatigue,a 45-year-old small-town mechanic,A Small Town Mechanic's Surprise Venture into the World of Streaming Services,"Hey tech enthusiasts! I know I'm a bit out of my element here, being a small-town mechanic and all, but I just wanted to share a little story about my recent foray into the world of streaming services. You see, I've been trying to keep up with the times, and one evening, after fixing yet another tractor, I found myself sitting in front of my old TV, scrolling through Netflix, Hulu, Amazon Prime, Disney+, Apple TV+... you get the picture. It was a bit overwhelming! But then I stumbled upon a hidden gem. I'm talking about Peacock, NBCUniversal's streaming service. Now, I've always been a fan of their shows like The Office and Parks and Recreation, but I never thought to check out their streaming service. Well, let me tell you, it's a breath of fresh air! Not only do they have a great selection of classic shows and movies, but the user interface is simple and easy to navigate. Plus, it's free with ads or you can upgrade for a few bucks a month. I know it might not seem like much, but for a small-town mechanic like me, every little bit counts. So here's to finding joy in the unexpected corners of technology! Keep innovating, fellow tech enthusiasts!",210,8.59,1,7,23,6,27,17,0,50,0,20,0
s41|r3|personal_finance|mistral:7b,r3|personal_finance|mistral:7b,41,personal_finance,r/personalfinance,4,mistral:7b,12,sharing a personal story or experience,starting to invest with a small amount,a 24-year-old in their first full-time job,Starting my investing journey with a small budget,"Hey fellow redditors! I've recently started my first full-time job after graduating, and one thing that has been on my mind is investing. I know it's common advice to start saving and investing early, but when you're just starting out with a small salary like mine, it can be daunting to figure out where to begin. After doing some research and speaking to more experienced individuals, I decided to take the plunge and start investing with what little savings I had. Here's my experience so far: 

I initially opened an account with a robo-advisor since their low fees made them more accessible for someone like me with limited funds. I started by setting up automatic contributions of $50 per month to get the ball rolling. I also took advantage of any employer matching programs if available. 

So far, it's been a few months and while my investments haven't skyrocketed yet, I've seen steady growth. It's important to remember that investing is a long-term game and not to get discouraged by short-term fluctuations. 

I wanted to share this experience with you all in the hopes that it might inspire others who may be hesitant about starting to invest due to feeling like they don't have enough money or knowledge. Investing doesn't need to be intimidating and even a small amount can make a difference over time. If you're considering starting your own investing journey, I encourage you to do some research, speak with others, and take the first step! 

Good luck and happy investing!",253,9.82,1,0,47,1,32,17,0,50,0,3,0
s41|r3|cars|mistral:7b,r3|cars|mistral:7b,41,cars,r/cars,4,mistral:7b,27,asking for a recommendation,a mechanic who ripped someone off,a 70-year-old retired teacher,Need help finding an honest mechanic after unfortunate experience,"Greetings fellow car enthusiasts! I'm a 70-year-old retired teacher from the beautiful city of [City Name]. I've been driving for decades and have always enjoyed tinkering with my vehicles, but recently I encountered an unpleasant situation that left me needing your help. A mechanic I trusted for years seemed to have taken advantage of my lack of knowledge on a recent repair job, overcharging me exorbitantly for what seems like simple fixes. After some research, it appears he may have even replaced parts that didn't need replacing. I'm feeling quite disheartened and would really appreciate any recommendations you might have for trustworthy mechanics in the area. If you've had positive experiences with a local mechanic or shop, please let me know! Thank you all in advance for your assistance.",129,5.48,1,1,18,5,36,9,0,50,0,31,0
s41|r3|farming|mistral:7b,r3|farming|mistral:7b,41,farming,r/farming,4,mistral:7b,42,celebrating a small win,crop insurance paperwork,a 52-year-old who just got divorced,A small victory in these challenging times - Crop insurance paperwork sorted!,"Greetings fellow farmers, it's been a while since I last posted here. Life has taken an unexpected turn for me lately, but today, I wanted to share a little triumph that brought a smile to my face amidst all the change. After days of sorting through paperwork and navigating the bureaucracy, I finally managed to get my crop insurance sorted out! It's the small victories like these that remind us we can weather any storm. Here's to a successful growing season ahead for all of us! Wishing you all good health, prosperity, and peace.",94,4.22,1,0,38,2,30,18,0,48,2,12,0
s41|r3|cooking|mistral:7b,r3|cooking|mistral:7b,41,cooking,r/cooking,4,mistral:7b,57,sharing a personal story or experience,a family recipe finally recreated,a 70-year-old retired teacher,A long-lost family recipe rediscovered after decades,"Greetings fellow food enthusiasts of r/cooking! I hope this message finds you all well. Today, I find myself filled with immense joy and nostalgia as I share a personal story about a cherished family recipe that has finally been recreated after more than four decades. Allow me to transport you back to the 1960s in my quaint New England town, where a group of Italian immigrants had settled and brought their rich culinary heritage with them. Among these families was mine, and one dish in particular holds a special place in my heart: Pappardelle al Cinghiale. This wild boar pasta dish, cooked by my Nonno and enjoyed at our family gatherings, was nothing short of magical. Unfortunately, the recipe was lost when my dear Nonno passed away many years ago. Fast forward to a recent visit to Tuscany with my daughter, where we were fortunate enough to dine at a trattoria that served this very dish. Upon tasting it once more, I knew I had to recreate this treasured memory at home. After much research and experimentation, I've finally managed to recreate the flavors of Pappardelle al Cinghiale that have been etched in my memory for over forty years. The slow-cooked wild boar ragu, combined with tender pappardelle noodles, garlic, rosemary, and a splash of red wine, transport me back to those simpler times every time I enjoy this meal. I've attached the recipe below, and I sincerely hope that it brings as much joy to your tables as it does to mine. Buon appetito!",255,10.3,1,0,45,0,30,20,0,50,0,5,0
s41|r3|tech|mistral:7b,r3|tech|mistral:7b,41,tech,r/technology,4,mistral:7b,72,sharing a practical tip that worked,whether a new laptop is worth it,a 30-year-old nurse working night shifts,A game-changing tip for night shift nurses considering a new laptop,"Hello fellow tech enthusiasts! I wanted to share a practical tip that has been a lifesaver for me as a 30-year-old nurse working night shifts. I've recently found myself in need of a new laptop and was hesitant due to the high cost. However, I stumbled upon a solution that has made my work life so much easier and more productive. Instead of investing in a brand new laptop, I purchased a refurbished one from a reputable retailer. Not only did it save me a significant amount of money, but it also performs just as well as a new one! Just make sure to check for any warranties or guarantees before purchasing. Hope this tip helps someone out there who might be in the same boat as I was!",129,5.22,1,7,37,8,25,17,0,48,2,6,0
s41|r4|personal_finance|mistral:7b,r4|personal_finance|mistral:7b,41,personal_finance,r/personalfinance,5,mistral:7b,15,asking for a recommendation,a monthly budget that finally worked,a 38-year-old parent of two,A Monthly Budget That Finally Worked - Seeking Recommendations for a Balanced Family Budget,"Hi everyone, I'm a 38-year-old parent of two wonderful kids and I've been struggling with managing our family budget for quite some time now. I'm hoping to find a budgeting method that works for us in the long run. Currently, we're juggling multiple expenses including mortgage, utilities, groceries, child care, entertainment, savings, etc. and it feels like we're always falling short. I've tried various apps and methods but none seemed to stick. Could anyone recommend a monthly budget system that has worked well for them? Specifically, I'm looking for something that takes into account recurring expenses as well as irregular costs (like car repairs or unexpected bills). Thank you in advance for your suggestions!",114,5.54,1,0,34,1,30,19,0,50,0,16,0
s41|r4|cars|mistral:7b,r4|cars|mistral:7b,41,cars,r/cars,5,mistral:7b,30,giving an opinion that some people will disagree with,"winter tires, worth it or not",a 27-year-old who moved to a new city,Winter Tires - Overrated? Let's Discuss,"Hey fellow car enthusiasts! I recently moved to a city that experiences harsh winters and have been hearing quite a bit about winter tires. While I understand their purpose, I wanted to share my personal opinion that some might find controversial: in my experience, they may not be as essential as many people make them out to be. I've driven through several winters with all-season tires, and while it isn't always ideal, I haven't noticed a significant difference compared to when I had winter tires. Now, before the winter tire advocates jump down my throat, I understand that they provide superior grip in freezing temperatures, especially on snow. However, for those of us who don't drive aggressively or live in an area where roads are well-maintained during winter, all-season tires may be sufficient. That being said, I'd love to hear your thoughts! Do you find winter tires to be a game-changer, or do you agree that they might not be necessary for everyone? Let's start a friendly discussion!",168,6.83,1,13,30,8,28,14,1,46,3,7,0
s41|r4|farming|mistral:7b,r4|farming|mistral:7b,41,farming,r/farming,5,mistral:7b,45,sharing a personal story or experience,fencing a new pasture,a 61-year-old close to retirement,A Tale of Fencing a New Pasture in My Twenties,"Greetings fellow farmers! I hope this post finds you all well and thriving in your fields. I'd like to share a story from my early days on the farm that still brings a smile to my face even as I approach retirement. It involves a challenging task of fencing a new pasture. 

Back in my twenties, when energy was boundless and muscle memory hadn't started to falter, I undertook the project of creating a boundary for an expansive piece of land that we had recently acquired. The field was a blank canvas, full of potential and ripe for cultivation, but it needed a barrier to keep our livestock safe and contained. 

Armed with a tape measure, a pair of worn-out boots, and a steadfast determination, I set out to mark the perimeter of the pasture. With each step, I could feel the anticipation building - the joy of taking on a new challenge and the excitement of watching the land transform before my eyes. 

The days were long, with the sun rising and setting as I hammered in post after post, wire after wire. There was a sense of satisfaction that came from each completed section, but there was always more to do. It was during these times that I truly felt connected to the land and to my future as a farmer. 

As I look back on those days now, I am filled with a deep sense of gratitude for the experiences they provided and for the lessons they taught me. The task of fencing that pasture was no easy feat, but it was one that shaped me into the farmer I am today. It taught me the importance of patience, persistence, and hard work - values that remain essential in my farming endeavors even as I prepare to hang up my boots for the last time. 

I hope this story inspires you all to embrace the challenges that come your way and to find joy in the journey of farming. May your fields be fertile, your livestock healthy, and your days filled with the simple pleasures of rural life. Until next time!",354,12.95,1,4,22,3,29,18,0,49,1,24,0
s41|r4|cooking|mistral:7b,r4|cooking|mistral:7b,41,cooking,r/cooking,5,mistral:7b,60,venting about something frustrating,cast iron care,a 35-year-old single dad,Frustration with cast iron maintenance as a single dad,"Hey all, I've recently taken up cooking as a way to bond with my little one and have fallen in love with using cast iron. The flavor and durability are unmatched, but man, the care can be overwhelming at times. As a single dad juggling work, kid duties, and trying to keep things clean, it feels like another chore added to an already long list. Anyone else feel my pain? I'd love some advice on streamlining the maintenance process while still preserving these beautiful pans.",85,3.77,1,0,49,5,27,18,0,50,0,1,0
s41|r4|tech|mistral:7b,r4|tech|mistral:7b,41,tech,r/technology,5,mistral:7b,75,sharing a personal story or experience,a smart home setup that failed,a 33-year-old software tester,Learning the Hard Way: A Cautionary Tale About My Failed Smart Home Setup,"Hey folks! I thought I'd share a personal story about my foray into smart home technology. Recently, I decided to upgrade my humble abode with a slew of smart devices - from lights and thermostats to security cameras and door locks. The idea was to automate and streamline various aspects of my life, making it more convenient and efficient. However, as they say, the road to hell is paved with good intentions! Here's what happened: 

First off, let me tell you that integrating these devices was no walk in the park. Each brand had its own unique setup process and required a separate app on my phone. The apps were clunky, often crashed, and didn't always play nicely together. Trying to create routines or scenes across different brands turned into a frustrating game of connect-the-dots. 

To make matters worse, the smart devices frequently lost connection with each other and my phone. This would happen at the most inconvenient times - like when I was away from home and needed to check on my security cameras or unlock the door for a delivery. The result? A lot of unnecessary stress and wasted time! 

Finally, the privacy concerns started piling up. It turned out that some of these devices were constantly sending data back to their manufacturers - data that I wasn't comfortable sharing. I felt like my home had become a testing ground for new features and algorithms. 

In the end, I decided to ditch most of the smart devices and stick with just a few basic ones. Lesson learned: while smart home technology sounds great in theory, the reality can be far from ideal. My advice? Do your homework before investing in these gadgets, and don't be afraid to return or replace them if they don't meet your expectations.",299,11.4,1,7,43,8,30,12,0,50,0,0,0
